transaction_id,store_id,store_format,checkout_id,transaction_hour,day_of_week,is_weekend,customer_type,payment_method,has_loyalty_id,nb_items,nb_scans_retries,nb_help_requests,transaction_duration_sec,abandon_risk,customer_type_encoded,payment_method_encoded,store_format_encoded,checkout_tx_count,store_tx_count,friction_score_raw,pred_transaction_duration_sec,pred_abandon_proba,pred_abandon_flag,congestion_score,congestion_score_norm,congestion_level,recommendation
TX_000001,STORE_01,city,CHK_031,17,3,0,new,card,1,2,1,0,43,0,1,0,0,194,987,2,47.9,0.2,0,29.15,9.47,low,OK
TX_000002,STORE_07,hyper,CHK_017,19,3,0,regular,card,1,14,2,2,211,1,0,0,3,202,1063,12,214.3,97.81,1,139.55,70.58,high,OPEN_SUPPORT
TX_000003,STORE_05,retail_park,CHK_007,18,4,0,new,gift_card,1,5,1,0,96,0,1,2,2,217,993,2,90.2,0.08,0,52.1,22.17,low,OK
TX_000004,STORE_08,hyper,CHK_018,10,5,1,new,card,0,13,0,0,115,0,1,0,3,200,982,1,130.0,43.13,0,72.8,33.63,low,OK
TX_000005,STORE_04,mall,CHK_032,19,5,1,new,mobile,1,6,0,0,86,0,1,1,1,205,987,0,86.7,0.0,0,46.95,19.32,low,OK
TX_000006,STORE_06,retail_park,CHK_004,18,4,0,regular,card,1,7,0,0,75,0,0,0,2,219,1000,0,79.4,0.39,0,43.900000000000006,17.63,low,OK
TX_000007,STORE_06,retail_park,CHK_033,8,5,1,regular,card,0,9,1,1,126,0,0,0,2,192,1000,7,131.6,21.82,0,83.2,39.39,medium,WATCH
TX_000008,STORE_03,mall,CHK_028,14,5,1,regular,card,0,11,0,0,100,0,0,0,1,218,994,1,110.6,1.22,0,61.9,27.59,low,OK
TX_000009,STORE_02,city,CHK_014,9,2,0,professional,card,1,13,2,0,126,0,2,0,0,213,994,4,125.4,6.58,0,78.5,36.78,medium,WATCH
TX_000010,STORE_06,retail_park,CHK_009,18,2,0,regular,card,0,9,1,0,99,0,0,0,2,211,1000,3,108.7,0.18,0,63.75,28.62,low,OK
TX_000011,STORE_07,hyper,CHK_017,19,0,0,regular,card,1,15,0,1,171,1,0,0,3,202,1063,4,177.1,90.78,1,105.55,51.76,medium,OPEN_SUPPORT
TX_000012,STORE_05,retail_park,CHK_007,21,2,0,new,card,1,20,2,0,196,0,1,0,2,217,993,4,206.2,7.63,0,123.1,61.47,high,MONITOR_QUEUE
TX_000013,STORE_04,mall,CHK_012,8,2,0,new,card,0,2,1,0,43,0,1,0,1,201,987,3,44.8,2.29,0,27.599999999999998,8.61,low,OK
TX_000014,STORE_07,hyper,CHK_025,20,6,1,regular,card,1,6,1,1,124,0,0,0,3,213,1063,6,123.0,13.74,0,77.1,36.01,medium,WATCH
TX_000015,STORE_02,city,CHK_007,15,0,0,regular,gift_card,0,14,2,0,130,0,0,2,0,217,994,5,140.7,10.38,0,86.75,41.35,medium,WATCH
TX_000016,STORE_08,hyper,CHK_030,18,2,0,professional,card,1,17,0,0,166,0,2,0,3,197,982,0,175.0,1.49,0,97.7,47.41,medium,WATCH
TX_000017,STORE_03,mall,CHK_013,21,5,1,professional,card,1,10,0,0,96,0,2,0,1,192,994,0,97.0,0.55,0,54.5,23.5,low,OK
TX_000018,STORE_08,hyper,CHK_028,18,4,0,regular,mobile,0,7,0,1,132,0,0,1,3,218,982,5,129.0,14.27,0,76.7,35.79,medium,WATCH
TX_000019,STORE_02,city,CHK_013,21,3,0,professional,card,0,9,0,0,99,0,2,0,0,192,994,1,103.4,2.96,0,57.1,24.94,low,OK
TX_000020,STORE_02,city,CHK_038,18,5,1,regular,mobile,1,13,1,0,141,0,0,1,0,194,994,2,137.7,0.36,0,80.64999999999999,37.97,medium,WATCH
TX_000021,STORE_07,hyper,CHK_012,13,0,0,regular,card,0,5,0,0,57,0,0,0,3,201,1063,1,57.6,0.26,0,31.8,10.93,low,OK
TX_000022,STORE_08,hyper,CHK_003,14,4,0,regular,mobile,1,12,0,0,91,0,0,1,3,195,982,0,107.3,0.15,0,60.849999999999994,27.01,low,OK
TX_000023,STORE_08,hyper,CHK_029,8,1,0,regular,card,0,10,0,0,79,0,0,0,3,211,982,1,92.5,0.15,0,52.25,22.25,low,OK
TX_000024,STORE_04,mall,CHK_008,20,1,0,regular,card,1,5,0,0,56,0,0,0,1,173,987,0,71.4,0.03,0,38.7,14.75,low,OK
TX_000025,STORE_04,mall,CHK_037,17,0,0,new,mobile,0,7,2,0,104,0,1,1,1,194,987,5,106.8,4.1,0,65.6,29.64,low,OK
TX_000026,STORE_07,hyper,CHK_019,18,2,0,regular,card,1,2,0,0,37,0,0,0,3,187,1063,0,35.9,0.01,0,19.15,3.93,low,OK
TX_000027,STORE_04,mall,CHK_008,17,1,0,professional,mobile,1,13,2,1,172,1,2,1,1,173,987,8,189.5,86.71,1,118.55,58.95,high,OPEN_SUPPORT
TX_000028,STORE_03,mall,CHK_002,10,4,0,new,card,0,12,1,1,198,1,1,0,1,161,994,7,186.3,93.52,1,112.35000000000001,55.52,high,OPEN_SUPPORT
TX_000029,STORE_06,retail_park,CHK_018,18,6,1,professional,card,0,6,1,0,95,0,2,0,2,200,1000,3,93.6,2.29,0,54.4,23.44,low,OK
TX_000030,STORE_07,hyper,CHK_030,18,6,1,regular,card,0,15,0,0,185,0,0,0,3,197,1063,1,168.4,4.82,0,93.2,44.92,medium,WATCH
TX_000031,STORE_02,city,CHK_027,18,2,0,new,mobile,1,4,0,0,62,0,1,1,0,200,994,0,61.1,0.2,0,32.95,11.57,low,OK
TX_000032,STORE_03,mall,CHK_006,18,1,0,professional,mobile,1,9,3,1,171,1,2,1,1,223,994,10,160.6,81.36,1,105.7,51.84,medium,OPEN_SUPPORT
TX_000033,STORE_05,retail_park,CHK_022,8,0,0,new,card,1,5,0,1,129,0,1,0,2,223,993,4,117.5,5.18,0,69.75,31.94,low,OK
TX_000034,STORE_04,mall,CHK_028,11,5,1,regular,gift_card,0,9,0,1,136,0,0,2,1,218,987,5,138.1,19.7,0,82.45,38.97,medium,WATCH
TX_000035,STORE_07,hyper,CHK_033,10,0,0,new,card,1,16,2,1,245,1,1,0,3,192,1063,8,230.2,93.27,1,140.7,71.22,high,OPEN_SUPPORT
TX_000036,STORE_07,hyper,CHK_028,19,5,1,regular,card,1,11,2,0,137,0,0,0,3,218,1063,4,132.8,1.0,0,81.0,38.17,medium,WATCH
TX_000037,STORE_06,retail_park,CHK_021,21,5,1,regular,card,1,8,1,0,77,0,0,0,2,203,1000,2,79.2,0.4,0,48.4,20.12,low,OK
TX_000038,STORE_05,retail_park,CHK_022,18,1,0,regular,card,0,7,1,0,98,0,0,0,2,223,993,3,90.1,0.03,0,53.25,22.81,low,OK
TX_000039,STORE_06,retail_park,CHK_028,13,6,1,regular,card,1,13,0,0,121,0,0,0,2,218,1000,0,123.9,0.31,0,69.75,31.94,low,OK
TX_000040,STORE_04,mall,CHK_034,11,6,1,regular,card,1,16,0,0,138,0,0,0,1,189,987,0,137.6,0.79,0,78.39999999999999,36.73,medium,WATCH
TX_000041,STORE_05,retail_park,CHK_024,17,4,0,new,card,1,9,0,0,111,0,1,0,2,217,993,0,102.0,0.2,0,56.4,24.55,low,OK
TX_000042,STORE_03,mall,CHK_035,15,5,1,new,card,0,11,1,0,120,0,1,0,1,218,994,3,128.6,33.62,0,74.89999999999999,34.79,low,OK
TX_000043,STORE_05,retail_park,CHK_003,18,6,1,new,mobile,1,12,1,0,168,0,1,1,2,195,993,2,154.8,2.75,0,88.60000000000001,42.37,medium,WATCH
TX_000044,STORE_01,city,CHK_017,12,5,1,new,card,0,7,0,0,111,0,1,0,0,202,987,1,99.6,3.61,0,54.0,23.22,low,OK
TX_000045,STORE_08,hyper,CHK_040,21,3,0,new,gift_card,1,18,0,0,164,0,1,2,3,193,982,0,178.8,1.26,0,100.2,48.8,medium,WATCH
TX_000046,STORE_04,mall,CHK_013,10,1,0,regular,card,1,6,1,0,66,0,0,0,1,192,987,2,68.4,0.0,0,41.800000000000004,16.47,low,OK
TX_000047,STORE_08,hyper,CHK_023,17,2,0,new,card,1,14,0,1,194,1,1,0,3,188,982,4,201.7,95.04,1,117.25,58.23,high,OPEN_SUPPORT
TX_000048,STORE_04,mall,CHK_037,12,4,0,new,card,1,6,0,0,73,0,1,0,1,194,987,0,75.7,0.2,0,41.45,16.27,low,OK
TX_000049,STORE_01,city,CHK_014,12,1,0,regular,mobile,1,9,0,0,103,0,0,1,0,213,987,0,89.4,0.01,0,50.1,21.06,low,OK
TX_000050,STORE_05,retail_park,CHK_033,16,6,1,new,mobile,0,4,2,0,69,0,1,1,2,192,993,5,69.7,9.77,0,45.25,18.38,low,OK
TX_000051,STORE_04,mall,CHK_017,21,0,0,regular,card,0,7,0,0,84,0,0,0,1,202,987,1,71.7,0.21,0,40.050000000000004,15.5,low,OK
TX_000052,STORE_08,hyper,CHK_035,14,2,0,regular,mobile,1,10,3,0,114,0,0,1,3,218,982,6,108.4,4.28,0,72.2,33.3,low,OK
TX_000053,STORE_07,hyper,CHK_029,17,5,1,new,card,0,13,2,0,150,0,1,0,3,211,1063,5,152.5,66.38,1,92.05,44.28,medium,MONITOR_QUEUE
TX_000054,STORE_02,city,CHK_028,20,4,0,regular,mobile,1,18,0,0,198,0,0,1,0,218,994,0,185.5,0.35,0,103.55,50.65,medium,WATCH
TX_000055,STORE_07,hyper,CHK_008,17,0,0,regular,card,0,20,0,0,187,0,0,0,3,173,1063,1,183.6,1.31,0,103.8,50.79,medium,WATCH
TX_000056,STORE_03,mall,CHK_030,16,0,0,professional,card,1,15,0,0,143,0,2,0,1,197,994,0,144.9,1.35,0,81.45,38.42,medium,WATCH
TX_000057,STORE_04,mall,CHK_036,12,3,0,professional,mobile,1,7,1,0,94,0,2,1,1,205,987,2,86.6,0.05,0,51.5,21.84,low,OK
TX_000058,STORE_04,mall,CHK_009,16,4,0,regular,card,1,10,1,0,93,0,0,0,1,211,987,2,90.4,0.37,0,55.2,23.89,low,OK
TX_000059,STORE_06,retail_park,CHK_035,14,6,1,new,mobile,0,7,0,0,109,0,1,1,2,218,1000,1,93.8,3.03,0,51.1,21.62,low,OK
TX_000060,STORE_08,hyper,CHK_032,15,6,1,regular,gift_card,1,7,0,0,68,0,0,2,3,205,982,0,68.2,0.0,0,38.300000000000004,14.53,low,OK
TX_000061,STORE_01,city,CHK_003,19,0,0,regular,card,0,4,0,0,67,0,0,0,0,195,987,1,60.2,0.41,0,32.5,11.32,low,OK
TX_000062,STORE_03,mall,CHK_007,8,0,0,regular,card,1,7,1,0,75,0,0,0,1,217,994,2,74.3,0.0,0,45.35,18.43,low,OK
TX_000063,STORE_05,retail_park,CHK_014,11,5,1,professional,card,1,10,0,0,79,0,2,0,2,213,993,0,91.8,0.14,0,51.9,22.06,low,OK
TX_000064,STORE_03,mall,CHK_038,10,5,1,regular,card,1,13,2,1,185,1,0,0,1,194,994,8,180.8,92.21,1,114.2,56.55,high,OPEN_SUPPORT
TX_000065,STORE_01,city,CHK_012,11,1,0,regular,card,0,12,1,1,147,0,0,0,0,201,987,7,150.4,52.01,1,94.4,45.59,medium,MONITOR_QUEUE
TX_000066,STORE_07,hyper,CHK_004,20,0,0,regular,card,1,7,1,1,123,0,0,0,3,219,1063,6,132.3,16.36,0,82.35000000000001,38.92,medium,WATCH
TX_000067,STORE_06,retail_park,CHK_003,10,5,1,professional,card,1,16,1,2,193,1,2,0,2,195,1000,10,213.8,96.26,1,136.5,68.89,high,OPEN_SUPPORT
TX_000068,STORE_05,retail_park,CHK_018,16,0,0,new,mobile,1,12,0,1,156,0,1,1,2,200,993,4,161.0,58.99,1,95.7,46.31,medium,MONITOR_QUEUE
TX_000069,STORE_03,mall,CHK_031,17,3,0,regular,mobile,0,7,1,1,111,0,0,1,1,194,994,7,116.6,19.27,0,74.5,34.57,low,OK
TX_000070,STORE_06,retail_park,CHK_027,13,1,0,regular,gift_card,1,14,2,0,154,0,0,2,2,200,1000,4,127.0,3.29,0,79.9,37.56,medium,WATCH
TX_000071,STORE_06,retail_park,CHK_017,15,0,0,new,mobile,0,4,3,0,84,1,1,1,2,202,1000,7,79.1,75.22,1,53.949999999999996,23.19,low,OPEN_SUPPORT
TX_000072,STORE_06,retail_park,CHK_040,13,5,1,new,card,1,21,1,0,208,0,1,0,2,193,1000,2,211.4,5.45,0,122.3,61.03,high,MONITOR_QUEUE
TX_000073,STORE_06,retail_park,CHK_014,13,2,0,regular,card,0,1,1,0,35,0,0,0,2,213,1000,3,34.5,0.09,0,21.85,5.42,low,OK
TX_000074,STORE_04,mall,CHK_020,10,6,1,regular,card,1,10,2,0,90,0,0,0,1,175,987,4,99.7,2.75,0,63.85,28.67,low,OK
TX_000075,STORE_02,city,CHK_013,18,2,0,professional,gift_card,0,3,0,0,55,0,2,2,0,192,994,1,56.3,1.07,0,29.95,9.91,low,OK
TX_000076,STORE_07,hyper,CHK_034,18,4,0,regular,card,1,8,1,0,105,0,0,0,3,189,1063,2,99.1,0.21,0,58.349999999999994,25.63,low,OK
TX_000077,STORE_07,hyper,CHK_002,18,0,0,professional,card,0,4,0,1,103,0,2,0,3,161,1063,5,102.7,14.39,0,61.75,27.51,low,OK
TX_000078,STORE_08,hyper,CHK_029,9,5,1,new,card,1,16,0,2,242,1,1,0,3,211,982,8,244.4,91.92,1,147.79999999999998,75.15,critical,OPEN_SUPPORT
TX_000079,STORE_02,city,CHK_016,15,5,1,regular,card,0,13,1,0,102,0,0,0,0,195,994,3,119.8,3.96,0,71.7,33.02,low,OK
TX_000080,STORE_04,mall,CHK_005,10,6,1,regular,card,1,10,1,2,167,1,0,0,1,205,987,10,182.3,85.2,1,117.15,58.18,high,OPEN_SUPPORT
TX_000081,STORE_06,retail_park,CHK_014,15,0,0,regular,mobile,0,8,1,1,120,0,0,1,2,213,1000,7,127.6,21.96,0,80.6,37.95,medium,WATCH
TX_000082,STORE_03,mall,CHK_012,20,0,0,regular,card,1,8,0,1,138,0,0,0,1,201,994,4,134.9,9.86,0,80.25,37.75,medium,WATCH
TX_000083,STORE_06,retail_park,CHK_024,9,3,0,professional,card,1,11,1,0,131,0,2,0,2,217,1000,2,118.4,0.32,0,69.8,31.97,low,OK
TX_000084,STORE_04,mall,CHK_022,18,4,0,regular,mobile,1,14,0,0,159,0,0,1,1,223,987,0,148.9,0.0,0,82.85000000000001,39.19,medium,WATCH
TX_000085,STORE_03,mall,CHK_017,10,4,0,regular,card,1,9,0,0,66,0,0,0,1,202,994,0,81.8,0.2,0,46.3,18.96,low,OK
TX_000086,STORE_08,hyper,CHK_014,19,1,0,new,mobile,1,5,0,0,83,0,1,1,3,213,982,0,79.2,0.79,0,42.6,16.91,low,OK
TX_000087,STORE_02,city,CHK_030,10,6,1,new,gift_card,0,8,1,1,134,1,1,2,0,197,994,7,136.3,90.57,1,84.95,40.35,medium,OPEN_SUPPORT
TX_000088,STORE_06,retail_park,CHK_036,21,4,0,regular,mobile,0,5,1,0,66,0,0,1,2,205,1000,3,67.0,0.18,0,40.5,15.75,low,OK
TX_000089,STORE_08,hyper,CHK_037,12,5,1,professional,card,0,10,1,0,129,0,2,0,3,194,982,3,115.9,2.6,0,67.95,30.94,low,OK
TX_000090,STORE_04,mall,CHK_015,13,2,0,new,mobile,1,8,0,1,135,0,1,1,1,207,987,4,135.9,7.16,0,80.75,38.03,medium,WATCH
TX_000091,STORE_02,city,CHK_005,13,3,0,regular,card,1,19,2,0,216,0,0,0,0,205,994,4,193.4,2.6,0,116.10000000000001,57.6,high,MONITOR_QUEUE
TX_000092,STORE_02,city,CHK_027,14,0,0,new,card,1,6,1,2,199,1,1,0,0,200,994,10,187.8,75.94,1,117.5,58.37,high,OPEN_SUPPORT
TX_000093,STORE_05,retail_park,CHK_013,12,2,0,regular,card,0,4,3,0,77,0,0,0,2,192,993,7,72.7,3.36,0,50.75,21.42,low,OK
TX_000094,STORE_04,mall,CHK_009,20,1,0,new,card,1,10,0,0,145,0,1,0,1,211,987,0,130.6,0.84,0,71.3,32.8,low,OK
TX_000095,STORE_02,city,CHK_004,8,2,0,new,card,1,1,1,1,83,0,1,0,0,219,994,6,79.6,13.41,0,52.4,22.34,low,OK
TX_000096,STORE_03,mall,CHK_031,10,3,0,new,card,1,1,0,0,27,0,1,0,1,194,994,0,27.9,0.14,0,14.549999999999999,1.38,low,OK
TX_000097,STORE_02,city,CHK_008,8,5,1,regular,gift_card,1,6,0,2,134,0,0,2,0,173,994,8,147.6,31.73,0,93.39999999999999,45.03,medium,WATCH
TX_000098,STORE_04,mall,CHK_038,12,1,0,regular,card,0,16,0,0,147,0,0,0,1,194,987,1,146.8,4.15,0,83.0,39.27,medium,WATCH
TX_000099,STORE_06,retail_park,CHK_012,13,1,0,new,card,1,10,1,0,105,0,1,0,2,201,1000,2,121.0,0.32,0,70.5,32.36,low,OK
TX_000100,STORE_07,hyper,CHK_001,10,4,0,regular,card,0,19,1,0,149,0,0,0,3,209,1063,3,158.8,6.6,0,94.80000000000001,45.81,medium,WATCH
TX_000101,STORE_03,mall,CHK_028,8,1,0,regular,card,1,10,0,1,110,0,0,0,1,218,994,4,137.8,43.03,0,82.9,39.22,medium,WATCH
TX_000102,STORE_03,mall,CHK_011,21,4,0,regular,mobile,0,1,0,0,25,0,0,1,1,179,994,1,26.6,0.18,0,13.9,1.02,low,OK
TX_000103,STORE_08,hyper,CHK_031,9,5,1,regular,gift_card,1,12,2,0,127,0,0,2,3,194,982,4,121.4,1.59,0,75.9,35.34,medium,WATCH
TX_000104,STORE_03,mall,CHK_012,21,6,1,regular,card,1,11,0,0,89,0,0,0,1,201,994,0,94.1,0.31,0,53.65,23.03,low,OK
TX_000105,STORE_04,mall,CHK_027,13,3,0,regular,mobile,0,8,0,0,92,0,0,1,1,200,987,1,87.2,0.46,0,48.4,20.12,low,OK
TX_000106,STORE_04,mall,CHK_015,15,2,0,regular,card,1,7,1,0,67,0,0,0,1,207,987,2,73.9,0.01,0,45.150000000000006,18.32,low,OK
TX_000107,STORE_03,mall,CHK_022,19,6,1,regular,card,1,14,0,1,181,1,0,0,1,223,994,4,195.6,84.52,1,114.2,56.55,high,OPEN_SUPPORT
TX_000108,STORE_08,hyper,CHK_037,15,0,0,new,mobile,1,13,0,1,165,1,1,1,3,194,982,4,185.9,79.47,1,108.75,53.53,medium,OPEN_SUPPORT
TX_000109,STORE_01,city,CHK_011,17,1,0,new,card,1,12,1,0,111,0,1,0,0,179,987,2,125.3,2.11,0,73.85000000000001,34.21,low,OK
TX_000110,STORE_08,hyper,CHK_016,19,3,0,regular,gift_card,0,15,0,0,208,0,0,2,3,195,982,1,190.1,4.62,0,104.05,50.93,medium,WATCH
TX_000111,STORE_01,city,CHK_012,17,2,0,new,card,1,3,0,0,40,0,1,0,0,201,987,0,48.7,0.16,0,26.150000000000002,7.81,low,OK
TX_000112,STORE_06,retail_park,CHK_024,14,6,1,regular,card,1,1,0,1,84,0,0,0,2,217,1000,4,78.7,7.05,0,47.95,19.87,low,OK
TX_000113,STORE_05,retail_park,CHK_024,17,6,1,regular,card,1,10,3,0,88,0,0,0,2,217,993,6,95.7,4.18,0,65.85,29.78,low,OK
TX_000114,STORE_07,hyper,CHK_013,21,5,1,regular,card,0,14,2,0,161,0,0,0,3,192,1063,5,154.0,7.92,0,93.4,45.03,medium,WATCH
TX_000115,STORE_03,mall,CHK_013,19,1,0,regular,gift_card,1,13,5,1,264,1,0,2,1,192,994,14,233.9,95.07,1,152.75,77.89,critical,OPEN_SUPPORT
TX_000116,STORE_04,mall,CHK_029,18,3,0,regular,card,1,9,0,0,116,0,0,0,1,211,987,0,107.9,0.01,0,59.35,26.18,low,OK
TX_000117,STORE_07,hyper,CHK_025,9,0,0,regular,card,0,13,2,0,114,0,0,0,3,213,1063,5,117.9,4.67,0,74.75,34.71,low,OK
TX_000118,STORE_05,retail_park,CHK_006,15,2,0,regular,card,1,7,3,0,91,0,0,0,2,223,993,6,89.6,0.86,0,61.0,27.1,low,OK
TX_000119,STORE_08,hyper,CHK_034,13,2,0,regular,card,1,13,1,0,153,0,0,0,3,189,982,2,124.1,0.76,0,73.85,34.21,low,OK
TX_000120,STORE_07,hyper,CHK_008,19,0,0,regular,card,1,9,1,0,95,0,0,0,3,173,1063,2,101.5,0.41,0,60.15,26.63,low,OK
TX_000121,STORE_08,hyper,CHK_029,16,4,0,professional,card,0,7,0,1,123,0,2,0,3,211,982,5,128.9,33.45,0,76.65,35.76,medium,WATCH
TX_000122,STORE_02,city,CHK_035,18,4,0,regular,card,0,5,0,1,105,0,0,0,0,218,994,5,101.8,9.95,0,61.9,27.59,low,OK
TX_000123,STORE_03,mall,CHK_024,18,2,0,regular,card,0,8,0,0,89,0,0,0,1,217,994,1,93.0,0.25,0,51.3,21.73,low,OK
TX_000124,STORE_02,city,CHK_016,12,2,0,new,mobile,0,4,0,0,60,0,1,1,0,195,994,1,65.0,3.28,0,34.9,12.65,low,OK
TX_000125,STORE_04,mall,CHK_006,17,3,0,new,card,1,10,2,1,146,0,1,0,1,223,987,8,158.5,64.27,1,101.25,49.38,medium,MONITOR_QUEUE
TX_000126,STORE_03,mall,CHK_016,18,1,0,new,card,1,9,0,0,132,0,1,0,1,195,994,0,119.7,0.93,0,65.25,29.45,low,OK
TX_000127,STORE_01,city,CHK_038,13,3,0,regular,mobile,0,1,2,0,36,0,0,1,0,194,987,5,36.9,0.15,0,27.05,8.3,low,OK
TX_000128,STORE_08,hyper,CHK_020,13,3,0,regular,mobile,1,8,5,0,118,0,0,1,3,175,982,10,111.8,9.49,0,80.7,38.0,medium,WATCH
TX_000129,STORE_04,mall,CHK_014,21,3,0,regular,card,1,6,1,1,101,0,0,0,1,213,987,6,104.2,6.76,0,67.69999999999999,30.81,low,OK
TX_000130,STORE_08,hyper,CHK_011,20,6,1,regular,card,0,9,1,0,126,0,0,0,3,179,982,3,117.1,0.3,0,67.95,30.94,low,OK
TX_000131,STORE_03,mall,CHK_025,18,4,0,new,card,1,13,1,0,144,0,1,0,1,213,994,2,154.3,5.98,0,88.95,42.57,medium,WATCH
TX_000132,STORE_04,mall,CHK_006,13,2,0,regular,card,1,7,1,0,80,0,0,0,1,223,987,2,79.6,0.01,0,48.0,19.9,low,OK
TX_000133,STORE_06,retail_park,CHK_027,13,1,0,regular,card,0,13,1,0,157,0,0,0,2,200,1000,3,130.0,8.17,0,76.8,35.84,medium,WATCH
TX_000134,STORE_08,hyper,CHK_009,20,3,0,regular,card,1,13,1,0,119,0,0,0,3,211,982,2,133.7,0.78,0,78.64999999999999,36.87,medium,WATCH
TX_000135,STORE_01,city,CHK_007,19,4,0,new,card,0,13,0,0,186,1,1,0,0,217,987,1,177.5,67.57,1,96.55,46.78,medium,MONITOR_QUEUE
TX_000136,STORE_07,hyper,CHK_022,18,4,0,new,mobile,0,13,2,1,191,1,1,1,3,223,1063,9,197.0,97.52,1,122.3,61.03,high,OPEN_SUPPORT
TX_000137,STORE_03,mall,CHK_021,17,3,0,regular,card,0,6,0,0,57,0,0,0,1,203,994,1,63.1,0.14,0,35.15,12.79,low,OK
TX_000138,STORE_03,mall,CHK_032,14,6,1,new,mobile,0,4,1,1,121,1,1,1,1,205,994,7,112.0,96.08,1,70.4,32.3,low,OPEN_SUPPORT
TX_000139,STORE_05,retail_park,CHK_032,16,2,0,professional,mobile,1,8,0,0,64,0,2,1,2,205,993,0,76.4,0.0,0,43.0,17.13,low,OK
TX_000140,STORE_04,mall,CHK_009,20,4,0,regular,card,1,11,1,0,137,0,0,0,1,211,987,2,124.3,0.27,0,72.75,33.6,low,OK
TX_000141,STORE_05,retail_park,CHK_011,15,6,1,new,mobile,1,10,1,0,111,0,1,1,2,179,993,2,110.5,0.5,0,65.25,29.45,low,OK
TX_000142,STORE_01,city,CHK_026,13,5,1,regular,card,1,10,2,0,125,0,0,0,0,183,987,4,114.5,1.46,0,71.25,32.77,low,OK
TX_000143,STORE_02,city,CHK_028,20,5,1,regular,card,1,3,0,1,102,0,0,0,0,218,994,4,98.3,7.35,0,58.949999999999996,25.96,low,OK
TX_000144,STORE_01,city,CHK_031,8,4,0,new,card,1,3,0,0,42,0,1,0,0,194,987,0,44.9,0.09,0,24.25,6.75,low,OK
TX_000145,STORE_04,mall,CHK_017,10,5,1,new,card,0,5,0,0,72,0,1,0,1,202,987,1,71.0,2.88,0,38.5,14.64,low,OK
TX_000146,STORE_02,city,CHK_027,20,0,0,regular,card,0,15,1,0,186,0,0,0,0,200,994,3,172.8,4.55,0,99.4,48.35,medium,WATCH
TX_000147,STORE_05,retail_park,CHK_003,18,3,0,regular,card,1,5,1,1,113,0,0,0,2,195,993,6,111.5,8.74,0,70.75,32.49,low,OK
TX_000148,STORE_01,city,CHK_025,18,6,1,regular,card,0,14,1,1,219,1,0,0,0,213,987,7,201.8,86.73,1,121.30000000000001,60.48,high,OPEN_SUPPORT
TX_000149,STORE_01,city,CHK_024,10,2,0,regular,card,1,7,1,0,63,0,0,0,0,217,987,2,72.0,0.0,0,44.2,17.8,low,OK
TX_000150,STORE_04,mall,CHK_026,10,2,0,regular,card,0,1,2,2,102,0,0,0,1,183,987,13,119.8,33.31,0,84.5,40.11,medium,WATCH
TX_000151,STORE_06,retail_park,CHK_024,18,6,1,professional,card,0,1,1,0,42,0,2,0,2,217,1000,3,40.9,1.4,0,25.05,7.2,low,OK
TX_000152,STORE_02,city,CHK_040,14,6,1,professional,mobile,1,3,1,0,49,0,2,1,0,193,994,2,50.3,0.1,0,30.95,10.46,low,OK
TX_000153,STORE_05,retail_park,CHK_017,12,3,0,regular,mobile,1,1,1,0,31,0,0,1,2,202,993,2,31.1,0.01,0,20.150000000000002,4.48,low,OK
TX_000154,STORE_02,city,CHK_036,11,4,0,regular,card,1,13,0,0,91,0,0,0,0,205,994,0,110.0,0.0,0,62.8,28.09,low,OK
TX_000155,STORE_04,mall,CHK_033,16,6,1,regular,card,0,7,0,0,74,0,0,0,1,192,987,1,75.3,0.11,0,41.85,16.5,low,OK
TX_000156,STORE_08,hyper,CHK_039,20,3,0,regular,card,1,5,0,0,68,0,0,0,3,195,982,0,70.5,0.12,0,38.25,14.5,low,OK
TX_000157,STORE_01,city,CHK_010,16,4,0,new,card,1,4,1,0,57,0,1,0,0,204,987,2,67.3,0.22,0,40.05,15.5,low,OK
TX_000158,STORE_01,city,CHK_008,9,5,1,professional,card,0,8,1,0,110,0,2,0,0,173,987,3,92.5,0.37,0,55.05,23.8,low,OK
TX_000159,STORE_08,hyper,CHK_008,15,5,1,new,card,0,7,1,0,101,0,1,0,3,173,982,3,105.0,4.26,0,60.7,26.93,low,OK
TX_000160,STORE_05,retail_park,CHK_019,18,3,0,regular,gift_card,0,12,0,0,166,0,0,2,2,187,993,1,152.6,2.23,0,83.5,39.55,medium,WATCH
TX_000161,STORE_01,city,CHK_009,21,6,1,regular,mobile,1,5,0,0,43,0,0,1,0,211,987,0,46.7,0.0,0,26.35,7.92,low,OK
TX_000162,STORE_08,hyper,CHK_027,17,6,1,regular,card,0,11,0,1,161,1,0,0,3,200,982,5,148.8,85.94,1,89.0,42.6,medium,OPEN_SUPPORT
TX_000163,STORE_03,mall,CHK_027,10,0,0,new,card,1,8,1,0,90,0,1,0,1,200,994,2,92.5,0.09,0,55.05,23.8,low,OK
TX_000164,STORE_05,retail_park,CHK_021,11,1,0,regular,card,1,12,0,0,98,0,0,0,2,203,993,0,105.7,0.06,0,60.05,26.57,low,OK
TX_000165,STORE_07,hyper,CHK_033,8,2,0,regular,card,1,13,0,0,89,0,0,0,3,192,1063,0,101.4,1.03,0,58.5,25.71,low,OK
TX_000166,STORE_03,mall,CHK_040,16,1,0,regular,mobile,0,6,1,0,64,0,0,1,1,193,994,3,69.6,0.14,0,42.4,16.8,low,OK
TX_000167,STORE_07,hyper,CHK_004,21,1,0,regular,mobile,1,4,2,0,58,0,0,1,3,219,1063,4,58.8,0.01,0,39.8,15.36,low,OK
TX_000168,STORE_01,city,CHK_004,15,2,0,professional,card,0,8,1,0,96,0,2,0,0,219,987,3,99.2,1.28,0,58.4,25.66,low,OK
TX_000169,STORE_05,retail_park,CHK_037,21,1,0,regular,card,1,11,1,0,94,0,0,0,2,194,993,2,105.8,0.27,0,63.5,28.48,low,OK
TX_000170,STORE_02,city,CHK_013,18,3,0,regular,mobile,0,10,1,0,108,0,0,1,0,192,994,3,115.7,0.82,0,67.85,30.89,low,OK
TX_000171,STORE_06,retail_park,CHK_030,12,0,0,new,mobile,0,6,2,0,87,0,1,1,2,197,1000,5,90.0,5.4,0,56.6,24.66,low,OK
TX_000172,STORE_04,mall,CHK_025,12,0,0,professional,card,1,3,0,0,44,0,2,0,1,213,987,0,45.3,0.23,0,24.45,6.86,low,OK
TX_000173,STORE_08,hyper,CHK_016,13,2,0,regular,card,1,11,3,0,135,0,0,0,3,195,982,6,128.5,3.79,0,82.85,39.19,medium,WATCH
TX_000174,STORE_02,city,CHK_030,19,3,0,regular,mobile,0,11,1,1,153,0,0,1,0,197,994,7,168.7,64.64,1,102.94999999999999,50.32,medium,MONITOR_QUEUE
TX_000175,STORE_06,retail_park,CHK_031,18,5,1,regular,mobile,1,9,0,0,92,0,0,1,2,194,1000,0,98.5,0.58,0,54.65,23.58,low,OK
TX_000176,STORE_07,hyper,CHK_018,8,6,1,regular,mobile,1,14,0,0,104,0,0,1,3,200,1063,0,113.3,0.16,0,65.05,29.34,low,OK
TX_000177,STORE_05,retail_park,CHK_025,15,3,0,new,card,0,7,2,0,98,0,1,0,2,213,993,5,103.4,6.7,0,63.900000000000006,28.7,low,OK
TX_000178,STORE_04,mall,CHK_013,11,1,0,regular,card,0,6,2,0,66,0,0,0,1,192,987,5,74.5,0.3,0,48.85,20.37,low,OK
TX_000179,STORE_08,hyper,CHK_016,21,1,0,regular,card,0,15,0,0,131,0,0,0,3,195,982,1,129.7,3.46,0,73.85,34.21,low,OK
TX_000180,STORE_03,mall,CHK_035,11,3,0,professional,card,1,2,1,0,37,0,2,0,1,218,994,2,43.5,0.16,0,26.95,8.25,low,OK
TX_000181,STORE_05,retail_park,CHK_036,20,1,0,new,card,1,7,0,0,108,0,1,0,2,205,993,0,100.6,0.21,0,54.5,23.5,low,OK
TX_000182,STORE_04,mall,CHK_036,14,0,0,regular,card,1,11,0,0,96,0,0,0,1,205,987,0,101.7,0.11,0,57.45,25.13,low,OK
TX_000183,STORE_06,retail_park,CHK_011,12,4,0,regular,card,1,8,0,0,96,0,0,0,2,179,1000,0,88.9,0.06,0,49.25,20.59,low,OK
TX_000184,STORE_08,hyper,CHK_032,12,0,0,regular,card,0,15,1,0,182,0,0,0,3,205,982,3,166.1,4.77,0,96.05,46.5,medium,WATCH
TX_000185,STORE_01,city,CHK_024,16,6,1,new,mobile,0,8,1,1,123,1,1,1,0,217,987,7,133.9,92.93,1,83.75,39.69,medium,OPEN_SUPPORT
TX_000186,STORE_06,retail_park,CHK_029,12,1,0,regular,mobile,0,5,0,1,93,0,0,1,2,211,1000,5,100.8,13.54,0,61.4,27.32,low,OK
TX_000187,STORE_06,retail_park,CHK_002,9,5,1,regular,card,0,4,1,0,55,0,0,0,2,161,1000,3,55.6,0.0,0,34.2,12.26,low,OK
TX_000188,STORE_05,retail_park,CHK_018,12,4,0,new,gift_card,1,9,0,0,134,0,1,2,2,200,993,0,125.2,0.86,0,68.0,30.97,low,OK
TX_000189,STORE_07,hyper,CHK_020,16,6,1,regular,card,1,14,1,0,126,0,0,0,3,175,1063,2,132.6,0.0,0,78.7,36.89,medium,WATCH
TX_000190,STORE_03,mall,CHK_007,13,2,0,regular,card,0,11,0,0,99,0,0,0,1,217,994,1,111.0,1.55,0,62.1,27.71,low,OK
TX_000191,STORE_07,hyper,CHK_021,18,6,1,new,card,0,7,0,0,98,0,1,0,3,203,1063,1,96.8,4.36,0,52.6,22.45,low,OK
TX_000192,STORE_04,mall,CHK_022,18,2,0,new,card,1,14,0,1,241,1,1,0,1,223,987,4,222.1,94.54,1,127.45,63.88,high,OPEN_SUPPORT
TX_000193,STORE_08,hyper,CHK_028,18,1,0,regular,card,1,12,0,0,145,0,0,0,3,218,982,0,135.8,0.0,0,75.10000000000001,34.9,low,OK
TX_000194,STORE_03,mall,CHK_009,16,4,0,new,mobile,1,10,0,0,83,0,1,1,1,211,994,0,99.0,0.08,0,55.5,24.05,low,OK
TX_000195,STORE_02,city,CHK_014,18,0,0,regular,mobile,1,8,2,0,99,0,0,1,0,213,994,4,97.0,0.47,0,61.3,27.26,low,OK
TX_000196,STORE_02,city,CHK_032,17,5,1,new,mobile,1,8,0,1,124,0,1,1,0,205,994,4,128.5,8.5,0,77.05,35.98,medium,WATCH
TX_000197,STORE_03,mall,CHK_037,14,2,0,regular,card,1,12,0,0,135,0,0,0,1,194,994,0,115.8,0.46,0,65.1,29.37,low,OK
TX_000198,STORE_01,city,CHK_038,18,0,0,new,card,0,7,1,0,118,0,1,0,0,194,987,3,113.7,3.29,0,65.05,29.34,low,OK
TX_000199,STORE_02,city,CHK_027,13,3,0,new,gift_card,1,1,1,0,41,0,1,2,0,200,994,2,33.7,0.28,0,21.450000000000003,5.2,low,OK
TX_000200,STORE_05,retail_park,CHK_014,17,4,0,regular,mobile,0,11,1,0,110,0,0,1,2,213,993,3,115.7,1.4,0,68.45,31.22,low,OK
TX_000201,STORE_06,retail_park,CHK_014,9,2,0,regular,card,0,14,1,0,134,0,0,0,2,213,1000,3,129.7,5.84,0,77.25,36.09,medium,WATCH
TX_000202,STORE_05,retail_park,CHK_011,13,2,0,regular,card,1,6,1,0,71,0,0,0,2,179,993,2,72.0,0.01,0,43.6,17.46,low,OK
TX_000203,STORE_01,city,CHK_034,18,5,1,regular,card,0,9,0,2,187,1,0,0,0,189,987,9,183.6,87.08,1,113.2,55.99,high,OPEN_SUPPORT
TX_000204,STORE_06,retail_park,CHK_020,10,0,0,new,gift_card,0,6,0,2,165,1,1,2,2,175,1000,9,170.4,88.77,1,104.8,51.34,medium,OPEN_SUPPORT
TX_000205,STORE_07,hyper,CHK_005,11,0,0,regular,mobile,1,8,0,0,73,0,0,1,3,205,1063,0,74.0,0.0,0,41.8,16.47,low,OK
TX_000206,STORE_05,retail_park,CHK_012,20,3,0,professional,mobile,0,9,1,0,122,0,2,1,2,201,993,3,121.3,2.49,0,70.05000000000001,32.11,low,OK
TX_000207,STORE_02,city,CHK_007,18,1,0,regular,card,1,12,0,0,150,0,0,0,0,217,994,0,137.1,0.0,0,75.75,35.26,medium,WATCH
TX_000208,STORE_04,mall,CHK_007,16,2,0,regular,card,1,8,1,0,76,0,0,0,1,217,987,2,74.8,0.29,0,46.199999999999996,18.9,low,OK
TX_000209,STORE_07,hyper,CHK_002,19,4,0,new,card,1,14,0,0,141,0,1,0,3,161,1063,0,149.6,3.29,0,83.2,39.39,medium,WATCH
TX_000210,STORE_04,mall,CHK_027,15,4,0,new,card,0,8,1,1,120,1,1,0,1,200,987,7,130.4,94.5,1,82.0,38.72,medium,OPEN_SUPPORT
TX_000211,STORE_07,hyper,CHK_015,8,4,0,regular,card,1,13,2,0,102,0,0,0,3,207,1063,4,115.8,4.32,0,73.7,34.13,low,OK
TX_000212,STORE_03,mall,CHK_017,21,6,1,professional,card,0,12,1,0,136,0,2,0,1,202,994,3,138.9,15.56,0,80.65,37.97,medium,WATCH
TX_000213,STORE_01,city,CHK_015,12,6,1,new,card,0,7,0,1,170,1,1,0,0,207,987,5,150.3,92.25,1,87.35000000000001,41.68,medium,OPEN_SUPPORT
TX_000214,STORE_04,mall,CHK_015,11,4,0,regular,card,0,1,0,0,27,0,0,0,1,207,987,1,26.7,0.1,0,13.95,1.05,low,OK
TX_000215,STORE_08,hyper,CHK_022,16,4,0,regular,card,1,17,0,0,157,0,0,0,3,223,982,0,159.0,0.36,0,89.7,42.98,medium,WATCH
TX_000216,STORE_03,mall,CHK_012,19,6,1,new,mobile,0,5,1,1,141,1,1,1,1,201,994,7,129.3,92.99,1,79.65,37.42,medium,OPEN_SUPPORT
TX_000217,STORE_04,mall,CHK_023,15,0,0,regular,mobile,1,9,0,0,64,0,0,1,1,188,987,0,83.6,0.01,0,47.199999999999996,19.46,low,OK
TX_000218,STORE_06,retail_park,CHK_023,13,3,0,regular,card,1,1,1,0,33,0,0,0,2,188,1000,2,32.2,0.01,0,20.700000000000003,4.79,low,OK
TX_000219,STORE_06,retail_park,CHK_033,16,5,1,regular,card,1,14,0,0,136,0,0,0,2,192,1000,0,128.1,0.72,0,72.45,33.43,low,OK
TX_000220,STORE_04,mall,CHK_016,8,6,1,professional,mobile,1,13,0,0,115,0,2,1,1,195,987,0,116.5,0.05,0,66.05,29.89,low,OK
TX_000221,STORE_01,city,CHK_016,18,5,1,new,card,0,15,2,0,188,1,1,0,0,195,987,5,200.3,86.52,1,117.15,58.18,high,OPEN_SUPPORT
TX_000222,STORE_02,city,CHK_014,15,3,0,regular,card,1,9,0,0,88,0,0,0,0,213,994,0,85.4,0.01,0,48.1,19.96,low,OK
TX_000223,STORE_03,mall,CHK_006,10,2,0,new,card,1,11,0,0,115,0,1,0,1,223,994,0,114.9,0.86,0,64.05,28.78,low,OK
TX_000224,STORE_03,mall,CHK_029,9,4,0,regular,mobile,1,8,0,1,100,0,0,1,1,211,994,4,109.0,3.92,0,67.3,30.58,low,OK
TX_000225,STORE_08,hyper,CHK_010,8,5,1,new,card,0,11,2,0,130,0,1,0,3,204,982,5,131.6,20.73,0,80.39999999999999,37.84,medium,WATCH
TX_000226,STORE_07,hyper,CHK_002,9,4,0,regular,card,0,5,0,1,105,0,0,0,3,161,1063,5,103.5,7.27,0,62.75,28.07,low,OK
TX_000227,STORE_06,retail_park,CHK_026,15,3,0,regular,card,1,4,1,0,52,0,0,0,2,183,1000,2,55.4,0.01,0,34.1,12.21,low,OK
TX_000228,STORE_05,retail_park,CHK_038,14,2,0,new,card,0,3,2,0,77,0,1,0,2,194,993,5,73.2,6.41,0,46.4,19.01,low,OK
TX_000229,STORE_01,city,CHK_020,16,0,0,regular,card,1,12,0,0,109,0,0,0,0,175,987,0,101.7,0.0,0,58.05,25.46,low,OK
TX_000230,STORE_06,retail_park,CHK_017,8,3,0,regular,card,0,4,1,0,59,0,0,0,2,202,1000,3,55.3,0.73,0,34.05,12.18,low,OK
TX_000231,STORE_01,city,CHK_038,18,0,0,regular,mobile,0,16,1,1,207,1,0,1,0,194,987,7,206.0,74.96,1,124.6,62.3,high,OPEN_SUPPORT
TX_000232,STORE_05,retail_park,CHK_015,16,0,0,new,card,1,15,0,0,163,0,1,0,2,207,993,0,145.5,3.47,0,81.75,38.58,medium,WATCH
TX_000233,STORE_06,retail_park,CHK_016,16,2,0,regular,mobile,1,8,2,0,82,0,0,1,2,195,1000,4,86.8,0.01,0,56.199999999999996,24.44,low,OK
TX_000234,STORE_02,city,CHK_013,15,0,0,regular,card,1,5,0,0,48,0,0,0,0,192,994,0,53.5,0.01,0,29.75,9.8,low,OK
TX_000235,STORE_08,hyper,CHK_037,9,6,1,regular,card,1,10,0,0,89,0,0,0,3,194,982,0,86.7,0.05,0,49.35,20.65,low,OK
TX_000236,STORE_03,mall,CHK_009,13,0,0,professional,card,1,8,2,1,145,0,2,0,1,211,994,8,144.7,36.03,0,93.14999999999999,44.89,medium,WATCH
TX_000237,STORE_05,retail_park,CHK_017,9,2,0,professional,card,0,9,2,1,141,0,2,0,2,202,993,9,143.7,50.54,1,93.25,44.95,medium,MONITOR_QUEUE
TX_000238,STORE_02,city,CHK_027,9,3,0,regular,card,0,9,1,0,97,0,0,0,0,200,994,3,92.4,0.07,0,55.6,24.11,low,OK
TX_000239,STORE_06,retail_park,CHK_011,17,2,0,regular,card,0,11,2,0,103,0,0,0,2,179,1000,5,112.8,4.96,0,71.0,32.63,low,OK
TX_000240,STORE_05,retail_park,CHK_027,8,1,0,regular,mobile,1,10,0,0,94,0,0,1,2,200,993,0,86.4,0.0,0,49.2,20.56,low,OK
TX_000241,STORE_08,hyper,CHK_038,10,0,0,regular,mobile,1,9,0,0,84,0,0,1,3,194,982,0,82.4,0.1,0,46.6,19.13,low,OK
TX_000242,STORE_06,retail_park,CHK_039,20,0,0,regular,card,1,12,0,0,134,0,0,0,2,195,1000,0,128.9,0.44,0,71.65,32.99,low,OK
TX_000243,STORE_03,mall,CHK_006,11,6,1,regular,mobile,0,7,2,0,67,0,0,1,1,223,994,5,76.7,0.33,0,50.550000000000004,21.31,low,OK
TX_000244,STORE_06,retail_park,CHK_010,14,0,0,regular,card,0,6,1,0,84,0,0,0,2,204,1000,3,76.2,0.08,0,45.7,18.63,low,OK
TX_000245,STORE_02,city,CHK_009,19,6,1,regular,mobile,0,1,0,0,28,0,0,1,0,211,994,1,27.3,0.0,0,14.25,1.22,low,OK
TX_000246,STORE_06,retail_park,CHK_031,18,1,0,new,mobile,0,10,2,0,158,0,1,1,2,194,1000,5,138.3,29.46,0,83.15,39.36,medium,WATCH
TX_000247,STORE_03,mall,CHK_024,14,0,0,regular,card,1,16,1,1,217,1,0,0,1,217,994,6,204.3,90.89,1,123.75,61.83,high,OPEN_SUPPORT
TX_000248,STORE_05,retail_park,CHK_006,17,5,1,regular,card,0,8,2,0,99,0,0,0,2,223,993,5,89.9,1.11,0,57.75,25.3,low,OK
TX_000249,STORE_05,retail_park,CHK_028,20,5,1,new,card,0,10,1,0,135,0,1,0,2,218,993,3,133.9,13.29,0,76.95,35.93,medium,WATCH
TX_000250,STORE_02,city,CHK_010,16,5,1,regular,mobile,1,7,0,0,52,0,0,1,0,204,994,0,59.9,0.03,0,34.15,12.23,low,OK
TX_000251,STORE_05,retail_park,CHK_039,8,5,1,new,mobile,0,7,1,0,91,0,1,1,2,195,993,3,94.1,2.61,0,55.25,23.91,low,OK
TX_000252,STORE_03,mall,CHK_032,19,5,1,regular,card,1,13,5,0,145,0,0,0,1,205,994,10,166.8,42.67,0,111.2,54.89,medium,WATCH
TX_000253,STORE_02,city,CHK_007,21,6,1,regular,gift_card,0,8,0,0,81,0,0,2,0,217,994,1,79.6,0.0,0,44.599999999999994,18.02,low,OK
TX_000254,STORE_06,retail_park,CHK_028,11,2,0,new,card,0,5,1,0,69,0,1,0,2,218,1000,3,71.5,4.51,0,42.75,16.99,low,OK
TX_000255,STORE_06,retail_park,CHK_032,14,0,0,regular,card,1,7,1,1,137,0,0,0,2,205,1000,6,128.8,8.28,0,80.60000000000001,37.95,medium,WATCH
TX_000256,STORE_02,city,CHK_023,19,3,0,new,card,1,10,1,1,205,1,1,0,0,188,994,6,190.8,88.41,1,113.4,56.1,high,OPEN_SUPPORT
TX_000257,STORE_03,mall,CHK_008,12,0,0,regular,card,1,7,0,0,71,0,0,0,1,173,994,0,69.4,0.01,0,38.900000000000006,14.86,low,OK
TX_000258,STORE_07,hyper,CHK_040,9,6,1,regular,card,0,7,0,0,76,0,0,0,3,193,1063,1,73.1,0.0,0,40.75,15.89,low,OK
TX_000259,STORE_01,city,CHK_007,17,3,0,new,card,0,12,0,0,132,0,1,0,0,217,987,1,131.8,31.99,0,73.10000000000001,33.79,low,OK
TX_000260,STORE_07,hyper,CHK_007,8,0,0,regular,card,0,13,0,0,125,0,0,0,3,217,1063,1,116.9,2.49,0,66.25,30.0,low,OK
TX_000261,STORE_03,mall,CHK_031,13,1,0,regular,card,0,8,4,0,95,0,0,0,1,194,994,9,101.8,10.68,0,71.7,33.02,low,OK
TX_000262,STORE_05,retail_park,CHK_026,12,1,0,new,card,1,21,0,0,258,0,1,0,2,183,993,0,237.4,1.02,0,131.3,66.01,high,MONITOR_QUEUE
TX_000263,STORE_06,retail_park,CHK_002,18,2,0,regular,mobile,0,10,1,0,101,0,0,1,2,161,1000,3,110.9,0.55,0,65.45,29.56,low,OK
TX_000264,STORE_06,retail_park,CHK_021,10,0,0,professional,card,1,6,3,0,90,0,2,0,2,203,1000,6,86.9,0.58,0,59.050000000000004,26.02,low,OK
TX_000265,STORE_02,city,CHK_025,20,2,0,professional,card,1,11,0,1,153,0,2,0,0,213,994,4,163.8,65.52,1,96.5,46.75,medium,MONITOR_QUEUE
TX_000266,STORE_01,city,CHK_004,10,4,0,regular,card,1,3,2,1,102,0,0,0,0,219,987,8,97.0,15.44,0,66.3,30.03,low,OK
TX_000267,STORE_02,city,CHK_023,19,1,0,regular,card,1,7,0,0,86,0,0,0,0,188,994,0,79.6,0.01,0,44.0,17.69,low,OK
TX_000268,STORE_01,city,CHK_026,9,2,0,regular,card,1,2,1,1,75,0,0,0,0,183,987,6,81.8,6.91,0,54.1,23.28,low,OK
TX_000269,STORE_05,retail_park,CHK_006,21,3,0,regular,gift_card,0,11,0,0,131,0,0,2,2,223,993,1,119.9,1.91,0,66.55,30.17,low,OK
TX_000270,STORE_03,mall,CHK_033,21,3,0,regular,card,1,4,0,0,44,0,0,0,1,192,994,0,44.3,0.03,0,24.549999999999997,6.92,low,OK
TX_000271,STORE_05,retail_park,CHK_032,17,0,0,regular,mobile,1,13,1,1,136,0,0,1,2,205,993,6,147.8,70.09,1,93.7,45.2,medium,OPEN_SUPPORT
TX_000272,STORE_07,hyper,CHK_008,12,2,0,new,card,1,18,1,0,229,0,1,0,3,173,1063,2,215.9,4.5,0,122.75,61.28,high,MONITOR_QUEUE
TX_000273,STORE_02,city,CHK_024,20,5,1,regular,card,1,4,1,0,64,0,0,0,0,217,994,2,61.5,0.0,0,37.15,13.89,low,OK
TX_000274,STORE_03,mall,CHK_035,12,1,0,regular,card,1,7,2,0,100,0,0,0,1,218,994,4,87.0,0.29,0,55.7,24.16,low,OK
TX_000275,STORE_03,mall,CHK_001,10,2,0,regular,card,0,17,1,2,255,1,0,0,1,209,994,11,243.7,97.13,1,152.04999999999998,77.5,critical,OPEN_SUPPORT
TX_000276,STORE_05,retail_park,CHK_038,21,3,0,regular,card,0,12,0,0,94,0,0,0,2,194,993,1,96.3,3.75,0,55.349999999999994,23.97,low,OK
TX_000277,STORE_04,mall,CHK_004,17,3,0,regular,mobile,1,11,2,0,107,0,0,1,1,219,987,4,114.2,1.0,0,71.69999999999999,33.02,low,OK
TX_000278,STORE_06,retail_park,CHK_040,9,3,0,regular,card,1,2,1,1,83,0,0,0,2,193,1000,6,81.9,6.84,0,54.150000000000006,23.3,low,OK
TX_000279,STORE_05,retail_park,CHK_014,10,2,0,regular,mobile,0,12,1,1,147,0,0,1,2,213,993,7,151.9,47.88,0,95.15,46.0,medium,WATCH
TX_000280,STORE_05,retail_park,CHK_018,12,3,0,regular,card,1,10,0,1,146,0,0,0,2,200,993,4,142.6,59.45,1,85.3,40.55,medium,MONITOR_QUEUE
TX_000281,STORE_01,city,CHK_038,19,0,0,regular,card,1,10,3,1,148,1,0,0,0,194,987,10,152.3,91.64,1,102.15,49.88,medium,OPEN_SUPPORT
TX_000282,STORE_06,retail_park,CHK_031,9,5,1,regular,card,1,2,0,0,31,0,0,0,2,194,1000,0,30.9,0.0,0,16.65,2.55,low,OK
TX_000283,STORE_06,retail_park,CHK_018,19,5,1,professional,mobile,0,6,2,0,105,0,2,1,2,200,1000,5,101.0,5.74,0,62.1,27.71,low,OK
TX_000284,STORE_07,hyper,CHK_009,16,3,0,regular,card,0,3,2,0,56,0,0,0,3,211,1063,5,55.6,0.58,0,37.599999999999994,14.14,low,OK
TX_000285,STORE_02,city,CHK_016,8,4,0,new,card,1,9,1,1,178,1,1,0,0,195,994,6,166.3,61.58,1,100.55000000000001,48.99,medium,MONITOR_QUEUE
TX_000286,STORE_08,hyper,CHK_031,20,4,0,regular,card,0,10,0,0,102,0,0,0,3,194,982,1,110.0,0.63,0,61.0,27.1,low,OK
TX_000287,STORE_07,hyper,CHK_038,10,2,0,regular,card,1,6,0,0,61,0,0,0,3,194,1063,0,61.9,0.0,0,34.55,12.46,low,OK
TX_000288,STORE_07,hyper,CHK_007,11,2,0,new,card,0,4,1,1,122,1,1,0,3,217,1063,7,113.8,85.08,1,71.30000000000001,32.8,low,OPEN_SUPPORT
TX_000289,STORE_03,mall,CHK_012,12,1,0,regular,mobile,1,11,1,0,97,0,0,1,1,201,994,2,109.0,0.42,0,65.1,29.37,low,OK
TX_000290,STORE_05,retail_park,CHK_012,21,2,0,new,card,0,10,1,0,115,0,1,0,2,201,993,3,116.5,10.79,0,68.25,31.11,low,OK
TX_000291,STORE_07,hyper,CHK_006,19,2,0,new,card,0,13,0,0,170,1,1,0,3,223,1063,1,166.3,78.24,1,90.95,43.68,medium,OPEN_SUPPORT
TX_000292,STORE_01,city,CHK_020,18,5,1,regular,mobile,1,11,0,2,184,1,0,1,0,175,987,8,197.6,76.34,1,121.39999999999999,60.53,high,OPEN_SUPPORT
TX_000293,STORE_01,city,CHK_011,9,0,0,regular,mobile,1,6,0,0,53,0,0,1,0,179,987,0,55.0,0.0,0,31.1,10.55,low,OK
TX_000294,STORE_05,retail_park,CHK_025,8,6,1,regular,card,1,10,0,1,139,0,0,0,2,213,993,4,137.8,34.76,0,82.9,39.22,medium,WATCH
TX_000295,STORE_04,mall,CHK_027,12,3,0,new,card,0,6,0,1,121,1,1,0,1,200,987,5,124.5,93.38,1,73.85,34.21,low,OPEN_SUPPORT
TX_000296,STORE_05,retail_park,CHK_033,9,1,0,new,card,1,10,1,0,108,0,1,0,2,192,993,2,107.6,0.33,0,63.8,28.65,low,OK
TX_000297,STORE_03,mall,CHK_010,14,6,1,regular,card,1,12,0,0,134,0,0,0,1,204,994,0,115.9,0.37,0,65.15,29.39,low,OK
TX_000298,STORE_05,retail_park,CHK_003,11,1,0,professional,mobile,0,3,0,0,43,0,2,1,2,195,993,1,46.4,1.26,0,25.0,7.17,low,OK
TX_000299,STORE_08,hyper,CHK_015,19,4,0,regular,card,0,10,1,0,123,0,0,0,3,207,982,3,125.9,0.44,0,72.95,33.71,low,OK
TX_000300,STORE_03,mall,CHK_030,14,0,0,regular,card,0,14,0,0,147,0,0,0,1,197,994,1,140.0,4.59,0,78.4,36.73,medium,WATCH
TX_000301,STORE_02,city,CHK_010,18,6,1,regular,card,1,1,1,0,34,0,0,0,0,204,994,2,33.7,0.0,0,21.450000000000003,5.2,low,OK
TX_000302,STORE_07,hyper,CHK_018,20,5,1,new,mobile,0,13,4,0,189,1,1,1,3,200,1063,9,186.1,88.59,1,116.85,58.01,high,OPEN_SUPPORT
TX_000303,STORE_07,hyper,CHK_029,19,5,1,professional,card,0,12,3,0,189,1,2,0,3,211,1063,7,179.7,78.22,1,109.05,53.69,medium,OPEN_SUPPORT
TX_000304,STORE_08,hyper,CHK_032,19,3,0,regular,card,0,9,1,1,142,0,0,0,3,205,982,7,158.7,53.43,1,96.75,46.89,medium,MONITOR_QUEUE
TX_000305,STORE_01,city,CHK_031,14,1,0,regular,card,1,9,1,1,116,0,0,0,0,194,987,6,134.3,20.19,0,84.55000000000001,40.13,medium,WATCH
TX_000306,STORE_04,mall,CHK_032,19,3,0,regular,card,0,7,3,0,118,0,0,0,1,205,987,7,112.9,7.14,0,72.65,33.55,low,OK
TX_000307,STORE_01,city,CHK_039,17,0,0,new,mobile,1,7,1,0,78,0,1,1,0,195,987,2,79.0,0.05,0,47.7,19.73,low,OK
TX_000308,STORE_08,hyper,CHK_001,8,5,1,regular,card,0,11,0,0,96,0,0,0,3,209,982,1,105.4,0.4,0,59.300000000000004,26.16,low,OK
TX_000309,STORE_05,retail_park,CHK_008,11,0,0,regular,card,0,11,2,0,107,0,0,0,2,173,993,5,114.8,2.68,0,72.0,33.19,low,OK
TX_000310,STORE_08,hyper,CHK_018,9,1,0,new,mobile,0,10,0,0,102,0,1,1,3,200,982,1,104.6,3.46,0,58.3,25.6,low,OK
TX_000311,STORE_05,retail_park,CHK_033,21,4,0,regular,card,1,2,0,0,32,0,0,0,2,192,993,0,34.7,0.02,0,18.55,3.6,low,OK
TX_000312,STORE_05,retail_park,CHK_018,11,2,0,regular,card,0,8,2,0,87,0,0,0,2,200,993,5,90.5,0.68,0,58.05,25.46,low,OK
TX_000313,STORE_06,retail_park,CHK_034,13,3,0,regular,mobile,1,12,0,0,104,0,0,1,2,189,1000,0,112.5,0.22,0,63.45,28.45,low,OK
TX_000314,STORE_05,retail_park,CHK_009,21,3,0,regular,card,0,10,0,0,112,0,0,0,2,211,993,1,105.4,0.84,0,58.7,25.82,low,OK
TX_000315,STORE_03,mall,CHK_026,13,1,0,professional,card,1,15,2,1,253,1,2,0,1,183,994,8,233.1,94.43,1,141.55,71.69,high,OPEN_SUPPORT
TX_000316,STORE_01,city,CHK_017,11,3,0,new,card,1,12,1,0,110,0,1,0,0,202,987,2,129.6,1.21,0,76.0,35.4,medium,WATCH
TX_000317,STORE_06,retail_park,CHK_033,18,4,0,regular,card,0,6,2,0,89,0,0,0,2,192,1000,5,85.8,1.02,0,54.5,23.5,low,OK
TX_000318,STORE_05,retail_park,CHK_016,10,2,0,regular,card,0,9,0,1,121,0,0,0,2,195,993,5,133.4,25.93,0,80.10000000000001,37.67,medium,WATCH
TX_000319,STORE_02,city,CHK_022,18,5,1,regular,mobile,1,3,0,0,46,0,0,1,0,223,994,0,49.7,0.39,0,26.650000000000002,8.08,low,OK
TX_000320,STORE_05,retail_park,CHK_017,14,5,1,regular,card,1,3,0,1,97,0,0,0,2,202,993,4,89.8,10.98,0,54.699999999999996,23.61,low,OK
TX_000321,STORE_01,city,CHK_005,13,2,0,professional,card,1,1,2,0,41,0,2,0,0,205,987,4,41.4,0.53,0,29.3,9.55,low,OK
TX_000322,STORE_08,hyper,CHK_011,21,2,0,regular,card,1,5,1,0,52,0,0,0,3,179,982,2,58.8,0.2,0,36.4,13.48,low,OK
TX_000323,STORE_02,city,CHK_037,8,4,0,regular,card,1,6,1,0,62,0,0,0,0,194,994,2,68.6,0.0,0,41.9,16.52,low,OK
TX_000324,STORE_01,city,CHK_040,14,6,1,professional,card,1,11,0,0,105,0,2,0,0,193,987,0,118.9,0.15,0,66.05,29.89,low,OK
TX_000325,STORE_02,city,CHK_026,18,1,0,new,card,1,3,1,0,58,0,1,0,0,183,994,2,55.3,0.05,0,33.449999999999996,11.85,low,OK
TX_000326,STORE_02,city,CHK_038,15,0,0,regular,card,1,11,1,0,110,0,0,0,0,194,994,2,104.0,0.2,0,62.6,27.98,low,OK
TX_000327,STORE_01,city,CHK_011,21,3,0,new,card,0,8,0,0,92,0,1,0,0,179,987,1,93.9,4.8,0,51.75,21.98,low,OK
TX_000328,STORE_06,retail_park,CHK_013,19,5,1,regular,mobile,1,8,0,1,113,0,0,1,2,192,1000,4,118.3,12.28,0,71.95,33.16,low,OK
TX_000329,STORE_03,mall,CHK_015,9,5,1,professional,card,1,5,2,1,134,0,2,0,1,207,994,8,110.0,31.21,0,74.0,34.29,low,OK
TX_000330,STORE_07,hyper,CHK_007,14,4,0,regular,mobile,1,19,0,0,144,0,0,1,3,217,1063,0,159.4,0.35,0,91.10000000000001,43.76,medium,WATCH
TX_000331,STORE_08,hyper,CHK_004,8,5,1,regular,card,1,8,0,0,74,0,0,0,3,219,982,0,73.3,0.0,0,41.449999999999996,16.27,low,OK
TX_000332,STORE_08,hyper,CHK_037,12,3,0,regular,card,1,16,1,0,162,0,0,0,3,194,982,2,151.5,0.43,0,89.35,42.79,medium,WATCH
TX_000333,STORE_07,hyper,CHK_014,17,3,0,regular,card,0,17,1,0,157,0,0,0,3,213,1063,3,163.7,4.87,0,96.05,46.5,medium,WATCH
TX_000334,STORE_03,mall,CHK_013,16,5,1,new,card,0,10,2,0,146,0,1,0,1,192,994,5,123.0,32.39,0,75.5,35.12,medium,WATCH
TX_000335,STORE_04,mall,CHK_016,13,6,1,regular,card,1,6,2,0,69,0,0,0,1,195,987,4,76.0,0.32,0,49.6,20.79,low,OK
TX_000336,STORE_01,city,CHK_021,9,5,1,new,mobile,1,5,0,0,63,0,1,1,0,203,987,0,62.2,0.44,0,34.1,12.21,low,OK
TX_000337,STORE_01,city,CHK_032,14,0,0,regular,card,1,11,1,1,148,0,0,0,0,205,987,6,141.1,67.29,1,89.14999999999999,42.68,medium,MONITOR_QUEUE
TX_000338,STORE_06,retail_park,CHK_012,15,6,1,regular,card,1,8,0,0,78,0,0,0,2,201,1000,0,76.9,0.0,0,43.25,17.27,low,OK
TX_000339,STORE_03,mall,CHK_040,11,2,0,new,card,0,12,2,0,167,1,1,0,1,193,994,5,151.3,74.47,1,90.85000000000001,43.62,medium,OPEN_SUPPORT
TX_000340,STORE_08,hyper,CHK_033,17,0,0,regular,card,1,13,2,0,104,0,0,0,3,192,982,4,119.9,1.93,0,75.75,35.26,medium,WATCH
TX_000341,STORE_06,retail_park,CHK_036,9,4,0,new,card,0,14,1,0,169,1,1,0,2,205,1000,3,168.4,85.23,1,96.60000000000001,46.8,medium,OPEN_SUPPORT
TX_000342,STORE_02,city,CHK_010,12,0,0,regular,card,1,6,0,1,90,0,0,0,0,204,994,4,103.0,6.31,0,63.1,28.26,low,OK
TX_000343,STORE_04,mall,CHK_007,19,1,0,new,card,1,10,0,1,162,1,1,0,1,217,987,4,164.3,86.85,1,96.15,46.55,medium,OPEN_SUPPORT
TX_000344,STORE_05,retail_park,CHK_007,14,2,0,new,card,0,7,1,0,118,0,1,0,2,217,993,3,106.1,4.79,0,61.25,27.23,low,OK
TX_000345,STORE_03,mall,CHK_001,21,1,0,new,card,1,6,1,0,85,0,1,0,1,209,994,2,79.2,0.52,0,47.2,19.46,low,OK
TX_000346,STORE_08,hyper,CHK_012,16,6,1,new,card,0,7,0,1,146,1,1,0,3,201,982,5,141.8,87.19,1,83.10000000000001,39.33,medium,OPEN_SUPPORT
TX_000347,STORE_05,retail_park,CHK_006,19,4,0,regular,card,1,1,0,0,30,0,0,0,2,223,993,0,25.6,0.0,0,13.4,0.75,low,OK
TX_000348,STORE_07,hyper,CHK_032,9,0,0,regular,mobile,1,21,1,0,182,0,0,1,3,205,1063,2,165.3,0.8,0,99.25,48.27,medium,WATCH
TX_000349,STORE_04,mall,CHK_017,10,3,0,regular,card,0,1,2,0,34,0,0,0,1,202,987,5,35.9,0.04,0,26.55,8.03,low,OK
TX_000350,STORE_07,hyper,CHK_038,8,4,0,regular,mobile,1,10,3,1,120,1,0,1,3,194,1063,10,140.6,67.18,1,96.3,46.64,medium,MONITOR_QUEUE
TX_000351,STORE_05,retail_park,CHK_036,15,2,0,new,mobile,0,13,1,0,117,0,1,1,2,205,993,3,130.0,45.52,0,76.8,35.84,medium,WATCH
TX_000352,STORE_01,city,CHK_039,8,5,1,new,card,1,3,0,0,49,0,1,0,0,195,987,0,46.0,0.09,0,24.8,7.06,low,OK
TX_000353,STORE_06,retail_park,CHK_021,14,5,1,regular,card,0,7,3,0,105,0,0,0,2,203,1000,7,102.1,2.94,0,67.25,30.56,low,OK
TX_000354,STORE_08,hyper,CHK_027,20,6,1,new,card,1,8,0,0,97,0,1,0,3,200,982,0,102.2,0.15,0,55.9,24.27,low,OK
TX_000355,STORE_02,city,CHK_038,16,1,0,new,card,0,12,1,0,160,1,1,0,0,194,994,3,138.4,52.04,1,80.4,37.84,medium,MONITOR_QUEUE
TX_000356,STORE_05,retail_park,CHK_013,15,1,0,new,card,1,8,1,0,102,0,1,0,2,192,993,2,99.8,0.34,0,58.699999999999996,25.82,low,OK
TX_000357,STORE_03,mall,CHK_007,19,5,1,new,card,1,7,1,1,133,0,1,0,1,217,994,6,135.6,18.16,0,84.0,39.83,medium,WATCH
TX_000358,STORE_06,retail_park,CHK_003,17,5,1,regular,card,0,10,0,0,84,0,0,0,2,195,1000,1,87.9,0.45,0,49.95,20.98,low,OK
TX_000359,STORE_05,retail_park,CHK_025,11,1,0,regular,card,1,9,0,0,90,0,0,0,2,213,993,0,84.6,0.0,0,47.699999999999996,19.73,low,OK
TX_000360,STORE_01,city,CHK_015,18,4,0,regular,mobile,1,11,0,0,96,0,0,1,0,207,987,0,105.6,0.03,0,59.4,26.21,low,OK
TX_000361,STORE_03,mall,CHK_037,14,4,0,regular,card,1,5,2,0,72,0,0,0,1,194,994,4,69.4,0.06,0,45.7,18.63,low,OK
TX_000362,STORE_04,mall,CHK_013,8,4,0,regular,card,1,16,0,0,155,0,0,0,1,192,987,0,138.9,0.0,0,79.05,37.09,medium,WATCH
TX_000363,STORE_07,hyper,CHK_036,11,0,0,regular,card,1,6,1,0,65,0,0,0,3,205,1063,2,68.7,0.0,0,41.95,16.55,low,OK
TX_000364,STORE_08,hyper,CHK_026,20,5,1,regular,mobile,1,11,0,0,133,0,0,1,3,183,982,0,118.1,0.0,0,65.64999999999999,29.67,low,OK
TX_000365,STORE_01,city,CHK_030,9,0,0,regular,card,1,4,1,0,46,0,0,0,0,197,987,2,51.5,0.0,0,32.15,11.13,low,OK
TX_000366,STORE_04,mall,CHK_016,19,2,0,regular,mobile,1,6,2,0,76,0,0,1,1,195,987,4,78.3,0.07,0,50.75,21.42,low,OK
TX_000367,STORE_05,retail_park,CHK_031,21,1,0,regular,card,0,14,1,0,135,0,0,0,2,194,993,3,134.8,4.49,0,79.80000000000001,37.5,medium,WATCH
TX_000368,STORE_06,retail_park,CHK_031,16,2,0,new,card,1,2,2,0,49,0,1,0,2,194,1000,4,51.3,0.25,0,34.85,12.62,low,OK
TX_000369,STORE_06,retail_park,CHK_020,10,2,0,regular,gift_card,1,4,0,0,52,0,0,2,2,175,1000,0,47.8,0.0,0,26.299999999999997,7.89,low,OK
TX_000370,STORE_03,mall,CHK_011,10,5,1,new,card,1,11,1,0,128,0,1,0,1,179,994,2,124.3,1.7,0,72.75,33.6,low,OK
TX_000371,STORE_08,hyper,CHK_031,10,0,0,regular,card,1,12,0,1,129,0,0,0,3,194,982,4,142.9,50.38,1,86.65,41.3,medium,MONITOR_QUEUE
TX_000372,STORE_02,city,CHK_024,9,4,0,new,mobile,0,9,1,1,140,1,1,1,0,217,994,7,148.2,88.97,1,91.5,43.98,medium,OPEN_SUPPORT
TX_000373,STORE_08,hyper,CHK_030,8,1,0,regular,gift_card,1,10,0,0,102,0,0,2,3,197,982,0,93.5,0.1,0,52.75,22.53,low,OK
TX_000374,STORE_03,mall,CHK_015,17,5,1,new,card,1,6,1,0,72,0,1,0,1,207,994,2,68.6,0.2,0,41.9,16.52,low,OK
TX_000375,STORE_03,mall,CHK_024,9,3,0,regular,card,1,12,2,0,105,0,0,0,1,217,994,4,114.5,2.33,0,72.45,33.43,low,OK
TX_000376,STORE_05,retail_park,CHK_008,11,2,0,regular,card,1,9,0,0,72,0,0,0,2,173,993,0,81.7,0.06,0,46.25,18.93,low,OK
TX_000377,STORE_03,mall,CHK_022,10,0,0,regular,card,1,4,1,0,54,0,0,0,1,223,994,2,52.2,0.0,0,32.5,11.32,low,OK
TX_000378,STORE_01,city,CHK_019,9,4,0,regular,mobile,0,5,1,0,54,0,0,1,0,187,987,3,59.7,0.0,0,36.85,13.73,low,OK
TX_000379,STORE_04,mall,CHK_024,9,2,0,new,card,0,7,0,0,91,0,1,0,1,217,987,1,89.1,3.09,0,48.75,20.32,low,OK
TX_000380,STORE_06,retail_park,CHK_006,8,0,0,regular,card,0,5,0,0,54,0,0,0,2,223,1000,1,54.8,0.0,0,30.4,10.16,low,OK
TX_000381,STORE_01,city,CHK_012,11,3,0,new,card,1,1,1,0,34,0,1,0,0,201,987,2,33.1,0.02,0,21.150000000000002,5.04,low,OK
TX_000382,STORE_06,retail_park,CHK_036,18,3,0,regular,card,1,8,0,0,87,0,0,0,2,205,1000,0,93.1,0.21,0,51.349999999999994,21.75,low,OK
TX_000383,STORE_08,hyper,CHK_019,19,3,0,regular,mobile,0,14,0,0,147,0,0,1,3,187,982,1,153.6,2.45,0,85.2,40.49,medium,WATCH
TX_000384,STORE_02,city,CHK_022,18,1,0,regular,card,1,7,1,0,83,0,0,0,0,223,994,2,86.2,0.01,0,51.300000000000004,21.73,low,OK
TX_000385,STORE_03,mall,CHK_036,20,2,0,new,card,1,9,0,0,102,0,1,0,1,205,994,0,114.7,0.48,0,62.75,28.07,low,OK
TX_000386,STORE_06,retail_park,CHK_010,8,3,0,regular,mobile,1,4,1,0,49,0,0,1,2,204,1000,2,51.7,0.0,0,32.25,11.18,low,OK
TX_000387,STORE_04,mall,CHK_026,21,2,0,professional,card,1,5,1,0,59,0,2,0,1,183,987,2,64.0,0.12,0,39.0,14.92,low,OK
TX_000388,STORE_01,city,CHK_022,17,0,0,regular,card,1,8,0,0,77,0,0,0,0,223,987,0,75.0,0.01,0,42.3,16.75,low,OK
TX_000389,STORE_05,retail_park,CHK_013,17,6,1,professional,card,0,16,0,0,155,0,2,0,2,192,993,1,159.3,24.39,0,89.25,42.73,medium,WATCH
TX_000390,STORE_07,hyper,CHK_001,18,1,0,professional,card,1,7,2,0,109,0,2,0,3,209,1063,4,105.8,0.04,0,65.1,29.37,low,OK
TX_000391,STORE_04,mall,CHK_039,18,0,0,regular,card,0,10,1,1,156,0,0,0,1,195,987,7,157.3,58.76,1,96.65,46.83,medium,MONITOR_QUEUE
TX_000392,STORE_04,mall,CHK_040,15,6,1,new,card,0,11,0,0,137,0,1,0,1,193,987,1,131.7,18.87,0,72.44999999999999,33.43,low,OK
TX_000393,STORE_05,retail_park,CHK_032,20,1,0,regular,card,0,12,1,0,163,0,0,0,2,205,993,3,151.9,1.92,0,87.15,41.57,medium,WATCH
TX_000394,STORE_05,retail_park,CHK_018,13,4,0,regular,card,1,10,1,0,117,0,0,0,2,200,993,2,106.8,0.28,0,63.4,28.43,low,OK
TX_000395,STORE_03,mall,CHK_013,9,6,1,professional,card,0,7,0,0,86,0,2,0,1,192,994,1,83.8,0.81,0,46.1,18.85,low,OK
TX_000396,STORE_01,city,CHK_035,17,6,1,regular,card,1,10,0,0,88,0,0,0,0,218,987,0,90.4,0.0,0,51.2,21.67,low,OK
TX_000397,STORE_03,mall,CHK_023,19,1,0,new,card,1,10,1,0,120,0,1,0,1,188,994,2,125.1,1.01,0,72.55,33.49,low,OK
TX_000398,STORE_01,city,CHK_028,19,2,0,professional,card,1,10,1,0,139,0,2,0,0,218,987,2,130.4,0.53,0,75.2,34.96,low,OK
TX_000399,STORE_03,mall,CHK_029,14,4,0,regular,mobile,0,3,1,0,49,0,0,1,1,211,994,3,48.3,0.12,0,29.95,9.91,low,OK
TX_000400,STORE_03,mall,CHK_002,13,6,1,regular,mobile,0,10,1,0,123,0,0,1,1,161,994,3,113.8,0.35,0,66.9,30.36,low,OK
TX_000401,STORE_08,hyper,CHK_027,14,1,0,regular,card,0,8,2,0,100,0,0,0,3,200,982,5,95.8,0.53,0,60.699999999999996,26.93,low,OK
TX_000402,STORE_08,hyper,CHK_029,21,4,0,regular,mobile,1,9,1,0,89,0,0,1,3,211,982,2,83.7,0.46,0,51.25,21.7,low,OK
TX_000403,STORE_08,hyper,CHK_024,11,1,0,regular,gift_card,1,5,1,0,58,0,0,2,3,217,982,2,59.3,0.0,0,36.65,13.62,low,OK
TX_000404,STORE_01,city,CHK_020,15,1,0,regular,card,1,11,1,0,103,0,0,0,0,175,987,2,104.2,0.0,0,62.7,28.04,low,OK
TX_000405,STORE_01,city,CHK_017,13,0,0,regular,mobile,0,8,0,0,82,0,0,1,0,202,987,1,87.6,0.09,0,48.599999999999994,20.23,low,OK
TX_000406,STORE_05,retail_park,CHK_026,15,1,0,professional,card,1,4,1,0,54,0,2,0,2,183,993,2,58.5,0.05,0,35.65,13.06,low,OK
TX_000407,STORE_08,hyper,CHK_015,15,4,0,regular,card,0,10,0,0,92,0,0,0,3,207,982,1,91.8,0.3,0,51.9,22.06,low,OK
TX_000408,STORE_01,city,CHK_009,11,4,0,regular,card,1,4,1,0,55,0,0,0,0,211,987,2,54.4,0.0,0,33.6,11.93,low,OK
TX_000409,STORE_05,retail_park,CHK_036,14,4,0,regular,card,1,12,1,0,125,0,0,0,2,205,993,2,118.1,0.0,0,70.25,32.22,low,OK
TX_000410,STORE_03,mall,CHK_025,11,1,0,new,card,0,10,0,0,103,0,1,0,1,213,994,1,108.1,6.38,0,60.05,26.57,low,OK
TX_000411,STORE_02,city,CHK_040,16,1,0,new,card,0,12,1,1,188,1,1,0,0,193,994,7,182.8,91.48,1,110.60000000000001,54.55,medium,OPEN_SUPPORT
TX_000412,STORE_04,mall,CHK_021,8,3,0,regular,card,1,5,1,0,54,0,0,0,1,203,987,2,56.6,0.0,0,35.3,12.87,low,OK
TX_000413,STORE_02,city,CHK_017,12,1,0,regular,gift_card,1,17,0,0,179,0,0,2,0,202,994,0,177.8,0.69,0,99.10000000000001,48.19,medium,WATCH
TX_000414,STORE_04,mall,CHK_017,13,0,0,professional,card,0,7,1,0,94,0,2,0,1,202,987,3,95.4,0.99,0,55.900000000000006,24.27,low,OK
TX_000415,STORE_01,city,CHK_040,8,3,0,new,card,0,13,0,0,139,0,1,0,0,193,987,1,134.2,27.72,0,74.89999999999999,34.79,low,OK
TX_000416,STORE_05,retail_park,CHK_035,10,5,1,regular,mobile,1,2,2,1,70,0,0,1,2,218,993,8,89.2,16.51,0,61.800000000000004,27.54,low,OK
TX_000417,STORE_03,mall,CHK_028,16,3,0,regular,card,0,9,0,0,81,0,0,0,1,218,994,1,89.1,0.12,0,49.949999999999996,20.98,low,OK
TX_000418,STORE_03,mall,CHK_038,10,4,0,regular,mobile,1,10,0,0,85,0,0,1,1,194,994,0,83.9,0.05,0,47.95,19.87,low,OK
TX_000419,STORE_02,city,CHK_023,12,5,1,regular,mobile,0,1,1,0,31,0,0,1,0,188,994,3,35.9,0.04,0,22.55,5.81,low,OK
TX_000420,STORE_01,city,CHK_003,12,0,0,regular,card,1,4,1,0,56,0,0,0,0,195,987,2,56.5,0.01,0,34.65,12.51,low,OK
TX_000421,STORE_08,hyper,CHK_012,18,1,0,regular,card,0,14,0,0,127,0,0,0,3,201,982,1,145.2,2.81,0,81.0,38.17,medium,WATCH
TX_000422,STORE_01,city,CHK_021,21,3,0,new,card,1,4,1,0,63,0,1,0,0,203,987,2,66.4,0.45,0,39.6,15.25,low,OK
TX_000423,STORE_01,city,CHK_009,17,5,1,new,mobile,0,7,0,0,73,0,1,1,0,211,987,1,79.0,1.64,0,43.7,17.52,low,OK
TX_000424,STORE_07,hyper,CHK_007,12,3,0,regular,card,1,12,0,0,135,0,0,0,3,217,1063,0,120.9,0.57,0,67.65,30.78,low,OK
TX_000425,STORE_01,city,CHK_013,13,4,0,regular,card,1,13,0,0,124,0,0,0,0,192,987,0,125.7,0.37,0,70.65,32.44,low,OK
TX_000426,STORE_07,hyper,CHK_018,21,0,0,regular,card,1,8,0,0,65,0,0,0,3,200,1063,0,80.8,0.01,0,45.199999999999996,18.35,low,OK
TX_000427,STORE_08,hyper,CHK_016,9,4,0,regular,card,1,13,0,0,96,0,0,0,3,195,982,0,112.3,0.2,0,63.949999999999996,28.73,low,OK
TX_000428,STORE_05,retail_park,CHK_005,17,5,1,regular,card,1,5,2,0,66,0,0,0,2,205,993,4,65.6,0.06,0,43.8,17.58,low,OK
TX_000429,STORE_03,mall,CHK_024,13,1,0,new,card,1,13,2,2,257,1,1,0,1,217,994,12,252.7,97.93,1,158.15,80.87,critical,OPEN_SUPPORT
TX_000430,STORE_08,hyper,CHK_024,21,5,1,regular,card,0,10,0,0,97,0,0,0,3,217,982,1,94.0,0.12,0,53.0,22.67,low,OK
TX_000431,STORE_08,hyper,CHK_035,12,3,0,regular,card,0,14,1,1,181,1,0,0,3,218,982,7,181.0,92.58,1,110.9,54.72,medium,OPEN_SUPPORT
TX_000432,STORE_01,city,CHK_025,18,5,1,regular,card,0,19,0,0,218,0,0,0,0,213,987,1,203.4,3.06,0,113.10000000000001,55.94,high,MONITOR_QUEUE
TX_000433,STORE_02,city,CHK_028,12,0,0,regular,mobile,1,14,0,0,109,0,0,1,0,218,994,0,123.6,0.71,0,70.2,32.19,low,OK
TX_000434,STORE_05,retail_park,CHK_006,20,4,0,professional,card,1,8,1,0,113,0,2,0,2,223,993,2,104.8,0.25,0,61.199999999999996,27.21,low,OK
TX_000435,STORE_06,retail_park,CHK_027,11,5,1,regular,card,1,13,1,0,123,0,0,0,2,200,1000,2,113.7,0.05,0,68.65,31.33,low,OK
TX_000436,STORE_07,hyper,CHK_009,14,6,1,new,card,0,9,1,0,109,0,1,0,3,211,1063,3,118.8,13.48,0,68.8,31.41,low,OK
TX_000437,STORE_08,hyper,CHK_034,9,5,1,new,gift_card,1,16,1,0,187,0,1,2,3,189,982,2,182.1,3.53,0,104.64999999999999,51.26,medium,WATCH
TX_000438,STORE_01,city,CHK_027,15,4,0,regular,card,1,14,2,0,116,0,0,0,0,200,987,4,128.6,2.62,0,80.7,38.0,medium,WATCH
TX_000439,STORE_02,city,CHK_017,14,2,0,regular,card,0,1,0,0,30,0,0,0,0,202,994,1,28.4,0.21,0,14.799999999999999,1.52,low,OK
TX_000440,STORE_01,city,CHK_002,15,4,0,regular,card,1,7,0,0,61,0,0,0,0,161,987,0,61.5,0.0,0,34.95,12.68,low,OK
TX_000441,STORE_06,retail_park,CHK_005,18,4,0,regular,card,1,10,1,0,126,0,0,0,2,205,1000,2,115.3,0.04,0,67.65,30.78,low,OK
TX_000442,STORE_03,mall,CHK_002,8,6,1,regular,gift_card,0,12,1,0,139,0,0,2,1,161,994,3,130.1,0.65,0,76.25,35.54,medium,WATCH
TX_000443,STORE_08,hyper,CHK_011,9,3,0,regular,mobile,1,12,4,1,144,1,0,1,3,179,982,12,152.8,87.74,1,107.60000000000001,52.89,medium,OPEN_SUPPORT
TX_000444,STORE_01,city,CHK_023,15,5,1,regular,mobile,1,10,0,0,71,0,0,1,0,188,987,0,81.5,0.0,0,46.75,19.21,low,OK
TX_000445,STORE_06,retail_park,CHK_031,18,2,0,new,mobile,1,9,0,0,102,0,1,1,2,194,1000,0,109.4,0.7,0,60.1,26.6,low,OK
TX_000446,STORE_01,city,CHK_037,17,0,0,regular,card,0,5,0,0,63,0,0,0,0,194,987,1,57.6,0.24,0,31.8,10.93,low,OK
TX_000447,STORE_07,hyper,CHK_036,19,1,0,regular,card,1,14,0,1,154,0,0,0,3,205,1063,4,170.1,82.42,1,101.45,49.49,medium,OPEN_SUPPORT
TX_000448,STORE_02,city,CHK_023,11,5,1,regular,card,0,7,0,1,115,0,0,0,0,188,994,5,118.4,18.65,0,71.4,32.85,low,OK
TX_000449,STORE_06,retail_park,CHK_014,12,0,0,professional,card,1,7,1,0,83,0,2,0,2,213,1000,2,85.2,0.55,0,50.800000000000004,21.45,low,OK
TX_000450,STORE_07,hyper,CHK_037,21,2,0,regular,gift_card,0,3,1,1,95,0,0,2,3,194,1063,7,93.7,14.32,0,60.65,26.9,low,OK
TX_000451,STORE_07,hyper,CHK_030,8,0,0,regular,card,0,10,0,1,128,0,0,0,3,197,1063,5,133.6,36.77,0,80.8,38.06,medium,WATCH
TX_000452,STORE_08,hyper,CHK_003,12,2,0,regular,card,0,14,1,1,205,1,0,0,3,195,982,7,190.9,93.72,1,115.85000000000001,57.46,high,OPEN_SUPPORT
TX_000453,STORE_03,mall,CHK_031,11,4,0,regular,card,0,10,0,0,82,0,0,0,1,194,994,1,94.4,0.05,0,53.2,22.78,low,OK
TX_000454,STORE_06,retail_park,CHK_005,21,4,0,new,mobile,0,9,0,0,102,0,1,1,2,205,1000,1,109.6,5.36,0,60.199999999999996,26.65,low,OK
TX_000455,STORE_06,retail_park,CHK_003,12,4,0,regular,card,0,11,0,0,114,0,0,0,2,195,1000,1,112.1,0.85,0,62.65,28.01,low,OK
TX_000456,STORE_04,mall,CHK_008,16,3,0,regular,card,0,7,1,0,83,0,0,0,1,173,987,3,78.1,0.37,0,47.25,19.49,low,OK
TX_000457,STORE_04,mall,CHK_025,8,3,0,regular,card,0,14,0,1,157,0,0,0,1,213,987,5,164.0,60.73,1,98.4,47.8,medium,MONITOR_QUEUE
TX_000458,STORE_06,retail_park,CHK_022,16,1,0,regular,card,0,10,0,0,92,0,0,0,2,223,1000,1,89.3,0.62,0,50.65,21.37,low,OK
TX_000459,STORE_05,retail_park,CHK_007,8,6,1,new,card,0,6,1,1,122,1,1,0,2,217,993,7,118.6,88.82,1,74.89999999999999,34.79,low,OPEN_SUPPORT
TX_000460,STORE_01,city,CHK_031,16,5,1,regular,card,0,14,1,0,145,0,0,0,0,194,987,3,138.8,2.88,0,81.80000000000001,38.61,medium,WATCH
TX_000461,STORE_02,city,CHK_006,18,5,1,regular,card,1,8,1,1,157,0,0,0,0,223,994,6,143.7,10.94,0,88.64999999999999,42.4,medium,WATCH
TX_000462,STORE_02,city,CHK_028,13,4,0,regular,mobile,1,3,1,1,90,0,0,1,0,218,994,6,93.9,4.62,0,60.75,26.96,low,OK
TX_000463,STORE_07,hyper,CHK_001,18,0,0,regular,mobile,0,10,2,0,137,0,0,1,3,209,1063,5,132.7,2.52,0,80.35,37.81,medium,WATCH
TX_000464,STORE_01,city,CHK_024,8,2,0,regular,card,0,8,0,1,134,0,0,0,0,217,987,5,127.3,9.79,0,76.45,35.65,medium,WATCH
TX_000465,STORE_08,hyper,CHK_023,12,6,1,new,card,1,11,0,0,109,0,1,0,3,188,982,0,120.0,0.75,0,66.6,30.2,low,OK
TX_000466,STORE_08,hyper,CHK_027,20,6,1,new,card,1,14,0,0,201,0,1,0,3,200,982,0,151.7,3.6,0,84.25,39.97,medium,WATCH
TX_000467,STORE_07,hyper,CHK_007,14,6,1,regular,card,0,9,3,0,132,0,0,0,3,217,1063,7,121.3,3.65,0,78.05000000000001,36.53,medium,WATCH
TX_000468,STORE_06,retail_park,CHK_002,21,1,0,regular,mobile,0,10,1,0,81,0,0,1,2,161,1000,3,86.0,0.17,0,53.0,22.67,low,OK
TX_000469,STORE_01,city,CHK_010,20,2,0,professional,card,1,15,1,0,159,0,2,0,0,204,987,2,172.6,2.19,0,99.3,48.3,medium,WATCH
TX_000470,STORE_08,hyper,CHK_022,12,1,0,regular,card,1,5,3,0,86,0,0,0,3,223,982,6,74.0,2.31,0,52.0,22.11,low,OK
TX_000471,STORE_01,city,CHK_032,19,6,1,new,card,1,1,2,1,86,0,1,0,0,205,987,8,87.0,22.29,0,60.1,26.6,low,OK
TX_000472,STORE_06,retail_park,CHK_031,18,3,0,regular,card,0,6,0,0,85,0,0,0,2,194,1000,1,83.8,0.24,0,45.5,18.52,low,OK
TX_000473,STORE_05,retail_park,CHK_029,14,3,0,new,card,1,16,0,0,157,0,1,0,2,211,993,0,169.0,3.63,0,94.1,45.42,medium,WATCH
TX_000474,STORE_04,mall,CHK_015,14,1,0,new,card,1,7,1,0,85,0,1,0,1,207,987,2,92.9,0.37,0,54.650000000000006,23.58,low,OK
TX_000475,STORE_08,hyper,CHK_035,20,3,0,regular,card,1,8,1,2,217,1,0,0,3,218,982,10,199.9,84.02,1,124.75,62.39,high,OPEN_SUPPORT
TX_000476,STORE_03,mall,CHK_034,20,0,0,regular,card,0,10,1,0,132,0,0,0,1,189,994,3,126.9,0.53,0,73.45,33.99,low,OK
TX_000477,STORE_01,city,CHK_028,18,6,1,regular,mobile,0,8,0,0,83,0,0,1,0,218,987,1,99.2,0.0,0,54.4,23.44,low,OK
TX_000478,STORE_01,city,CHK_007,9,3,0,regular,card,0,11,0,1,120,0,0,0,0,217,987,5,131.3,47.3,0,80.25,37.75,medium,WATCH
TX_000479,STORE_03,mall,CHK_020,10,5,1,regular,gift_card,0,9,1,0,102,0,0,2,1,175,994,3,99.8,0.0,0,59.3,26.16,low,OK
TX_000480,STORE_07,hyper,CHK_039,8,1,0,regular,card,0,19,2,0,148,0,0,0,3,195,1063,5,158.2,3.61,0,98.5,47.85,medium,WATCH
TX_000481,STORE_05,retail_park,CHK_022,15,1,0,regular,card,0,7,1,0,71,0,0,0,2,223,993,3,74.2,0.22,0,45.300000000000004,18.41,low,OK
TX_000482,STORE_03,mall,CHK_023,14,1,0,new,mobile,0,7,1,0,101,0,1,1,1,188,994,3,102.7,3.25,0,59.550000000000004,26.29,low,OK
TX_000483,STORE_01,city,CHK_010,15,2,0,new,mobile,0,12,1,0,124,0,1,1,0,204,987,3,129.7,24.97,0,76.05,35.43,medium,WATCH
TX_000484,STORE_02,city,CHK_031,17,6,1,regular,card,1,10,1,0,78,0,0,0,0,194,994,2,90.7,0.2,0,55.35,23.97,low,OK
TX_000485,STORE_01,city,CHK_007,21,3,0,regular,card,1,7,2,0,89,0,0,0,0,217,987,4,84.6,0.03,0,54.5,23.5,low,OK
TX_000486,STORE_03,mall,CHK_028,11,4,0,regular,card,0,8,1,0,73,0,0,0,1,218,994,3,83.0,0.26,0,50.3,21.17,low,OK
TX_000487,STORE_07,hyper,CHK_017,13,3,0,regular,card,0,9,2,0,126,0,0,0,3,202,1063,5,105.1,2.49,0,65.95,29.84,low,OK
TX_000488,STORE_05,retail_park,CHK_019,9,0,0,regular,card,1,2,2,1,70,0,0,0,2,187,993,8,90.7,13.2,0,62.550000000000004,27.95,low,OK
TX_000489,STORE_05,retail_park,CHK_005,18,0,0,regular,mobile,0,13,2,1,165,1,0,1,2,205,993,9,173.4,93.77,1,110.5,54.5,medium,OPEN_SUPPORT
TX_000490,STORE_05,retail_park,CHK_037,10,1,0,regular,card,1,7,3,0,72,0,0,0,2,194,993,6,78.9,0.23,0,55.650000000000006,24.14,low,OK
TX_000491,STORE_07,hyper,CHK_032,19,6,1,regular,card,1,17,1,0,147,0,0,0,3,205,1063,2,154.9,0.0,0,91.65,44.06,medium,WATCH
TX_000492,STORE_03,mall,CHK_015,8,6,1,regular,mobile,0,9,0,0,94,0,0,1,1,207,994,1,88.5,0.02,0,49.65,20.81,low,OK
TX_000493,STORE_02,city,CHK_013,14,5,1,regular,card,0,11,0,0,124,0,0,0,0,192,994,1,113.4,2.31,0,63.300000000000004,28.37,low,OK
TX_000494,STORE_06,retail_park,CHK_015,20,0,0,new,card,1,11,0,0,128,0,1,0,2,207,1000,0,126.8,1.31,0,70.0,32.08,low,OK
TX_000495,STORE_07,hyper,CHK_014,8,5,1,regular,card,0,2,0,0,30,0,0,0,3,213,1063,1,30.6,0.0,0,16.5,2.46,low,OK
TX_000496,STORE_08,hyper,CHK_022,15,5,1,new,mobile,1,4,1,0,56,0,1,1,3,223,982,2,61.1,0.43,0,36.949999999999996,13.78,low,OK
TX_000497,STORE_04,mall,CHK_011,10,6,1,regular,mobile,1,8,1,0,71,0,0,1,1,179,987,2,81.4,0.0,0,49.5,20.73,low,OK
TX_000498,STORE_08,hyper,CHK_003,11,2,0,regular,card,1,2,2,0,38,0,0,0,3,195,982,4,39.7,0.0,0,29.05,9.41,low,OK
TX_000499,STORE_03,mall,CHK_035,10,1,0,regular,card,1,9,1,0,92,0,0,0,1,218,994,2,86.3,0.0,0,52.55,22.42,low,OK
TX_000500,STORE_04,mall,CHK_031,19,2,0,regular,card,1,2,1,0,46,0,0,0,1,194,987,2,43.1,0.01,0,26.75,8.14,low,OK
TX_000501,STORE_06,retail_park,CHK_037,12,1,0,new,card,0,8,2,0,140,0,1,0,2,194,1000,5,105.9,6.31,0,65.75,29.73,low,OK
TX_000502,STORE_05,retail_park,CHK_022,17,4,0,regular,card,1,6,2,0,75,0,0,0,2,223,993,4,76.2,0.06,0,49.7,20.84,low,OK
TX_000503,STORE_03,mall,CHK_032,16,0,0,regular,card,1,12,0,1,161,1,0,0,1,205,994,4,151.9,77.37,1,91.15,43.79,medium,OPEN_SUPPORT
TX_000504,STORE_07,hyper,CHK_017,14,2,0,regular,card,0,11,0,0,129,0,0,0,3,202,1063,1,110.1,0.99,0,61.65,27.46,low,OK
TX_000505,STORE_03,mall,CHK_016,16,4,0,regular,card,1,11,0,0,97,0,0,0,1,195,994,0,95.8,0.05,0,54.5,23.5,low,OK
TX_000506,STORE_01,city,CHK_006,15,3,0,regular,card,1,17,1,1,166,1,0,0,0,223,987,6,205.8,76.95,1,125.10000000000001,62.58,high,OPEN_SUPPORT
TX_000507,STORE_04,mall,CHK_034,17,0,0,regular,card,1,7,1,0,76,0,0,0,1,189,987,2,76.3,0.01,0,46.35,18.99,low,OK
TX_000508,STORE_07,hyper,CHK_010,13,1,0,regular,card,1,14,2,0,125,0,0,0,3,204,1063,4,128.0,1.51,0,80.4,37.84,medium,WATCH
TX_000509,STORE_06,retail_park,CHK_003,14,4,0,regular,mobile,1,4,0,0,50,0,0,1,2,195,1000,0,45.3,0.0,0,25.049999999999997,7.2,low,OK
TX_000510,STORE_07,hyper,CHK_002,8,0,0,new,card,0,16,0,0,174,1,1,0,3,161,1063,1,164.9,38.04,0,92.05,44.28,medium,WATCH
TX_000511,STORE_07,hyper,CHK_032,15,1,0,regular,mobile,0,19,2,1,234,1,0,1,3,205,1063,9,231.0,96.75,1,142.9,72.43,high,OPEN_SUPPORT
TX_000512,STORE_07,hyper,CHK_009,21,3,0,regular,card,0,5,1,0,69,0,0,0,3,211,1063,3,69.4,0.59,0,41.7,16.41,low,OK
TX_000513,STORE_06,retail_park,CHK_036,10,0,0,regular,card,0,11,1,0,114,0,0,0,2,205,1000,3,114.4,1.21,0,67.8,30.86,low,OK
TX_000514,STORE_06,retail_park,CHK_015,10,5,1,regular,card,1,10,2,0,93,0,0,0,2,207,1000,4,97.7,1.15,0,62.85,28.12,low,OK
TX_000515,STORE_07,hyper,CHK_019,10,4,0,new,mobile,0,18,0,0,179,1,1,1,3,187,1063,1,189.9,76.05,1,105.75,51.87,medium,OPEN_SUPPORT
TX_000516,STORE_06,retail_park,CHK_028,20,5,1,professional,mobile,1,11,1,1,173,1,2,1,2,218,1000,6,175.0,80.98,1,106.1,52.06,medium,OPEN_SUPPORT
TX_000517,STORE_08,hyper,CHK_021,14,0,0,new,card,1,15,2,1,199,1,1,0,3,203,982,8,210.1,95.81,1,130.05,65.32,high,OPEN_SUPPORT
TX_000518,STORE_05,retail_park,CHK_027,20,1,0,regular,card,0,7,1,1,144,0,0,0,2,200,993,7,135.7,21.29,0,84.05,39.86,medium,WATCH
TX_000519,STORE_03,mall,CHK_017,9,3,0,regular,card,0,8,1,0,79,0,0,0,1,202,994,3,84.3,0.08,0,50.949999999999996,21.53,low,OK
TX_000520,STORE_06,retail_park,CHK_005,8,0,0,regular,card,0,5,1,0,71,0,0,0,2,205,1000,3,65.3,0.5,0,39.65,15.28,low,OK
TX_000521,STORE_05,retail_park,CHK_021,15,6,1,regular,card,0,4,0,0,43,0,0,0,2,203,993,1,46.5,0.22,0,25.65,7.53,low,OK
TX_000522,STORE_02,city,CHK_037,8,1,0,regular,card,1,8,0,0,70,0,0,0,0,194,994,0,73.8,0.0,0,41.699999999999996,16.41,low,OK
TX_000523,STORE_01,city,CHK_021,20,2,0,new,card,1,10,1,0,147,0,1,0,0,203,987,2,139.4,1.42,0,79.7,37.45,medium,WATCH
TX_000524,STORE_07,hyper,CHK_015,18,0,0,regular,card,1,8,1,0,89,0,0,0,3,207,1063,2,95.4,0.21,0,56.5,24.61,low,OK
TX_000525,STORE_02,city,CHK_030,12,5,1,regular,card,0,16,0,0,138,0,0,0,0,197,994,1,147.3,2.58,0,83.25,39.41,medium,WATCH
TX_000526,STORE_07,hyper,CHK_001,8,6,1,regular,card,1,12,1,0,100,0,0,0,3,209,1063,2,105.4,0.0,0,63.900000000000006,28.7,low,OK
TX_000527,STORE_01,city,CHK_027,14,0,0,professional,card,0,12,1,0,150,0,2,0,0,200,987,3,150.0,12.31,0,86.2,41.05,medium,WATCH
TX_000528,STORE_02,city,CHK_027,20,0,0,regular,mobile,0,5,1,0,66,0,0,1,0,200,994,3,71.8,0.35,0,42.9,17.08,low,OK
TX_000529,STORE_07,hyper,CHK_008,10,5,1,regular,card,0,10,0,1,122,0,0,0,3,173,1063,5,132.2,29.0,0,80.1,37.67,medium,WATCH
TX_000530,STORE_02,city,CHK_006,21,1,0,regular,card,1,7,2,0,77,0,0,0,0,223,994,4,78.3,0.41,0,51.35,21.75,low,OK
TX_000531,STORE_01,city,CHK_021,20,5,1,new,card,0,9,1,0,155,0,1,0,0,203,987,3,132.8,4.69,0,75.80000000000001,35.29,medium,WATCH
TX_000532,STORE_03,mall,CHK_015,11,0,0,regular,card,1,3,0,1,71,0,0,0,1,207,994,4,78.4,4.39,0,49.0,20.45,low,OK
TX_000533,STORE_07,hyper,CHK_022,21,4,0,new,card,1,5,2,0,77,0,1,0,3,223,1063,4,73.5,0.03,0,47.75,19.76,low,OK
TX_000534,STORE_02,city,CHK_018,21,5,1,professional,gift_card,0,3,0,0,55,0,2,2,0,200,994,1,60.8,1.81,0,32.199999999999996,11.15,low,OK
TX_000535,STORE_06,retail_park,CHK_035,20,2,0,regular,card,1,4,1,0,59,0,0,0,2,218,1000,2,59.9,0.13,0,36.35,13.45,low,OK
TX_000536,STORE_05,retail_park,CHK_023,8,5,1,regular,card,0,13,1,0,111,0,0,0,2,188,993,3,120.6,2.09,0,72.1,33.24,low,OK
TX_000537,STORE_01,city,CHK_017,15,1,0,professional,card,1,14,0,0,103,0,2,0,0,202,987,0,120.2,0.52,0,68.5,31.25,low,OK
TX_000538,STORE_01,city,CHK_018,16,0,0,professional,card,0,14,1,1,160,1,2,0,0,200,987,7,181.5,93.01,1,111.15,54.86,medium,OPEN_SUPPORT
TX_000539,STORE_06,retail_park,CHK_038,17,2,0,regular,card,0,2,0,0,30,0,0,0,2,194,1000,1,33.4,0.11,0,17.9,3.24,low,OK
TX_000540,STORE_07,hyper,CHK_038,20,1,0,new,gift_card,0,8,1,0,136,0,1,2,3,194,1063,3,128.2,3.9,0,72.89999999999999,33.68,low,OK
TX_000541,STORE_04,mall,CHK_014,18,6,1,regular,mobile,1,12,1,0,120,0,0,1,1,213,987,2,128.0,0.0,0,75.2,34.96,low,OK
TX_000542,STORE_06,retail_park,CHK_021,14,3,0,new,card,1,10,0,0,125,0,1,0,2,203,1000,0,121.0,0.3,0,66.5,30.14,low,OK
TX_000543,STORE_01,city,CHK_033,15,1,0,regular,mobile,0,13,1,1,146,0,0,1,0,192,987,7,161.8,59.73,1,100.7,49.07,medium,MONITOR_QUEUE
TX_000544,STORE_04,mall,CHK_020,9,3,0,regular,card,0,3,0,0,41,0,0,0,1,175,987,1,41.2,0.0,0,22.400000000000002,5.73,low,OK
TX_000545,STORE_06,retail_park,CHK_024,16,3,0,regular,mobile,1,8,2,1,117,0,0,1,2,217,1000,8,125.7,26.14,0,83.64999999999999,39.63,medium,WATCH
TX_000546,STORE_02,city,CHK_016,13,0,0,regular,card,1,8,1,1,133,0,0,0,0,195,994,6,129.7,7.97,0,81.64999999999999,38.53,medium,WATCH
TX_000547,STORE_05,retail_park,CHK_040,9,0,0,regular,mobile,1,14,0,0,93,0,0,1,2,193,993,0,102.9,0.2,0,59.85,26.46,low,OK
TX_000548,STORE_03,mall,CHK_025,9,3,0,regular,card,1,10,2,0,99,0,0,0,1,213,994,4,99.1,1.79,0,63.55,28.51,low,OK
TX_000549,STORE_08,hyper,CHK_010,21,0,0,regular,mobile,0,12,1,1,154,0,0,1,3,204,982,7,153.3,57.32,1,95.85000000000001,46.39,medium,MONITOR_QUEUE
TX_000550,STORE_06,retail_park,CHK_037,21,0,0,regular,card,1,1,1,0,30,0,0,0,2,194,1000,2,30.6,0.03,0,19.900000000000002,4.35,low,OK
TX_000551,STORE_05,retail_park,CHK_004,15,0,0,new,mobile,0,14,1,0,133,0,1,1,2,219,993,3,162.0,51.63,1,93.4,45.03,medium,MONITOR_QUEUE
TX_000552,STORE_04,mall,CHK_005,15,6,1,regular,card,1,9,2,1,119,0,0,0,1,205,987,8,132.9,34.76,0,87.85000000000001,41.96,medium,WATCH
TX_000553,STORE_02,city,CHK_004,12,0,0,regular,card,0,5,0,1,98,0,0,0,0,219,994,5,99.3,8.1,0,60.65,26.9,low,OK
TX_000554,STORE_07,hyper,CHK_023,13,3,0,regular,mobile,0,20,1,1,231,1,0,1,3,188,1063,7,226.9,96.9,1,137.45,69.42,high,OPEN_SUPPORT
TX_000555,STORE_04,mall,CHK_014,21,6,1,new,gift_card,0,16,1,0,226,1,1,2,1,213,987,3,184.1,60.65,1,105.64999999999999,51.81,medium,MONITOR_QUEUE
TX_000556,STORE_08,hyper,CHK_014,21,5,1,new,card,1,4,0,0,49,0,1,0,3,213,982,0,50.8,0.15,0,27.799999999999997,8.72,low,OK
TX_000557,STORE_07,hyper,CHK_037,13,0,0,regular,card,1,10,1,0,101,0,0,0,3,194,1063,2,104.5,0.31,0,62.25,27.79,low,OK
TX_000558,STORE_01,city,CHK_006,11,2,0,regular,card,0,13,0,0,138,0,0,0,0,223,987,1,128.1,2.34,0,71.85,33.1,low,OK
TX_000559,STORE_06,retail_park,CHK_039,20,2,0,regular,card,0,15,0,0,143,0,0,0,2,195,1000,1,154.3,5.77,0,86.15,41.02,medium,WATCH
TX_000560,STORE_07,hyper,CHK_038,16,0,0,regular,mobile,1,11,0,0,100,0,0,1,3,194,1063,0,97.8,0.27,0,55.5,24.05,low,OK
TX_000561,STORE_06,retail_park,CHK_033,21,4,0,new,card,0,14,2,0,176,1,1,0,2,192,1000,5,175.8,87.9,1,104.30000000000001,51.07,medium,OPEN_SUPPORT
TX_000562,STORE_03,mall,CHK_007,19,4,0,regular,card,1,8,1,1,150,0,0,0,1,217,994,6,136.2,11.26,0,84.89999999999999,40.33,medium,WATCH
TX_000563,STORE_04,mall,CHK_028,17,0,0,professional,card,1,8,1,0,95,0,2,0,1,218,987,2,93.3,0.28,0,55.449999999999996,24.02,low,OK
TX_000564,STORE_06,retail_park,CHK_035,18,6,1,new,mobile,0,15,0,0,175,1,1,1,2,218,1000,1,182.4,80.5,1,100.2,48.8,medium,OPEN_SUPPORT
TX_000565,STORE_06,retail_park,CHK_039,15,0,0,professional,card,1,11,0,0,91,0,2,0,2,195,1000,0,103.2,0.57,0,58.2,25.55,low,OK
TX_000566,STORE_03,mall,CHK_021,16,5,1,new,card,1,7,1,1,149,0,1,0,1,203,994,6,137.8,23.51,0,85.10000000000001,40.44,medium,WATCH
TX_000567,STORE_05,retail_park,CHK_002,21,3,0,new,card,0,4,0,0,54,0,1,0,2,161,993,1,58.9,4.04,0,31.849999999999998,10.96,low,OK
TX_000568,STORE_03,mall,CHK_031,20,1,0,new,mobile,0,10,3,0,152,1,1,1,1,194,994,7,149.0,90.25,1,92.5,44.53,medium,OPEN_SUPPORT
TX_000569,STORE_05,retail_park,CHK_034,19,0,0,regular,card,1,14,0,0,138,0,0,0,2,189,993,0,139.1,0.11,0,77.95,36.48,medium,WATCH
TX_000570,STORE_01,city,CHK_022,8,3,0,regular,gift_card,0,14,1,0,151,0,0,2,0,223,987,3,140.5,2.14,0,82.65,39.08,medium,WATCH
TX_000571,STORE_08,hyper,CHK_036,19,0,0,regular,card,1,13,0,0,144,0,0,0,3,205,982,0,135.7,0.25,0,75.64999999999999,35.21,medium,WATCH
TX_000572,STORE_06,retail_park,CHK_001,10,2,0,regular,gift_card,0,8,0,0,79,0,0,2,2,209,1000,1,79.8,0.17,0,44.699999999999996,18.07,low,OK
TX_000573,STORE_01,city,CHK_022,13,6,1,regular,card,0,8,1,0,81,0,0,0,0,223,987,3,87.3,0.29,0,52.449999999999996,22.36,low,OK
TX_000574,STORE_04,mall,CHK_016,9,5,1,new,mobile,1,12,1,0,120,0,1,1,1,195,987,2,129.1,0.76,0,75.75,35.26,medium,WATCH
TX_000575,STORE_07,hyper,CHK_010,14,6,1,regular,gift_card,0,7,0,0,84,0,0,2,3,204,1063,1,81.5,0.46,0,44.95,18.21,low,OK
TX_000576,STORE_07,hyper,CHK_005,10,6,1,regular,card,0,10,1,0,83,0,0,0,3,205,1063,3,93.4,1.25,0,56.7,24.72,low,OK
TX_000577,STORE_07,hyper,CHK_014,19,1,0,regular,card,1,9,1,0,115,0,0,0,3,213,1063,2,103.5,0.01,0,61.15,27.18,low,OK
TX_000578,STORE_06,retail_park,CHK_003,15,5,1,new,card,0,1,1,0,37,0,1,0,2,195,1000,3,38.8,4.59,0,24.0,6.62,low,OK
TX_000579,STORE_07,hyper,CHK_039,21,6,1,regular,mobile,1,13,1,0,94,0,0,1,3,195,1063,2,98.7,0.53,0,61.15,27.18,low,OK
TX_000580,STORE_04,mall,CHK_010,11,4,0,regular,card,0,10,0,1,155,0,0,0,1,204,987,5,142.7,41.83,0,85.35,40.58,medium,WATCH
TX_000581,STORE_03,mall,CHK_025,10,3,0,new,gift_card,0,11,3,0,158,1,1,2,1,213,994,7,147.0,81.18,1,92.1,44.31,medium,OPEN_SUPPORT
TX_000582,STORE_04,mall,CHK_032,8,6,1,regular,card,1,10,0,0,92,0,0,0,1,205,987,0,87.0,0.0,0,49.5,20.73,low,OK
TX_000583,STORE_07,hyper,CHK_015,9,0,0,regular,gift_card,0,8,0,0,85,0,0,2,3,207,1063,1,81.6,0.0,0,45.599999999999994,18.57,low,OK
TX_000584,STORE_03,mall,CHK_040,11,4,0,regular,card,1,9,1,1,147,0,0,0,1,193,994,6,139.4,17.68,0,87.10000000000001,41.54,medium,WATCH
TX_000585,STORE_03,mall,CHK_032,17,0,0,regular,card,0,14,0,0,132,0,0,0,1,205,994,1,129.5,4.08,0,73.15,33.82,low,OK
TX_000586,STORE_03,mall,CHK_024,15,6,1,new,card,0,5,2,0,78,0,1,0,1,217,994,5,80.1,7.91,0,51.05,21.59,low,OK
TX_000587,STORE_07,hyper,CHK_032,9,3,0,regular,card,1,14,1,0,125,0,0,0,3,205,1063,2,116.0,0.31,0,70.4,32.3,low,OK
TX_000588,STORE_05,retail_park,CHK_032,21,2,0,regular,card,0,11,0,0,122,0,0,0,2,205,993,1,112.8,2.45,0,63.0,28.2,low,OK
TX_000589,STORE_02,city,CHK_036,8,1,0,new,card,1,9,1,0,110,0,1,0,0,205,994,2,105.3,0.05,0,62.05,27.68,low,OK
TX_000590,STORE_07,hyper,CHK_015,8,5,1,new,card,1,10,0,0,99,0,1,0,3,207,1063,0,102.4,0.0,0,57.2,24.99,low,OK
TX_000591,STORE_03,mall,CHK_035,16,6,1,regular,card,0,8,0,0,86,0,0,0,1,218,994,1,76.7,0.05,0,43.15,17.22,low,OK
TX_000592,STORE_01,city,CHK_004,18,1,0,regular,mobile,0,10,1,0,103,0,0,1,0,219,987,3,115.4,0.94,0,67.7,30.81,low,OK
TX_000593,STORE_01,city,CHK_022,17,4,0,new,card,0,8,1,1,128,1,1,0,0,223,987,7,133.8,81.03,1,83.7,39.66,medium,OPEN_SUPPORT
TX_000594,STORE_07,hyper,CHK_032,18,0,0,regular,card,1,10,0,0,108,0,0,0,3,205,1063,0,111.9,0.31,0,61.95,27.62,low,OK
TX_000595,STORE_05,retail_park,CHK_027,12,1,0,regular,card,0,15,0,1,176,1,0,0,2,200,993,5,180.4,90.72,1,107.2,52.67,medium,OPEN_SUPPORT
TX_000596,STORE_01,city,CHK_004,20,3,0,new,card,0,9,1,1,171,1,1,0,0,219,987,7,171.0,90.31,1,102.9,50.29,medium,OPEN_SUPPORT
TX_000597,STORE_03,mall,CHK_013,18,3,0,regular,card,1,8,0,0,91,0,0,0,1,192,994,0,92.4,0.21,0,51.0,21.56,low,OK
TX_000598,STORE_08,hyper,CHK_016,19,4,0,regular,card,0,10,2,0,146,0,0,0,3,195,982,5,137.5,2.21,0,82.75,39.14,medium,WATCH
TX_000599,STORE_07,hyper,CHK_037,20,3,0,new,card,0,8,0,0,113,0,1,0,3,194,1063,1,107.9,5.22,0,58.75,25.85,low,OK
TX_000600,STORE_05,retail_park,CHK_015,16,2,0,professional,card,1,12,1,0,96,0,2,0,2,207,993,2,119.0,0.71,0,70.7,32.47,low,OK
TX_000601,STORE_02,city,CHK_009,11,5,1,new,mobile,1,4,1,0,57,0,1,1,0,211,994,2,60.3,0.6,0,36.55,13.56,low,OK
TX_000602,STORE_08,hyper,CHK_033,8,0,0,regular,card,1,11,1,0,91,0,0,0,3,192,982,2,103.9,0.18,0,62.550000000000004,27.95,low,OK
TX_000603,STORE_01,city,CHK_036,17,3,0,regular,card,1,9,1,1,154,0,0,0,0,205,987,6,139.5,20.32,0,87.15,41.57,medium,WATCH
TX_000604,STORE_04,mall,CHK_023,17,5,1,regular,card,1,15,0,0,138,0,0,0,1,188,987,0,134.6,0.45,0,76.3,35.57,medium,WATCH
TX_000605,STORE_06,retail_park,CHK_035,17,5,1,regular,card,0,11,0,0,120,0,0,0,2,218,1000,1,97.5,0.95,0,55.35,23.97,low,OK
TX_000606,STORE_02,city,CHK_012,15,3,0,new,card,0,5,1,2,141,1,1,0,0,201,994,11,146.7,93.88,1,96.35,46.66,medium,OPEN_SUPPORT
TX_000607,STORE_03,mall,CHK_024,12,1,0,new,card,1,8,1,0,107,0,1,0,1,217,994,2,100.4,0.16,0,59.0,25.99,low,OK
TX_000608,STORE_03,mall,CHK_037,8,3,0,new,card,0,8,0,0,112,0,1,0,1,194,994,1,102.6,4.18,0,56.099999999999994,24.38,low,OK
TX_000609,STORE_03,mall,CHK_031,9,0,0,new,card,1,9,1,0,101,0,1,0,1,194,994,2,103.7,0.14,0,61.25,27.23,low,OK
TX_000610,STORE_08,hyper,CHK_022,16,5,1,professional,mobile,0,15,1,0,167,0,2,1,3,223,982,3,160.6,19.21,0,93.3,44.98,medium,WATCH
TX_000611,STORE_05,retail_park,CHK_019,17,6,1,regular,card,1,4,0,0,48,0,0,0,2,187,993,0,46.0,0.0,0,25.4,7.39,low,OK
TX_000612,STORE_03,mall,CHK_029,13,6,1,regular,card,1,11,0,1,129,0,0,0,1,211,994,4,145.2,66.73,1,87.19999999999999,41.6,medium,MONITOR_QUEUE
TX_000613,STORE_02,city,CHK_019,21,4,0,regular,gift_card,0,6,1,0,78,0,0,2,0,187,994,3,74.2,0.1,0,44.7,18.07,low,OK
TX_000614,STORE_06,retail_park,CHK_012,16,1,0,new,mobile,1,3,3,0,64,0,1,1,2,201,1000,6,65.9,2.4,0,46.75,19.21,low,OK
TX_000615,STORE_08,hyper,CHK_002,17,4,0,professional,gift_card,0,14,0,0,125,0,2,2,3,161,982,1,131.4,14.31,0,74.10000000000001,34.35,low,OK
TX_000616,STORE_01,city,CHK_029,8,5,1,regular,mobile,1,12,1,0,102,0,0,1,0,211,987,2,106.6,0.0,0,64.5,29.03,low,OK
TX_000617,STORE_01,city,CHK_015,16,6,1,new,mobile,0,8,1,0,99,0,1,1,0,207,987,3,101.5,1.94,0,59.55,26.29,low,OK
TX_000618,STORE_03,mall,CHK_017,16,3,0,professional,mobile,1,11,3,0,108,0,2,1,1,202,994,6,114.4,7.78,0,75.8,35.29,medium,WATCH
TX_000619,STORE_08,hyper,CHK_021,17,1,0,new,card,0,16,0,0,197,1,1,0,3,203,982,1,183.4,80.16,1,101.3,49.4,medium,OPEN_SUPPORT
TX_000620,STORE_08,hyper,CHK_002,13,5,1,regular,card,0,15,0,0,146,0,0,0,3,161,982,1,150.6,2.2,0,84.3,39.99,medium,WATCH
TX_000621,STORE_01,city,CHK_004,8,5,1,regular,card,0,7,0,0,80,0,0,0,0,219,987,1,69.9,0.17,0,39.150000000000006,15.0,low,OK
TX_000622,STORE_07,hyper,CHK_009,13,3,0,regular,card,0,16,0,0,173,0,0,0,3,211,1063,1,153.7,2.34,0,86.44999999999999,41.18,medium,WATCH
TX_000623,STORE_07,hyper,CHK_028,21,3,0,regular,mobile,1,9,2,1,125,0,0,1,3,218,1063,8,144.5,36.33,0,93.65,45.17,medium,WATCH
TX_000624,STORE_05,retail_park,CHK_039,10,6,1,professional,gift_card,0,15,1,1,198,1,2,2,2,195,993,7,200.0,90.77,1,121.0,60.31,high,OPEN_SUPPORT
TX_000625,STORE_01,city,CHK_002,9,2,0,regular,card,1,5,1,0,57,0,0,0,0,161,987,2,57.6,0.0,0,35.8,13.15,low,OK
TX_000626,STORE_03,mall,CHK_037,16,0,0,regular,card,1,1,1,1,61,0,0,0,1,194,994,6,72.1,6.83,0,48.65,20.26,low,OK
TX_000627,STORE_04,mall,CHK_002,15,1,0,new,card,1,15,0,0,126,0,1,0,1,161,987,0,144.6,1.33,0,81.3,38.33,medium,WATCH
TX_000628,STORE_07,hyper,CHK_015,11,6,1,regular,card,1,6,0,1,91,0,0,0,3,207,1063,4,99.3,6.54,0,61.25,27.23,low,OK
TX_000629,STORE_01,city,CHK_018,15,3,0,regular,mobile,0,7,1,0,70,0,0,1,0,200,987,3,76.5,0.12,0,46.45,19.04,low,OK
TX_000630,STORE_05,retail_park,CHK_008,20,4,0,regular,mobile,1,11,0,0,102,0,0,1,2,173,993,0,107.7,0.0,0,60.45,26.79,low,OK
TX_000631,STORE_07,hyper,CHK_028,11,3,0,regular,card,1,16,1,0,144,0,0,0,3,218,1063,2,140.0,0.31,0,83.6,39.61,medium,WATCH
TX_000632,STORE_08,hyper,CHK_018,14,1,0,new,card,0,10,1,0,156,0,1,0,3,200,982,3,132.9,8.4,0,76.45,35.65,medium,WATCH
TX_000633,STORE_03,mall,CHK_028,15,6,1,new,card,1,11,2,1,168,1,1,0,1,218,994,8,170.0,94.97,1,107.6,52.89,medium,OPEN_SUPPORT
TX_000634,STORE_02,city,CHK_036,12,4,0,regular,card,0,14,1,0,137,0,0,0,0,205,994,3,143.2,5.59,0,84.0,39.83,medium,WATCH
TX_000635,STORE_07,hyper,CHK_023,15,2,0,regular,card,0,4,1,0,61,0,0,0,3,188,1063,3,56.6,0.01,0,34.699999999999996,12.54,low,OK
TX_000636,STORE_06,retail_park,CHK_018,10,2,0,regular,gift_card,0,10,1,0,119,0,0,2,2,200,1000,3,107.5,0.28,0,63.75,28.62,low,OK
TX_000637,STORE_07,hyper,CHK_013,12,6,1,regular,card,0,8,0,0,98,0,0,0,3,192,1063,1,92.1,0.35,0,50.849999999999994,21.48,low,OK
TX_000638,STORE_03,mall,CHK_022,17,5,1,regular,card,1,6,0,0,61,0,0,0,1,223,994,0,62.0,0.0,0,34.6,12.48,low,OK
TX_000639,STORE_07,hyper,CHK_002,17,0,0,regular,card,1,12,1,0,90,0,0,0,3,161,1063,2,100.7,0.17,0,61.55,27.4,low,OK
TX_000640,STORE_02,city,CHK_019,15,6,1,regular,mobile,0,5,0,0,46,0,0,1,0,187,994,1,55.2,0.15,0,30.6,10.27,low,OK
TX_000641,STORE_06,retail_park,CHK_015,19,2,0,regular,card,0,6,1,0,88,0,0,0,2,207,1000,3,84.5,0.27,0,49.85,20.92,low,OK
TX_000642,STORE_02,city,CHK_003,18,6,1,regular,card,0,14,1,0,156,0,0,0,0,195,994,3,162.1,4.67,0,93.45,45.06,medium,WATCH
TX_000643,STORE_06,retail_park,CHK_038,21,1,0,regular,mobile,0,15,1,1,188,1,0,1,2,194,1000,7,190.7,82.87,1,116.35,57.74,high,OPEN_SUPPORT
TX_000644,STORE_02,city,CHK_038,16,0,0,regular,card,1,7,1,0,73,0,0,0,0,194,994,2,77.1,0.04,0,46.75,19.21,low,OK
TX_000645,STORE_01,city,CHK_013,9,1,0,regular,card,0,5,1,0,60,0,0,0,0,192,987,3,61.6,0.07,0,37.8,14.25,low,OK
TX_000646,STORE_03,mall,CHK_036,12,3,0,new,card,0,5,2,0,78,0,1,0,1,205,994,5,79.2,5.09,0,50.6,21.34,low,OK
TX_000647,STORE_08,hyper,CHK_012,11,1,0,new,card,0,11,1,0,131,0,1,0,3,201,982,3,133.4,17.77,0,77.3,36.12,medium,WATCH
TX_000648,STORE_06,retail_park,CHK_001,11,5,1,new,mobile,0,8,0,0,106,0,1,1,2,209,1000,1,97.5,3.25,0,53.55,22.97,low,OK
TX_000649,STORE_05,retail_park,CHK_031,18,1,0,professional,mobile,0,5,0,1,103,0,2,1,2,194,993,5,105.2,37.49,0,63.6,28.54,low,OK
TX_000650,STORE_02,city,CHK_010,17,6,1,regular,mobile,1,9,1,1,147,0,0,1,0,204,994,6,139.1,22.63,0,86.95,41.46,medium,WATCH
TX_000651,STORE_07,hyper,CHK_004,17,0,0,regular,card,0,17,0,0,176,0,0,0,3,219,1063,1,169.7,2.51,0,95.05,45.95,medium,WATCH
TX_000652,STORE_01,city,CHK_017,14,1,0,regular,card,0,12,1,0,150,0,0,0,0,202,987,3,134.5,2.4,0,78.45,36.76,medium,WATCH
TX_000653,STORE_05,retail_park,CHK_032,14,0,0,regular,mobile,1,10,1,1,163,1,0,1,2,205,993,6,140.0,55.76,1,88.0,42.04,medium,MONITOR_QUEUE
TX_000654,STORE_04,mall,CHK_020,17,6,1,new,mobile,0,4,1,0,65,0,1,1,1,175,987,3,66.2,1.58,0,39.5,15.2,low,OK
TX_000655,STORE_04,mall,CHK_007,11,1,0,new,mobile,1,8,0,0,84,0,1,1,1,217,987,0,88.2,0.0,0,48.9,20.4,low,OK
TX_000656,STORE_05,retail_park,CHK_039,11,2,0,professional,card,1,15,2,0,124,0,2,0,2,195,993,4,142.2,6.01,0,88.1,42.1,medium,WATCH
TX_000657,STORE_04,mall,CHK_022,19,6,1,regular,card,1,3,0,0,51,0,0,0,1,223,987,0,49.8,0.0,0,26.7,8.11,low,OK
TX_000658,STORE_08,hyper,CHK_018,9,5,1,regular,mobile,1,6,2,0,68,0,0,1,3,200,982,4,70.7,0.0,0,46.95,19.32,low,OK
TX_000659,STORE_03,mall,CHK_025,15,2,0,regular,mobile,0,8,2,0,91,0,0,1,1,213,994,5,92.4,0.52,0,59.0,25.99,low,OK
TX_000660,STORE_08,hyper,CHK_029,20,1,0,professional,card,1,7,0,0,101,0,2,0,3,211,982,0,98.6,0.16,0,53.5,22.94,low,OK
TX_000661,STORE_05,retail_park,CHK_033,11,0,0,regular,card,0,3,0,0,42,0,0,0,2,192,993,1,42.2,0.08,0,22.900000000000002,6.01,low,OK
TX_000662,STORE_04,mall,CHK_026,16,6,1,regular,mobile,1,8,1,1,126,0,0,1,1,183,987,6,120.1,9.41,0,76.85,35.87,medium,WATCH
TX_000663,STORE_03,mall,CHK_031,11,1,0,regular,card,1,15,0,0,109,0,0,0,1,194,994,0,120.6,0.2,0,69.3,31.69,low,OK
TX_000664,STORE_03,mall,CHK_007,13,5,1,new,card,1,4,2,0,77,0,1,0,1,217,994,4,72.5,0.31,0,46.65,19.15,low,OK
TX_000665,STORE_08,hyper,CHK_036,15,1,0,regular,mobile,1,11,2,1,162,1,0,1,3,205,982,8,141.0,49.18,0,93.1,44.87,medium,WATCH
TX_000666,STORE_06,retail_park,CHK_025,18,1,0,regular,card,1,1,0,0,29,0,0,0,2,213,1000,0,26.8,0.33,0,14.0,1.08,low,OK
TX_000667,STORE_06,retail_park,CHK_014,19,4,0,professional,card,0,11,1,0,144,0,2,0,2,213,1000,3,149.1,18.79,0,85.14999999999999,40.46,medium,WATCH
TX_000668,STORE_07,hyper,CHK_033,21,2,0,new,card,0,11,1,1,180,1,1,0,3,192,1063,7,177.0,96.72,1,107.1,52.62,medium,OPEN_SUPPORT
TX_000669,STORE_02,city,CHK_013,16,6,1,regular,mobile,1,11,0,0,85,0,0,1,0,192,994,0,92.9,0.16,0,53.050000000000004,22.7,low,OK
TX_000670,STORE_01,city,CHK_038,13,1,0,regular,card,1,10,0,0,89,0,0,0,0,194,987,0,99.3,0.31,0,55.65,24.14,low,OK
TX_000671,STORE_04,mall,CHK_022,18,4,0,new,card,1,11,5,0,151,0,1,0,1,223,987,10,148.6,14.97,0,100.89999999999999,49.18,medium,WATCH
TX_000672,STORE_02,city,CHK_013,21,5,1,regular,card,1,17,1,0,144,0,0,0,0,192,994,2,150.9,1.57,0,89.65,42.96,medium,WATCH
TX_000673,STORE_05,retail_park,CHK_005,16,1,0,regular,mobile,1,25,1,0,173,0,0,1,2,205,993,2,186.9,1.41,0,112.45,55.58,high,MONITOR_QUEUE
TX_000674,STORE_08,hyper,CHK_001,9,2,0,new,card,1,18,0,0,206,0,1,0,3,209,982,0,196.4,1.76,0,109.0,53.67,medium,WATCH
TX_000675,STORE_07,hyper,CHK_034,20,2,0,regular,card,1,9,2,0,93,0,0,0,3,189,1063,4,104.4,0.01,0,65.60000000000001,29.64,low,OK
TX_000676,STORE_07,hyper,CHK_038,14,6,1,regular,card,0,16,0,0,144,0,0,0,3,194,1063,1,149.7,6.26,0,84.44999999999999,40.08,medium,WATCH
TX_000677,STORE_04,mall,CHK_012,17,2,0,regular,card,0,11,1,0,115,0,0,0,1,201,987,3,117.2,1.44,0,69.2,31.64,low,OK
TX_000678,STORE_07,hyper,CHK_030,9,1,0,regular,mobile,0,7,0,0,59,0,0,1,3,197,1063,1,70.4,0.2,0,39.400000000000006,15.14,low,OK
TX_000679,STORE_04,mall,CHK_036,8,1,0,regular,mobile,1,4,2,0,52,0,0,1,1,205,987,4,54.0,0.0,0,37.4,14.03,low,OK
TX_000680,STORE_04,mall,CHK_022,11,1,0,regular,card,0,4,1,0,49,0,0,0,1,223,987,3,52.1,0.2,0,32.45,11.29,low,OK
TX_000681,STORE_07,hyper,CHK_013,16,1,0,regular,gift_card,0,7,1,0,87,0,0,2,3,192,1063,3,82.1,0.01,0,49.25,20.59,low,OK
TX_000682,STORE_05,retail_park,CHK_027,15,5,1,professional,mobile,1,10,3,0,118,0,2,1,2,200,993,6,116.9,4.59,0,76.45,35.65,medium,WATCH
TX_000683,STORE_07,hyper,CHK_039,17,0,0,regular,card,1,6,2,0,72,0,0,0,3,195,1063,4,75.4,0.01,0,49.300000000000004,20.62,low,OK
TX_000684,STORE_06,retail_park,CHK_039,10,2,0,regular,mobile,1,3,1,0,45,0,0,1,2,195,1000,2,46.3,0.0,0,28.95,9.36,low,OK
TX_000685,STORE_06,retail_park,CHK_032,11,2,0,new,mobile,1,9,0,0,76,0,1,1,2,205,1000,0,87.4,0.29,0,49.1,20.51,low,OK
TX_000686,STORE_02,city,CHK_018,16,4,0,regular,mobile,0,13,1,0,127,0,0,1,0,200,994,3,122.9,3.02,0,73.25,33.88,low,OK
TX_000687,STORE_02,city,CHK_029,15,0,0,new,card,0,9,1,0,109,0,1,0,0,211,994,3,114.0,2.57,0,66.4,30.09,low,OK
TX_000688,STORE_02,city,CHK_033,19,2,0,regular,card,1,11,0,1,174,1,0,0,0,192,994,4,174.6,82.77,1,101.89999999999999,49.74,medium,OPEN_SUPPORT
TX_000689,STORE_04,mall,CHK_016,18,4,0,professional,card,0,4,0,1,114,0,2,0,1,195,987,5,109.9,39.16,0,65.35000000000001,29.5,low,OK
TX_000690,STORE_07,hyper,CHK_001,10,1,0,regular,card,1,10,0,0,90,0,0,0,3,209,1063,0,88.1,0.04,0,50.05,21.04,low,OK
TX_000691,STORE_05,retail_park,CHK_010,11,6,1,new,card,1,9,1,0,106,0,1,0,2,204,993,2,105.0,0.23,0,61.9,27.59,low,OK
TX_000692,STORE_01,city,CHK_005,14,4,0,regular,gift_card,1,8,2,0,96,0,0,2,0,205,987,4,92.9,0.24,0,59.25,26.13,low,OK
TX_000693,STORE_07,hyper,CHK_039,21,0,0,regular,card,0,17,0,0,177,0,0,0,3,195,1063,1,167.9,3.44,0,94.15,45.45,medium,WATCH
TX_000694,STORE_07,hyper,CHK_014,15,3,0,new,card,0,14,2,1,204,1,1,0,3,213,1063,9,212.5,98.47,1,130.65,65.65,high,OPEN_SUPPORT
TX_000695,STORE_05,retail_park,CHK_037,20,6,1,regular,mobile,1,9,0,1,153,0,0,1,2,194,993,4,146.3,36.6,0,86.55000000000001,41.24,medium,WATCH
TX_000696,STORE_03,mall,CHK_029,21,6,1,regular,gift_card,1,7,0,0,69,0,0,2,1,211,994,0,64.8,0.0,0,36.6,13.59,low,OK
TX_000697,STORE_07,hyper,CHK_013,15,2,0,new,card,1,15,1,0,149,0,1,0,3,192,1063,2,166.4,7.42,0,96.2,46.58,medium,WATCH
TX_000698,STORE_02,city,CHK_004,12,5,1,new,card,1,9,0,0,108,0,1,0,0,219,994,0,110.6,0.15,0,60.699999999999996,26.93,low,OK
TX_000699,STORE_05,retail_park,CHK_039,11,0,0,regular,card,1,11,1,0,108,0,0,0,2,195,993,2,106.9,0.2,0,64.05,28.78,low,OK
TX_000700,STORE_06,retail_park,CHK_034,10,6,1,professional,card,1,8,0,0,78,0,2,0,2,189,1000,0,80.5,0.0,0,45.05,18.27,low,OK
TX_000701,STORE_06,retail_park,CHK_034,20,1,0,regular,card,0,15,1,0,159,0,0,0,2,189,1000,3,162.2,3.32,0,94.1,45.42,medium,WATCH
TX_000702,STORE_05,retail_park,CHK_021,21,1,0,regular,card,1,5,0,0,59,0,0,0,2,203,993,0,56.2,0.03,0,31.1,10.55,low,OK
TX_000703,STORE_01,city,CHK_035,21,2,0,regular,card,1,6,1,0,72,0,0,0,0,218,987,2,68.9,0.01,0,42.050000000000004,16.61,low,OK
TX_000704,STORE_07,hyper,CHK_004,14,4,0,regular,card,0,8,0,1,151,0,0,0,3,219,1063,5,140.4,15.37,0,83.0,39.27,medium,WATCH
TX_000705,STORE_01,city,CHK_010,17,5,1,new,card,0,8,1,0,87,0,1,0,0,204,987,3,100.8,3.86,0,59.199999999999996,26.1,low,OK
TX_000706,STORE_01,city,CHK_034,18,3,0,regular,card,1,5,0,0,60,0,0,0,0,189,987,0,70.7,0.01,0,38.35,14.56,low,OK
TX_000707,STORE_04,mall,CHK_009,15,3,0,regular,card,1,9,0,0,70,0,0,0,1,211,987,0,86.2,0.01,0,48.5,20.18,low,OK
TX_000708,STORE_02,city,CHK_016,19,0,0,regular,card,1,6,1,1,132,0,0,0,0,195,994,6,124.6,7.73,0,77.89999999999999,36.45,medium,WATCH
TX_000709,STORE_04,mall,CHK_038,20,6,1,regular,card,1,15,1,0,163,0,0,0,1,194,987,2,157.8,0.98,0,91.9,44.2,medium,WATCH
TX_000710,STORE_07,hyper,CHK_014,8,5,1,regular,card,0,13,1,0,128,0,0,0,3,213,1063,3,120.9,3.32,0,72.25,33.32,low,OK
TX_000711,STORE_06,retail_park,CHK_021,18,3,0,new,mobile,1,16,0,0,193,0,1,1,2,203,1000,0,177.3,3.8,0,98.25,47.72,medium,WATCH
TX_000712,STORE_04,mall,CHK_001,9,5,1,new,card,1,13,2,0,159,0,1,0,1,209,987,4,133.9,4.83,0,82.75,39.14,medium,WATCH
TX_000713,STORE_03,mall,CHK_004,17,0,0,regular,mobile,0,4,1,1,88,0,0,1,1,219,994,7,102.0,12.47,0,65.4,29.53,low,OK
TX_000714,STORE_02,city,CHK_004,17,2,0,new,mobile,0,11,1,0,107,0,1,1,0,219,994,3,117.8,20.26,0,69.5,31.8,low,OK
TX_000715,STORE_03,mall,CHK_017,10,1,0,regular,card,1,9,1,1,156,0,0,0,1,202,994,6,141.3,16.06,0,88.05000000000001,42.07,medium,WATCH
TX_000716,STORE_03,mall,CHK_024,8,6,1,professional,card,0,6,2,0,92,0,2,0,1,217,994,5,88.6,1.21,0,55.9,24.27,low,OK
TX_000717,STORE_05,retail_park,CHK_036,8,5,1,professional,card,0,4,1,0,61,0,2,0,2,205,993,3,60.9,0.78,0,36.85,13.73,low,OK
TX_000718,STORE_03,mall,CHK_030,21,1,0,new,card,1,9,2,1,166,1,1,0,1,197,994,8,166.0,78.2,1,104.4,51.12,medium,OPEN_SUPPORT
TX_000719,STORE_02,city,CHK_006,11,0,0,regular,card,1,8,0,0,82,0,0,0,0,223,994,0,77.8,0.0,0,43.699999999999996,17.52,low,OK
TX_000720,STORE_08,hyper,CHK_017,16,0,0,regular,card,1,10,1,1,114,0,0,0,3,202,982,6,125.9,51.57,1,80.95,38.14,medium,MONITOR_QUEUE
TX_000721,STORE_08,hyper,CHK_036,8,4,0,regular,card,0,17,0,0,155,0,0,0,3,205,982,1,154.0,3.19,0,87.2,41.6,medium,WATCH
TX_000722,STORE_06,retail_park,CHK_034,18,3,0,new,card,0,18,0,0,219,1,1,0,2,189,1000,1,216.9,79.19,1,119.25,59.34,high,OPEN_SUPPORT
TX_000723,STORE_01,city,CHK_035,10,0,0,professional,mobile,1,11,0,0,89,0,2,1,0,218,987,0,98.1,0.91,0,55.65,24.14,low,OK
TX_000724,STORE_07,hyper,CHK_015,11,3,0,regular,card,1,11,0,1,128,0,0,0,3,207,1063,4,137.2,51.25,1,83.19999999999999,39.39,medium,MONITOR_QUEUE
TX_000725,STORE_05,retail_park,CHK_003,12,4,0,regular,card,0,9,0,0,117,0,0,0,2,195,993,1,107.3,0.08,0,59.05,26.02,low,OK
TX_000726,STORE_04,mall,CHK_026,19,3,0,regular,card,1,11,0,0,131,0,0,0,1,183,987,0,116.7,0.19,0,64.95,29.28,low,OK
TX_000727,STORE_08,hyper,CHK_020,17,6,1,new,card,1,11,1,1,174,1,1,0,3,175,982,6,167.7,89.45,1,102.44999999999999,50.04,medium,OPEN_SUPPORT
TX_000728,STORE_05,retail_park,CHK_001,16,4,0,regular,card,0,6,0,0,73,0,0,0,2,209,993,1,64.3,0.26,0,35.75,13.12,low,OK
TX_000729,STORE_07,hyper,CHK_022,14,6,1,regular,mobile,1,18,0,1,206,1,0,1,3,223,1063,4,206.5,89.85,1,122.05,60.89,high,OPEN_SUPPORT
TX_000730,STORE_01,city,CHK_013,16,6,1,regular,card,1,3,0,0,34,0,0,0,0,192,987,0,37.9,0.03,0,20.75,4.82,low,OK
TX_000731,STORE_07,hyper,CHK_015,8,2,0,professional,mobile,1,7,1,0,78,0,2,1,3,207,1063,2,80.2,0.0,0,48.300000000000004,20.07,low,OK
TX_000732,STORE_06,retail_park,CHK_033,9,6,1,new,card,1,12,1,2,242,1,1,0,2,192,1000,10,228.5,95.57,1,141.45,71.63,high,OPEN_SUPPORT
TX_000733,STORE_05,retail_park,CHK_021,12,1,0,professional,card,0,7,2,0,98,0,2,0,2,203,993,5,96.1,1.14,0,60.25,26.68,low,OK
TX_000734,STORE_08,hyper,CHK_004,20,2,0,regular,mobile,0,3,0,0,50,0,0,1,3,219,982,1,50.1,0.65,0,26.85,8.19,low,OK
TX_000735,STORE_01,city,CHK_013,8,0,0,regular,card,0,11,2,1,158,0,0,0,0,192,987,9,147.7,56.82,1,96.44999999999999,46.72,medium,MONITOR_QUEUE
TX_000736,STORE_01,city,CHK_018,19,6,1,professional,card,0,15,1,0,170,0,2,0,0,200,987,3,174.7,23.12,0,100.35,48.88,medium,WATCH
TX_000737,STORE_01,city,CHK_013,17,4,0,new,card,1,14,0,0,118,0,1,0,0,192,987,0,131.2,2.08,0,74.0,34.29,low,OK
TX_000738,STORE_06,retail_park,CHK_036,10,6,1,regular,card,0,7,0,0,65,0,0,0,2,205,1000,1,76.0,0.02,0,42.2,16.69,low,OK
TX_000739,STORE_01,city,CHK_004,11,5,1,regular,card,0,15,0,0,146,0,0,0,0,219,987,1,137.2,2.25,0,77.6,36.29,medium,WATCH
TX_000740,STORE_08,hyper,CHK_030,12,1,0,regular,mobile,1,6,1,0,73,0,0,1,3,197,982,2,71.1,0.18,0,43.15,17.22,low,OK
TX_000741,STORE_03,mall,CHK_040,16,5,1,regular,gift_card,0,3,2,0,50,0,0,2,1,193,994,5,53.5,0.01,0,36.55,13.56,low,OK
TX_000742,STORE_07,hyper,CHK_002,18,0,0,regular,card,0,13,1,0,138,0,0,0,3,161,1063,3,142.0,4.15,0,82.8,39.16,medium,WATCH
TX_000743,STORE_01,city,CHK_028,15,0,0,new,card,1,14,0,0,138,0,1,0,0,218,987,0,130.0,3.36,0,73.4,33.96,low,OK
TX_000744,STORE_01,city,CHK_002,20,5,1,regular,card,1,13,2,0,128,0,0,0,0,161,987,4,151.9,4.78,0,91.75,44.12,medium,WATCH
TX_000745,STORE_08,hyper,CHK_007,18,2,0,regular,card,1,12,2,0,116,0,0,0,3,217,982,4,128.2,1.52,0,79.3,37.23,medium,WATCH
TX_000746,STORE_08,hyper,CHK_025,13,5,1,new,gift_card,0,19,2,0,261,1,1,2,3,213,982,5,242.9,80.13,1,140.85,71.3,high,OPEN_SUPPORT
TX_000747,STORE_02,city,CHK_006,13,3,0,regular,card,1,4,0,0,53,0,0,0,0,223,994,0,46.9,0.01,0,25.849999999999998,7.64,low,OK
TX_000748,STORE_08,hyper,CHK_038,13,1,0,new,mobile,1,10,0,0,135,0,1,1,3,194,982,0,117.9,0.17,0,64.95,29.28,low,OK
TX_000749,STORE_01,city,CHK_032,18,1,0,professional,card,1,4,4,0,97,0,2,0,0,205,987,8,77.3,15.16,0,57.05,24.91,low,OK
TX_000750,STORE_01,city,CHK_031,9,1,0,regular,card,0,6,0,0,61,0,0,0,0,194,987,1,62.0,0.02,0,34.6,12.48,low,OK
TX_000751,STORE_02,city,CHK_024,14,3,0,regular,card,0,14,3,0,164,1,0,0,0,217,994,7,154.3,70.45,1,97.55000000000001,47.33,medium,OPEN_SUPPORT
TX_000752,STORE_03,mall,CHK_017,21,3,0,new,mobile,1,5,1,2,183,1,1,1,1,202,994,10,151.1,60.57,1,98.55,47.88,medium,MONITOR_QUEUE
TX_000753,STORE_01,city,CHK_029,16,0,0,new,card,1,12,2,0,151,0,1,0,0,211,987,4,137.0,6.04,0,83.7,39.66,medium,WATCH
TX_000754,STORE_01,city,CHK_023,21,2,0,regular,card,0,6,0,0,67,0,0,0,0,188,987,1,66.6,0.54,0,36.9,13.76,low,OK
TX_000755,STORE_01,city,CHK_021,9,2,0,regular,card,0,8,1,1,121,0,0,0,0,203,987,7,125.7,12.76,0,79.64999999999999,37.42,medium,WATCH
TX_000756,STORE_01,city,CHK_011,20,3,0,regular,mobile,0,4,0,0,61,0,0,1,0,179,987,1,53.8,0.64,0,29.299999999999997,9.55,low,OK
TX_000757,STORE_07,hyper,CHK_039,14,5,1,regular,card,1,6,1,0,81,0,0,0,3,195,1063,2,71.6,0.11,0,43.4,17.35,low,OK
TX_000758,STORE_04,mall,CHK_017,19,3,0,regular,card,1,8,1,0,109,0,0,0,1,202,987,2,100.6,0.01,0,59.099999999999994,26.04,low,OK
TX_000759,STORE_08,hyper,CHK_028,18,0,0,new,card,1,2,0,1,71,0,1,0,3,218,982,4,75.6,14.56,0,47.0,19.35,low,OK
TX_000760,STORE_06,retail_park,CHK_007,14,0,0,regular,mobile,1,4,3,0,70,0,0,1,2,217,1000,6,68.2,0.01,0,48.5,20.18,low,OK
TX_000761,STORE_06,retail_park,CHK_035,11,3,0,regular,card,1,5,0,0,52,0,0,0,2,218,1000,0,52.3,0.12,0,29.15,9.47,low,OK
TX_000762,STORE_08,hyper,CHK_035,20,2,0,regular,card,0,17,1,0,220,0,0,0,3,218,982,3,177.9,5.67,0,103.15,50.43,medium,WATCH
TX_000763,STORE_01,city,CHK_032,21,4,0,new,card,1,11,1,0,114,0,1,0,0,205,987,2,117.0,2.1,0,69.1,31.58,low,OK
TX_000764,STORE_06,retail_park,CHK_029,12,0,0,professional,mobile,0,10,1,1,151,0,2,1,2,211,1000,7,165.0,62.69,1,100.5,48.96,medium,MONITOR_QUEUE
TX_000765,STORE_02,city,CHK_012,16,6,1,regular,card,0,12,1,0,119,0,0,0,0,201,994,3,118.8,2.98,0,70.6,32.41,low,OK
TX_000766,STORE_08,hyper,CHK_012,15,5,1,regular,card,0,8,0,0,80,0,0,0,3,201,982,1,80.7,0.0,0,45.15,18.32,low,OK
TX_000767,STORE_06,retail_park,CHK_011,11,2,0,professional,card,0,11,1,0,138,0,2,0,2,179,1000,3,136.0,7.41,0,78.6,36.84,medium,WATCH
TX_000768,STORE_03,mall,CHK_016,20,2,0,regular,card,0,21,0,0,241,0,0,0,1,195,994,1,220.0,3.65,0,122.6,61.2,high,MONITOR_QUEUE
TX_000769,STORE_01,city,CHK_040,9,1,0,regular,card,0,11,1,0,130,0,0,0,0,193,987,3,121.6,0.54,0,71.39999999999999,32.85,low,OK
TX_000770,STORE_01,city,CHK_026,16,5,1,regular,card,1,4,0,2,100,0,0,0,0,183,987,8,113.9,35.19,0,75.35000000000001,35.04,medium,WATCH
TX_000771,STORE_08,hyper,CHK_025,9,5,1,regular,card,0,12,0,0,97,0,0,0,3,213,982,1,107.3,1.11,0,60.849999999999994,27.01,low,OK
TX_000772,STORE_04,mall,CHK_029,9,0,0,regular,card,1,13,0,2,186,1,0,0,1,211,987,8,188.0,93.07,1,117.8,58.54,high,OPEN_SUPPORT
TX_000773,STORE_07,hyper,CHK_026,19,0,0,regular,card,0,10,1,0,125,0,0,0,3,183,1063,3,125.6,0.44,0,72.8,33.63,low,OK
TX_000774,STORE_01,city,CHK_004,20,5,1,new,card,0,6,2,0,115,0,1,0,0,219,987,5,98.4,12.66,0,60.800000000000004,26.99,low,OK
TX_000775,STORE_08,hyper,CHK_028,14,3,0,regular,mobile,1,10,0,0,96,0,0,1,3,218,982,0,99.6,0.57,0,55.8,24.22,low,OK
TX_000776,STORE_01,city,CHK_020,17,4,0,regular,card,0,6,1,1,103,0,0,0,0,175,987,7,112.5,14.9,0,71.85,33.1,low,OK
TX_000777,STORE_04,mall,CHK_017,11,5,1,regular,card,1,6,0,0,54,0,0,0,1,202,987,0,62.0,0.0,0,34.6,12.48,low,OK
TX_000778,STORE_05,retail_park,CHK_033,21,5,1,new,card,1,7,0,0,83,0,1,0,2,192,993,0,87.2,0.34,0,47.800000000000004,19.79,low,OK
TX_000779,STORE_08,hyper,CHK_020,10,3,0,regular,card,0,11,0,0,120,0,0,0,3,175,982,1,109.8,0.21,0,61.5,27.37,low,OK
TX_000780,STORE_05,retail_park,CHK_018,15,1,0,professional,card,0,5,1,0,59,0,2,0,2,200,993,3,64.5,2.4,0,39.25,15.06,low,OK
TX_000781,STORE_05,retail_park,CHK_006,16,6,1,regular,card,0,1,2,0,42,0,0,0,2,223,993,5,40.3,0.29,0,28.75,9.24,low,OK
TX_000782,STORE_06,retail_park,CHK_030,21,4,0,regular,card,1,11,0,0,80,0,0,0,2,197,1000,0,88.0,0.2,0,50.6,21.34,low,OK
TX_000783,STORE_02,city,CHK_036,20,5,1,regular,card,1,3,2,0,61,0,0,0,0,205,994,4,59.5,0.35,0,39.55,15.22,low,OK
TX_000784,STORE_04,mall,CHK_002,17,6,1,regular,card,0,8,1,0,99,0,0,0,1,161,987,3,88.5,0.47,0,53.05,22.7,low,OK
TX_000785,STORE_07,hyper,CHK_035,15,1,0,professional,mobile,1,10,1,0,81,0,2,1,3,218,1063,2,95.3,0.63,0,57.65,25.24,low,OK
TX_000786,STORE_01,city,CHK_038,21,6,1,regular,card,0,3,0,0,43,0,0,0,0,194,987,1,41.7,0.64,0,22.650000000000002,5.87,low,OK
TX_000787,STORE_06,retail_park,CHK_003,20,3,0,regular,card,1,7,0,0,76,0,0,0,2,195,1000,0,77.3,0.03,0,42.85,17.05,low,OK
TX_000788,STORE_05,retail_park,CHK_013,12,0,0,new,mobile,0,5,1,1,115,1,1,1,2,192,993,7,111.6,94.08,1,70.8,32.52,low,OPEN_SUPPORT
TX_000789,STORE_06,retail_park,CHK_004,16,5,1,regular,card,0,4,0,0,45,0,0,0,2,219,1000,1,46.0,0.05,0,25.4,7.39,low,OK
TX_000790,STORE_03,mall,CHK_025,18,6,1,regular,card,0,10,0,0,124,0,0,0,1,213,994,1,115.4,0.21,0,63.7,28.59,low,OK
TX_000791,STORE_03,mall,CHK_027,12,3,0,regular,card,0,7,3,0,101,0,0,0,1,200,994,7,98.1,5.18,0,65.25,29.45,low,OK
TX_000792,STORE_07,hyper,CHK_001,20,4,0,regular,card,1,11,1,0,125,0,0,0,3,209,1063,2,122.7,0.0,0,71.94999999999999,33.16,low,OK
TX_000793,STORE_02,city,CHK_039,11,6,1,new,card,1,1,1,0,33,0,1,0,0,195,994,2,32.8,0.68,0,21.0,4.95,low,OK
TX_000794,STORE_07,hyper,CHK_028,12,5,1,regular,card,0,2,1,0,41,0,0,0,3,218,1063,3,40.6,0.41,0,25.5,7.45,low,OK
TX_000795,STORE_05,retail_park,CHK_034,9,2,0,regular,card,0,8,0,0,83,0,0,0,2,189,993,1,83.6,0.07,0,46.599999999999994,19.13,low,OK
TX_000796,STORE_01,city,CHK_008,17,0,0,regular,mobile,0,1,0,0,24,0,0,1,0,173,987,1,25.4,0.25,0,13.299999999999999,0.69,low,OK
TX_000797,STORE_06,retail_park,CHK_003,12,6,1,regular,card,1,7,3,0,103,0,0,0,2,195,1000,6,98.9,0.32,0,65.65,29.67,low,OK
TX_000798,STORE_04,mall,CHK_020,19,3,0,regular,mobile,1,13,2,0,164,0,0,1,1,175,987,4,153.6,1.54,0,92.6,44.59,medium,WATCH
TX_000799,STORE_04,mall,CHK_024,19,1,0,regular,card,1,10,1,0,121,0,0,0,1,217,987,2,113.3,0.65,0,66.65,30.22,low,OK
TX_000800,STORE_05,retail_park,CHK_015,18,1,0,regular,card,0,15,1,0,201,0,0,0,2,207,993,3,174.3,5.94,0,100.15,48.77,medium,WATCH
TX_000801,STORE_06,retail_park,CHK_003,21,2,0,regular,mobile,1,6,0,1,85,0,0,1,2,195,1000,4,113.5,5.99,0,68.35,31.17,low,OK
TX_000802,STORE_02,city,CHK_034,17,6,1,regular,card,1,11,3,1,152,1,0,0,0,189,994,10,149.0,94.27,1,101.1,49.29,medium,OPEN_SUPPORT
TX_000803,STORE_02,city,CHK_014,15,6,1,new,mobile,0,10,0,0,112,0,1,1,0,213,994,1,111.4,5.13,0,61.7,27.48,low,OK
TX_000804,STORE_01,city,CHK_029,8,3,0,new,card,0,13,1,0,142,0,1,0,0,211,987,3,134.6,23.98,0,79.1,37.12,medium,WATCH
TX_000805,STORE_06,retail_park,CHK_015,9,5,1,regular,card,0,11,0,1,156,0,0,0,2,207,1000,5,142.2,46.59,0,85.69999999999999,40.77,medium,WATCH
TX_000806,STORE_08,hyper,CHK_031,9,5,1,regular,card,0,14,0,0,146,0,0,0,3,194,982,1,126.2,3.05,0,71.5,32.91,low,OK
TX_000807,STORE_07,hyper,CHK_010,16,5,1,regular,card,1,15,1,0,130,0,0,0,3,204,1063,2,129.7,0.22,0,77.85,36.42,medium,WATCH
TX_000808,STORE_02,city,CHK_013,17,4,0,new,card,1,3,1,0,47,0,1,0,0,192,994,2,51.3,0.34,0,31.45,10.74,low,OK
TX_000809,STORE_01,city,CHK_015,17,4,0,regular,card,0,15,0,0,152,0,0,0,0,207,987,1,139.1,3.82,0,78.55,36.81,medium,WATCH
TX_000810,STORE_08,hyper,CHK_003,9,5,1,regular,card,0,12,3,0,120,0,0,0,3,195,982,7,117.8,14.7,0,78.10000000000001,36.56,medium,WATCH
TX_000811,STORE_06,retail_park,CHK_015,14,0,0,regular,card,1,7,0,0,68,0,0,0,2,207,1000,0,69.3,0.01,0,38.85,14.84,low,OK
TX_000812,STORE_04,mall,CHK_002,17,2,0,regular,card,0,11,0,0,90,0,0,0,1,161,987,1,104.4,2.21,0,58.800000000000004,25.88,low,OK
TX_000813,STORE_03,mall,CHK_038,20,0,0,regular,mobile,1,13,0,0,115,0,0,1,1,194,994,0,132.7,0.72,0,74.14999999999999,34.38,low,OK
TX_000814,STORE_01,city,CHK_006,10,6,1,regular,mobile,0,4,1,3,177,1,0,1,0,223,987,15,171.8,75.56,1,116.30000000000001,57.71,high,OPEN_SUPPORT
TX_000815,STORE_07,hyper,CHK_009,14,2,0,new,card,1,12,0,1,176,1,1,0,3,211,1063,4,170.2,88.61,1,100.3,48.85,medium,OPEN_SUPPORT
TX_000816,STORE_07,hyper,CHK_017,19,5,1,regular,card,1,23,1,1,279,1,0,0,3,202,1063,6,270.5,97.45,1,161.05,82.48,critical,OPEN_SUPPORT
TX_000817,STORE_08,hyper,CHK_011,21,1,0,regular,card,0,12,1,0,126,0,0,0,3,179,982,3,120.0,1.14,0,71.2,32.74,low,OK
TX_000818,STORE_05,retail_park,CHK_029,13,3,0,regular,card,0,7,3,0,93,0,0,0,2,211,993,7,94.8,4.17,0,63.6,28.54,low,OK
TX_000819,STORE_05,retail_park,CHK_026,9,6,1,new,card,0,9,0,1,164,1,1,0,2,183,993,5,157.1,91.17,1,91.95,44.23,medium,OPEN_SUPPORT
TX_000820,STORE_01,city,CHK_012,18,2,0,professional,mobile,1,1,0,1,89,0,2,1,0,201,987,4,80.9,6.18,0,49.050000000000004,20.48,low,OK
TX_000821,STORE_03,mall,CHK_012,14,3,0,regular,card,1,9,0,0,80,0,0,0,1,201,994,0,87.1,0.2,0,48.949999999999996,20.43,low,OK
TX_000822,STORE_03,mall,CHK_012,13,6,1,regular,card,0,10,0,0,91,0,0,0,1,201,994,1,102.6,0.07,0,57.3,25.05,low,OK
TX_000823,STORE_08,hyper,CHK_036,8,2,0,regular,card,1,10,0,0,87,0,0,0,3,205,982,0,88.2,0.1,0,50.1,21.06,low,OK
TX_000824,STORE_07,hyper,CHK_036,12,0,0,regular,card,1,6,0,0,65,0,0,0,3,205,1063,0,66.3,0.01,0,36.75,13.67,low,OK
TX_000825,STORE_07,hyper,CHK_021,15,0,0,professional,mobile,0,10,0,0,88,0,2,1,3,203,1063,1,98.6,3.07,0,55.3,23.94,low,OK
TX_000826,STORE_02,city,CHK_009,18,4,0,regular,card,1,7,1,0,89,0,0,0,0,211,994,2,85.1,0.0,0,50.75,21.42,low,OK
TX_000827,STORE_07,hyper,CHK_040,12,2,0,regular,mobile,1,6,1,1,125,0,0,1,3,193,1063,6,122.1,8.12,0,76.64999999999999,35.76,medium,WATCH
TX_000828,STORE_07,hyper,CHK_027,20,5,1,regular,card,0,14,0,0,153,0,0,0,3,200,1063,1,158.9,5.42,0,87.85000000000001,41.96,medium,WATCH
TX_000829,STORE_05,retail_park,CHK_035,8,0,0,new,card,0,9,0,0,111,0,1,0,2,218,993,1,105.7,2.69,0,58.25,25.57,low,OK
TX_000830,STORE_05,retail_park,CHK_034,17,5,1,new,card,1,6,0,0,65,0,1,0,2,189,993,0,66.6,0.0,0,36.9,13.76,low,OK
TX_000831,STORE_06,retail_park,CHK_036,18,4,0,new,card,1,7,0,0,93,0,1,0,2,205,1000,0,96.9,0.43,0,52.650000000000006,22.47,low,OK
TX_000832,STORE_02,city,CHK_023,18,6,1,regular,card,0,5,2,0,79,0,0,0,0,188,994,5,78.4,0.36,0,50.2,21.12,low,OK
TX_000833,STORE_04,mall,CHK_016,18,6,1,new,gift_card,1,2,0,0,53,0,1,2,1,195,987,0,49.2,0.0,0,25.8,7.61,low,OK
TX_000834,STORE_05,retail_park,CHK_009,18,4,0,new,card,1,5,0,0,89,0,1,0,2,211,993,0,74.7,0.25,0,40.35,15.67,low,OK
TX_000835,STORE_06,retail_park,CHK_027,11,5,1,regular,gift_card,1,11,2,0,128,0,0,2,2,200,1000,4,117.4,0.87,0,73.3,33.91,low,OK
TX_000836,STORE_07,hyper,CHK_014,19,0,0,new,card,1,9,0,0,137,0,1,0,3,213,1063,0,121.4,0.05,0,66.10000000000001,29.92,low,OK
TX_000837,STORE_08,hyper,CHK_018,16,0,0,regular,card,1,13,1,1,154,0,0,0,3,200,982,6,161.1,79.31,1,100.35,48.88,medium,OPEN_SUPPORT
TX_000838,STORE_04,mall,CHK_039,10,2,0,new,card,1,1,0,0,27,0,1,0,1,195,987,0,27.8,0.09,0,14.5,1.36,low,OK
TX_000839,STORE_02,city,CHK_036,18,2,0,new,card,1,12,2,0,139,0,1,0,0,205,994,4,155.2,7.67,0,92.8,44.7,medium,WATCH
TX_000840,STORE_08,hyper,CHK_040,21,0,0,new,card,0,20,1,0,211,1,1,0,3,193,982,3,204.3,77.67,1,118.15,58.73,high,OPEN_SUPPORT
TX_000841,STORE_05,retail_park,CHK_028,18,3,0,new,card,0,13,1,0,202,1,1,0,2,218,993,3,190.2,70.73,1,106.89999999999999,52.5,medium,OPEN_SUPPORT
TX_000842,STORE_03,mall,CHK_018,8,3,0,professional,card,1,12,0,0,101,0,2,0,1,200,994,0,108.4,0.14,0,61.400000000000006,27.32,low,OK
TX_000843,STORE_08,hyper,CHK_021,15,0,0,new,card,1,9,0,0,86,0,1,0,3,203,982,0,105.7,0.36,0,58.25,25.57,low,OK
TX_000844,STORE_07,hyper,CHK_022,17,5,1,regular,card,0,17,0,0,175,0,0,0,3,223,1063,1,167.2,2.4,0,93.8,45.25,medium,WATCH
TX_000845,STORE_08,hyper,CHK_007,16,3,0,regular,card,1,9,1,0,85,0,0,0,3,217,982,2,82.9,0.39,0,50.85,21.48,low,OK
TX_000846,STORE_06,retail_park,CHK_013,12,4,0,regular,card,1,7,0,0,79,0,0,0,2,192,1000,0,70.6,0.0,0,39.5,15.2,low,OK
TX_000847,STORE_08,hyper,CHK_018,14,3,0,new,card,0,9,1,0,114,0,1,0,3,200,982,3,122.7,6.12,0,70.75,32.49,low,OK
TX_000848,STORE_02,city,CHK_037,15,6,1,regular,card,1,5,1,1,90,0,0,0,0,194,994,6,110.3,12.28,0,70.15,32.16,low,OK
TX_000849,STORE_05,retail_park,CHK_028,20,2,0,regular,card,0,10,0,0,126,0,0,0,2,218,993,1,118.9,0.74,0,65.45,29.56,low,OK
TX_000850,STORE_07,hyper,CHK_006,8,3,0,regular,mobile,1,10,1,0,100,0,0,1,3,223,1063,2,94.4,0.4,0,57.2,24.99,low,OK
TX_000851,STORE_03,mall,CHK_016,20,0,0,regular,card,1,9,1,1,139,0,0,0,1,195,994,6,145.1,28.74,0,89.95,43.12,medium,WATCH
TX_000852,STORE_03,mall,CHK_003,11,6,1,regular,card,1,11,0,2,200,1,0,0,1,195,994,8,192.8,92.03,1,119.0,59.2,high,OPEN_SUPPORT
TX_000853,STORE_02,city,CHK_015,17,0,0,regular,card,0,8,0,0,87,0,0,0,0,207,994,1,75.9,0.08,0,42.75,16.99,low,OK
TX_000854,STORE_05,retail_park,CHK_009,10,0,0,professional,card,1,7,3,0,89,0,2,0,2,211,993,6,92.7,0.96,0,62.550000000000004,27.95,low,OK
TX_000855,STORE_04,mall,CHK_029,21,6,1,regular,card,0,10,0,0,102,0,0,0,1,211,987,1,99.1,0.51,0,55.55,24.08,low,OK
TX_000856,STORE_06,retail_park,CHK_009,18,0,0,professional,mobile,1,5,1,1,118,0,2,1,2,211,1000,6,115.4,9.36,0,72.7,33.57,low,OK
TX_000857,STORE_05,retail_park,CHK_028,20,1,0,professional,card,0,6,0,0,83,0,2,0,2,218,993,1,88.5,1.43,0,47.85,19.82,low,OK
TX_000858,STORE_02,city,CHK_038,15,1,0,regular,card,1,11,1,1,137,0,0,0,0,194,994,6,140.2,73.04,1,88.69999999999999,42.43,medium,OPEN_SUPPORT
TX_000859,STORE_06,retail_park,CHK_033,15,4,0,new,card,1,6,1,0,81,0,1,0,2,192,1000,2,72.6,0.29,0,43.9,17.63,low,OK
TX_000860,STORE_02,city,CHK_025,9,6,1,regular,card,1,7,0,1,98,0,0,0,0,213,994,4,100.3,4.62,0,62.35,27.84,low,OK
TX_000861,STORE_05,retail_park,CHK_011,20,1,0,new,mobile,0,13,0,0,186,1,1,1,2,179,993,1,182.2,69.41,1,98.89999999999999,48.08,medium,MONITOR_QUEUE
TX_000862,STORE_06,retail_park,CHK_024,10,5,1,new,card,0,8,0,0,95,0,1,0,2,217,1000,1,96.2,4.04,0,52.9,22.61,low,OK
TX_000863,STORE_02,city,CHK_028,14,4,0,regular,card,0,1,0,1,67,0,0,0,0,218,994,5,70.0,8.56,0,43.6,17.46,low,OK
TX_000864,STORE_02,city,CHK_026,8,4,0,regular,gift_card,0,10,3,0,133,0,0,2,0,183,994,7,123.5,6.02,0,79.75,37.48,medium,WATCH
TX_000865,STORE_03,mall,CHK_014,11,0,0,new,card,0,9,0,0,103,0,1,0,1,213,994,1,106.8,2.83,0,58.8,25.88,low,OK
TX_000866,STORE_02,city,CHK_007,14,4,0,new,gift_card,0,1,1,0,42,0,1,2,0,217,994,3,38.5,2.56,0,23.85,6.53,low,OK
TX_000867,STORE_06,retail_park,CHK_032,20,2,0,new,mobile,0,13,1,0,195,1,1,1,2,205,1000,3,182.2,64.47,1,102.89999999999999,50.29,medium,MONITOR_QUEUE
TX_000868,STORE_08,hyper,CHK_034,21,4,0,regular,mobile,0,4,1,0,46,0,0,1,3,189,982,3,50.6,0.02,0,31.7,10.88,low,OK
TX_000869,STORE_08,hyper,CHK_020,14,0,0,new,mobile,0,11,0,0,159,0,1,1,3,175,982,1,144.7,18.03,0,78.94999999999999,37.03,medium,WATCH
TX_000870,STORE_07,hyper,CHK_023,16,4,0,new,mobile,1,23,1,0,218,0,1,1,3,188,1063,2,207.6,4.85,0,121.6,60.64,high,MONITOR_QUEUE
TX_000871,STORE_02,city,CHK_001,10,2,0,regular,card,0,15,1,0,117,0,0,0,0,209,994,3,132.7,5.27,0,79.35,37.25,medium,WATCH
TX_000872,STORE_03,mall,CHK_029,21,6,1,regular,card,1,7,1,1,130,0,0,0,1,211,994,6,122.3,15.18,0,77.35000000000001,36.15,medium,WATCH
TX_000873,STORE_08,hyper,CHK_021,9,3,0,new,card,1,7,1,0,85,0,1,0,3,203,982,2,85.8,0.45,0,51.1,21.62,low,OK
TX_000874,STORE_03,mall,CHK_027,21,2,0,regular,card,1,1,1,0,30,0,0,0,1,200,994,2,31.0,0.03,0,20.1,4.46,low,OK
TX_000875,STORE_08,hyper,CHK_009,8,3,0,regular,card,1,5,1,0,60,0,0,0,3,211,982,2,57.7,0.05,0,35.85,13.17,low,OK
TX_000876,STORE_05,retail_park,CHK_011,21,1,0,professional,mobile,0,8,0,0,84,0,2,1,2,179,993,1,89.8,0.85,0,49.699999999999996,20.84,low,OK
TX_000877,STORE_08,hyper,CHK_039,10,1,0,regular,card,1,6,0,0,60,0,0,0,3,195,982,0,62.3,0.1,0,34.75,12.57,low,OK
TX_000878,STORE_07,hyper,CHK_022,16,0,0,regular,card,0,11,1,0,117,0,0,0,3,223,1063,3,114.1,2.72,0,67.64999999999999,30.78,low,OK
TX_000879,STORE_01,city,CHK_030,9,1,0,regular,gift_card,1,12,0,0,117,0,0,2,0,197,987,0,116.3,0.06,0,65.35,29.5,low,OK
TX_000880,STORE_04,mall,CHK_038,14,0,0,regular,card,0,6,0,0,79,0,0,0,1,194,987,1,68.7,0.26,0,37.95,14.34,low,OK
TX_000881,STORE_07,hyper,CHK_011,18,2,0,regular,mobile,1,14,1,1,189,1,0,1,3,179,1063,6,178.1,86.17,1,109.45,53.92,medium,OPEN_SUPPORT
TX_000882,STORE_02,city,CHK_029,15,6,1,regular,card,0,12,0,0,112,0,0,0,0,211,994,1,113.2,1.75,0,63.8,28.65,low,OK
TX_000883,STORE_04,mall,CHK_029,11,1,0,regular,card,0,15,0,1,164,1,0,0,1,211,987,5,169.3,86.47,1,101.65,49.6,medium,OPEN_SUPPORT
TX_000884,STORE_01,city,CHK_031,14,1,0,new,card,0,9,2,0,116,0,1,0,0,194,987,5,120.8,8.65,0,73.80000000000001,34.18,low,OK
TX_000885,STORE_06,retail_park,CHK_012,8,1,0,new,card,0,14,0,0,131,0,1,0,2,201,1000,1,151.5,53.3,1,84.15,39.91,medium,MONITOR_QUEUE
TX_000886,STORE_05,retail_park,CHK_013,17,2,0,regular,card,1,7,0,1,115,0,0,0,2,192,993,4,120.1,9.77,0,72.25,33.32,low,OK
TX_000887,STORE_08,hyper,CHK_027,20,6,1,professional,card,0,7,1,0,94,0,2,0,3,200,982,3,97.6,2.61,0,57.0,24.88,low,OK
TX_000888,STORE_01,city,CHK_016,15,4,0,new,card,1,9,1,0,105,0,1,0,0,195,987,2,107.7,0.38,0,63.25,28.34,low,OK
TX_000889,STORE_08,hyper,CHK_016,10,6,1,new,mobile,1,9,3,0,104,0,1,1,3,195,982,6,109.9,4.55,0,72.35000000000001,33.38,low,OK
TX_000890,STORE_08,hyper,CHK_021,18,0,0,professional,mobile,0,8,1,0,113,0,2,1,3,203,982,3,108.2,2.48,0,62.9,28.15,low,OK
TX_000891,STORE_06,retail_park,CHK_006,15,3,0,professional,card,1,11,2,0,103,0,2,0,2,223,1000,4,111.1,2.14,0,70.14999999999999,32.16,low,OK
TX_000892,STORE_04,mall,CHK_022,20,4,0,regular,card,1,8,1,0,112,0,0,0,1,223,987,2,106.6,0.25,0,62.099999999999994,27.71,low,OK
TX_000893,STORE_05,retail_park,CHK_025,18,5,1,regular,card,0,3,0,0,55,0,0,0,2,213,993,1,50.7,0.05,0,27.150000000000002,8.36,low,OK
TX_000894,STORE_05,retail_park,CHK_002,18,6,1,professional,card,1,11,1,1,176,1,2,0,2,161,993,6,177.4,76.67,1,107.3,52.73,medium,OPEN_SUPPORT
TX_000895,STORE_06,retail_park,CHK_040,11,3,0,regular,card,1,10,0,2,172,1,0,0,2,193,1000,8,180.7,89.91,1,112.35,55.52,high,OPEN_SUPPORT
TX_000896,STORE_08,hyper,CHK_034,12,3,0,professional,card,1,16,2,0,207,0,2,0,3,189,982,4,191.8,5.39,0,113.5,56.16,high,MONITOR_QUEUE
TX_000897,STORE_05,retail_park,CHK_012,12,0,0,regular,card,0,9,0,0,96,0,0,0,2,201,993,1,106.4,0.09,0,58.6,25.77,low,OK
TX_000898,STORE_06,retail_park,CHK_010,20,2,0,regular,card,1,9,1,0,99,0,0,0,2,204,1000,2,103.1,0.03,0,60.949999999999996,27.07,low,OK
TX_000899,STORE_04,mall,CHK_015,11,0,0,new,card,1,8,1,1,119,0,1,0,1,207,987,6,133.7,20.21,0,83.64999999999999,39.63,medium,WATCH
TX_000900,STORE_03,mall,CHK_034,15,0,0,new,card,0,6,1,1,141,1,1,0,1,189,994,7,131.2,94.56,1,81.19999999999999,38.28,medium,OPEN_SUPPORT
TX_000901,STORE_02,city,CHK_027,15,6,1,new,card,1,12,0,0,139,0,1,0,0,200,994,0,131.4,2.14,0,72.9,33.68,low,OK
TX_000902,STORE_05,retail_park,CHK_004,20,4,0,regular,mobile,1,9,1,0,87,0,0,1,2,219,993,2,93.9,0.24,0,56.35,24.52,low,OK
TX_000903,STORE_07,hyper,CHK_018,12,4,0,regular,card,1,14,2,0,141,0,0,0,3,200,1063,4,134.8,2.48,0,83.80000000000001,39.72,medium,WATCH
TX_000904,STORE_06,retail_park,CHK_001,11,1,0,new,card,1,12,5,0,159,0,1,0,2,209,1000,10,150.1,20.76,0,102.25,49.93,medium,WATCH
TX_000905,STORE_01,city,CHK_004,8,5,1,new,card,1,14,1,0,128,0,1,0,0,219,987,2,157.0,4.46,0,90.9,43.65,medium,WATCH
TX_000906,STORE_01,city,CHK_002,19,6,1,new,card,1,12,0,1,200,1,1,0,0,161,987,4,189.5,86.48,1,109.95,54.19,medium,OPEN_SUPPORT
TX_000907,STORE_06,retail_park,CHK_006,18,2,0,regular,card,0,13,1,0,160,0,0,0,2,223,1000,3,155.3,6.07,0,89.45,42.85,medium,WATCH
TX_000908,STORE_07,hyper,CHK_008,11,5,1,regular,mobile,1,11,2,0,106,0,0,1,3,173,1063,4,107.6,0.35,0,68.39999999999999,31.19,low,OK
TX_000909,STORE_03,mall,CHK_024,12,4,0,regular,card,1,10,0,0,89,0,0,0,1,217,994,0,104.6,0.23,0,58.3,25.6,low,OK
TX_000910,STORE_03,mall,CHK_005,13,1,0,regular,card,0,9,2,0,124,0,0,0,1,205,994,5,113.9,0.49,0,70.35000000000001,32.27,low,OK
TX_000911,STORE_08,hyper,CHK_016,14,3,0,new,card,0,7,0,0,105,0,1,0,3,195,982,1,99.6,6.61,0,54.0,23.22,low,OK
TX_000912,STORE_04,mall,CHK_019,18,1,0,professional,card,0,15,1,0,212,0,2,0,1,187,987,3,194.7,23.89,0,110.35,54.41,medium,WATCH
TX_000913,STORE_01,city,CHK_035,9,4,0,regular,mobile,1,15,1,0,111,0,0,1,0,218,987,2,126.6,0.8,0,76.3,35.57,medium,WATCH
TX_000914,STORE_07,hyper,CHK_008,17,3,0,regular,card,1,18,2,0,156,0,0,0,3,173,1063,4,154.8,1.61,0,96.2,46.58,medium,WATCH
TX_000915,STORE_03,mall,CHK_026,17,1,0,regular,card,1,12,0,0,87,0,0,0,1,183,994,0,97.4,0.26,0,55.900000000000006,24.27,low,OK
TX_000916,STORE_01,city,CHK_010,13,6,1,regular,card,1,5,1,2,170,1,0,0,0,204,987,10,160.2,80.27,1,103.1,50.4,medium,OPEN_SUPPORT
TX_000917,STORE_07,hyper,CHK_007,17,3,0,regular,mobile,0,13,1,3,237,1,0,1,3,217,1063,15,229.4,94.45,1,150.5,76.64,critical,OPEN_SUPPORT
TX_000918,STORE_06,retail_park,CHK_023,8,1,0,regular,card,0,9,0,0,93,0,0,0,2,188,1000,1,91.9,0.07,0,51.35,21.75,low,OK
TX_000919,STORE_02,city,CHK_033,11,4,0,regular,card,0,10,0,0,111,0,0,0,0,192,994,1,96.5,0.11,0,54.25,23.36,low,OK
TX_000920,STORE_08,hyper,CHK_025,20,6,1,regular,card,1,11,1,0,117,0,0,0,3,213,982,2,120.2,0.12,0,70.69999999999999,32.47,low,OK
TX_000921,STORE_02,city,CHK_011,10,1,0,regular,card,1,5,1,0,55,0,0,0,0,179,994,2,57.1,0.0,0,35.55,13.01,low,OK
TX_000922,STORE_06,retail_park,CHK_007,19,3,0,professional,card,1,15,1,0,154,0,2,0,2,217,1000,2,174.3,3.27,0,100.15,48.77,medium,WATCH
TX_000923,STORE_02,city,CHK_033,14,4,0,new,card,1,8,0,0,105,0,1,0,0,192,994,0,95.5,0.29,0,52.55,22.42,low,OK
TX_000924,STORE_08,hyper,CHK_003,12,2,0,regular,card,1,9,0,0,85,0,0,0,3,195,982,0,87.9,0.1,0,49.35,20.65,low,OK
TX_000925,STORE_07,hyper,CHK_014,13,3,0,new,card,0,11,1,1,162,1,1,0,3,213,1063,7,163.0,94.46,1,100.1,48.74,medium,OPEN_SUPPORT
TX_000926,STORE_07,hyper,CHK_038,16,6,1,new,card,1,5,0,0,71,0,1,0,3,194,1063,0,67.6,0.0,0,36.8,13.7,low,OK
TX_000927,STORE_02,city,CHK_030,16,5,1,regular,mobile,0,16,1,0,123,0,0,1,0,197,994,3,138.4,2.96,0,82.8,39.16,medium,WATCH
TX_000928,STORE_01,city,CHK_011,9,4,0,regular,card,0,5,1,0,67,0,0,0,0,179,987,3,61.6,0.0,0,37.8,14.25,low,OK
TX_000929,STORE_03,mall,CHK_013,8,1,0,regular,card,1,7,1,0,83,0,0,0,1,192,994,2,78.6,0.0,0,47.5,19.62,low,OK
TX_000930,STORE_07,hyper,CHK_015,12,0,0,new,card,1,8,0,0,94,0,1,0,3,207,1063,0,95.6,0.0,0,52.599999999999994,22.45,low,OK
TX_000931,STORE_08,hyper,CHK_028,20,0,0,regular,card,0,12,0,0,115,0,0,0,3,218,982,1,126.7,1.86,0,70.55,32.38,low,OK
TX_000932,STORE_04,mall,CHK_001,18,1,0,new,mobile,0,2,1,0,57,0,1,1,1,209,987,3,53.6,2.65,0,32.0,11.04,low,OK
TX_000933,STORE_08,hyper,CHK_035,14,1,0,new,card,1,12,1,0,143,0,1,0,3,218,982,2,140.4,3.64,0,81.4,38.39,medium,WATCH
TX_000934,STORE_02,city,CHK_031,15,4,0,regular,card,0,6,1,1,131,0,0,0,0,194,994,7,124.2,15.96,0,77.69999999999999,36.34,medium,WATCH
TX_000935,STORE_02,city,CHK_005,21,1,0,regular,gift_card,1,10,0,0,110,0,0,2,0,205,994,0,104.3,0.11,0,58.15,25.52,low,OK
TX_000936,STORE_05,retail_park,CHK_001,19,5,1,new,mobile,0,8,0,0,113,0,1,1,2,209,993,1,108.4,5.61,0,59.0,25.99,low,OK
TX_000937,STORE_01,city,CHK_015,10,4,0,new,mobile,1,7,1,0,76,0,1,1,0,207,987,2,81.9,0.09,0,49.150000000000006,20.54,low,OK
TX_000938,STORE_03,mall,CHK_027,13,0,0,new,card,1,13,0,0,156,0,1,0,1,200,994,0,144.9,2.88,0,80.25,37.75,medium,WATCH
TX_000939,STORE_03,mall,CHK_034,19,3,0,regular,card,1,5,1,0,81,0,0,0,1,189,994,2,77.1,0.01,0,45.55,18.54,low,OK
TX_000940,STORE_06,retail_park,CHK_013,10,6,1,new,card,1,12,1,0,124,0,1,0,2,192,1000,2,129.8,2.28,0,76.10000000000001,35.46,medium,WATCH
TX_000941,STORE_08,hyper,CHK_035,10,6,1,new,card,1,8,0,1,119,0,1,0,3,218,982,4,138.8,14.66,0,82.2,38.83,medium,WATCH
TX_000942,STORE_04,mall,CHK_014,14,5,1,regular,mobile,1,8,1,0,75,0,0,1,1,213,987,2,83.6,0.0,0,50.599999999999994,21.34,low,OK
TX_000943,STORE_06,retail_park,CHK_015,8,4,0,regular,card,0,5,0,0,52,0,0,0,2,207,1000,1,54.5,0.02,0,30.25,10.07,low,OK
TX_000944,STORE_01,city,CHK_036,19,3,0,regular,card,0,6,0,1,129,0,0,0,0,205,987,5,124.1,12.62,0,73.64999999999999,34.1,low,OK
TX_000945,STORE_02,city,CHK_010,18,0,0,regular,card,0,4,2,0,68,0,0,0,0,204,994,5,66.7,0.08,0,43.75,17.55,low,OK
TX_000946,STORE_08,hyper,CHK_015,16,2,0,regular,mobile,1,12,1,0,109,0,0,1,3,207,982,2,104.6,0.18,0,63.5,28.48,low,OK
TX_000947,STORE_06,retail_park,CHK_006,13,6,1,new,card,1,9,2,1,170,1,1,0,2,223,1000,8,165.8,82.64,1,104.30000000000001,51.07,medium,OPEN_SUPPORT
TX_000948,STORE_01,city,CHK_019,13,5,1,regular,card,1,13,0,0,147,0,0,0,0,187,987,0,129.9,0.31,0,72.75,33.6,low,OK
TX_000949,STORE_05,retail_park,CHK_005,19,2,0,regular,card,0,11,0,0,119,0,0,0,2,205,993,1,120.5,2.73,0,66.85,30.33,low,OK
TX_000950,STORE_07,hyper,CHK_021,19,6,1,regular,mobile,0,13,1,0,146,0,0,1,3,203,1063,3,149.6,5.11,0,86.6,41.27,medium,WATCH
TX_000951,STORE_05,retail_park,CHK_004,12,3,0,new,card,1,14,0,1,215,1,1,0,2,219,993,4,212.4,94.11,1,122.60000000000001,61.2,high,OPEN_SUPPORT
TX_000952,STORE_05,retail_park,CHK_040,8,0,0,regular,card,1,8,0,0,65,0,0,0,2,193,993,0,73.5,0.0,0,41.55,16.33,low,OK
TX_000953,STORE_04,mall,CHK_035,19,2,0,professional,card,0,10,2,0,167,0,2,0,1,218,987,5,155.9,10.52,0,91.95,44.23,medium,WATCH
TX_000954,STORE_04,mall,CHK_012,19,2,0,professional,card,1,10,2,0,140,0,2,0,1,201,987,4,134.9,3.33,0,81.45,38.42,medium,WATCH
TX_000955,STORE_03,mall,CHK_039,12,2,0,regular,card,1,12,0,0,121,0,0,0,1,195,994,0,116.7,0.46,0,65.55,29.62,low,OK
TX_000956,STORE_01,city,CHK_031,17,0,0,regular,card,1,9,0,0,76,0,0,0,0,194,987,0,81.5,0.01,0,46.15,18.88,low,OK
TX_000957,STORE_06,retail_park,CHK_002,21,5,1,regular,card,0,9,0,0,77,0,0,0,2,161,1000,1,77.8,0.01,0,44.3,17.85,low,OK
TX_000958,STORE_01,city,CHK_019,18,6,1,new,card,0,12,1,0,165,1,1,0,0,187,987,3,168.3,32.14,0,95.35000000000001,46.11,medium,WATCH
TX_000959,STORE_07,hyper,CHK_029,20,5,1,new,card,0,12,2,2,258,1,1,0,3,211,1063,13,240.8,97.41,1,151.6,77.25,critical,OPEN_SUPPORT
TX_000960,STORE_02,city,CHK_037,8,6,1,new,card,0,7,1,0,79,0,1,0,0,194,994,3,89.4,3.9,0,52.900000000000006,22.61,low,OK
TX_000961,STORE_01,city,CHK_006,21,1,0,regular,card,1,3,2,2,131,0,0,0,0,223,987,12,140.0,64.68,1,95.8,46.36,medium,MONITOR_QUEUE
TX_000962,STORE_05,retail_park,CHK_034,18,2,0,regular,card,1,8,0,1,126,0,0,0,2,189,993,4,128.5,11.22,0,77.05,35.98,medium,WATCH
TX_000963,STORE_05,retail_park,CHK_016,16,5,1,professional,gift_card,0,13,0,0,125,0,2,2,2,195,993,1,125.1,14.86,0,70.35,32.27,low,OK
TX_000964,STORE_05,retail_park,CHK_035,11,6,1,regular,card,1,9,0,1,130,0,0,0,2,218,993,4,135.4,18.59,0,81.10000000000001,38.22,medium,WATCH
TX_000965,STORE_01,city,CHK_033,19,3,0,professional,card,1,15,0,1,206,1,2,0,0,192,987,4,207.5,92.48,1,120.75,60.17,high,OPEN_SUPPORT
TX_000966,STORE_05,retail_park,CHK_032,21,0,0,regular,card,1,8,1,0,73,0,0,0,2,205,993,2,81.5,0.71,0,49.55,20.76,low,OK
TX_000967,STORE_04,mall,CHK_029,11,4,0,new,card,0,9,2,2,235,1,1,0,1,211,987,13,221.3,95.26,1,140.05,70.86,high,OPEN_SUPPORT
TX_000968,STORE_06,retail_park,CHK_030,21,4,0,new,mobile,1,3,0,0,46,0,1,1,2,197,1000,0,50.0,0.0,0,26.8,8.16,low,OK
TX_000969,STORE_03,mall,CHK_024,16,0,0,regular,mobile,0,8,1,0,75,0,0,1,1,217,994,3,81.1,0.14,0,49.349999999999994,20.65,low,OK
TX_000970,STORE_04,mall,CHK_010,12,1,0,regular,card,1,7,0,1,145,0,0,0,1,204,987,4,128.4,8.5,0,76.4,35.62,medium,WATCH
TX_000971,STORE_07,hyper,CHK_027,15,5,1,regular,mobile,1,14,1,0,106,0,0,1,3,200,1063,2,122.6,0.22,0,73.7,34.13,low,OK
TX_000972,STORE_02,city,CHK_035,15,1,0,new,card,0,13,0,0,128,0,1,0,0,218,994,1,134.7,60.74,1,75.14999999999999,34.93,low,MONITOR_QUEUE
TX_000973,STORE_06,retail_park,CHK_036,17,3,0,regular,card,1,11,0,0,100,0,0,0,2,205,1000,0,97.7,0.21,0,55.45,24.02,low,OK
TX_000974,STORE_07,hyper,CHK_037,17,1,0,new,card,1,13,0,1,147,0,1,0,3,194,1063,4,165.7,68.27,1,98.64999999999999,47.94,medium,MONITOR_QUEUE
TX_000975,STORE_01,city,CHK_012,21,3,0,regular,card,0,8,1,0,84,0,0,0,0,201,987,3,84.6,0.55,0,51.099999999999994,21.62,low,OK
TX_000976,STORE_04,mall,CHK_003,12,6,1,professional,card,1,9,1,0,123,0,2,0,1,195,987,2,115.7,0.25,0,67.25,30.56,low,OK
TX_000977,STORE_02,city,CHK_020,15,2,0,regular,card,0,9,0,1,140,0,0,0,0,175,994,5,139.9,26.25,0,83.35000000000001,39.47,medium,WATCH
TX_000978,STORE_02,city,CHK_014,8,4,0,professional,card,1,5,1,0,57,0,2,0,0,213,994,2,62.8,0.0,0,38.4,14.59,low,OK
TX_000979,STORE_02,city,CHK_004,10,3,0,professional,card,1,10,1,0,97,0,2,0,0,219,994,2,102.0,0.0,0,61.0,27.1,low,OK
TX_000980,STORE_04,mall,CHK_009,14,3,0,professional,card,0,5,0,0,82,0,2,0,1,211,987,1,73.5,1.77,0,39.75,15.33,low,OK
TX_000981,STORE_02,city,CHK_024,14,1,0,regular,card,0,7,0,0,86,0,0,0,0,217,994,1,82.8,0.14,0,45.6,18.57,low,OK
TX_000982,STORE_06,retail_park,CHK_007,9,0,0,regular,card,1,7,0,0,57,0,0,0,2,217,1000,0,61.4,0.12,0,34.9,12.65,low,OK
TX_000983,STORE_02,city,CHK_035,14,4,0,regular,card,1,3,2,0,50,0,0,0,0,218,994,4,59.1,0.1,0,39.349999999999994,15.11,low,OK
TX_000984,STORE_05,retail_park,CHK_028,18,2,0,regular,card,1,2,0,0,36,0,0,0,2,218,993,0,35.8,0.01,0,19.099999999999998,3.9,low,OK
TX_000985,STORE_02,city,CHK_029,21,3,0,new,card,0,3,2,0,64,0,1,0,0,211,994,5,66.2,7.58,0,42.9,17.08,low,OK
TX_000986,STORE_06,retail_park,CHK_020,13,5,1,new,mobile,1,9,1,0,120,0,1,1,2,175,1000,2,117.1,0.05,0,67.95,30.94,low,OK
TX_000987,STORE_08,hyper,CHK_008,10,3,0,regular,mobile,0,10,0,1,134,0,0,1,3,173,982,5,134.9,25.12,0,81.45,38.42,medium,WATCH
TX_000988,STORE_06,retail_park,CHK_001,16,6,1,new,card,1,14,1,0,134,0,1,0,2,209,1000,2,148.0,7.01,0,86.4,41.16,medium,WATCH
TX_000989,STORE_02,city,CHK_011,15,1,0,regular,card,0,5,0,0,59,0,0,0,0,179,994,1,58.6,0.17,0,32.3,11.21,low,OK
TX_000990,STORE_05,retail_park,CHK_025,21,2,0,regular,card,1,1,1,0,28,0,0,0,2,213,993,2,29.9,0.03,0,19.55,4.15,low,OK
TX_000991,STORE_05,retail_park,CHK_006,17,1,0,regular,mobile,0,9,2,0,89,0,0,1,2,223,993,5,94.9,0.53,0,60.85,27.01,low,OK
TX_000992,STORE_04,mall,CHK_006,18,5,1,regular,card,0,6,0,0,85,0,0,0,1,223,987,1,80.0,0.22,0,43.6,17.46,low,OK
TX_000993,STORE_04,mall,CHK_029,12,3,0,new,card,1,16,0,0,180,0,1,0,1,211,987,0,174.0,2.71,0,96.6,46.8,medium,WATCH
TX_000994,STORE_06,retail_park,CHK_038,16,1,0,regular,mobile,0,8,0,1,109,0,0,1,2,194,1000,5,119.7,14.89,0,72.64999999999999,33.55,low,OK
TX_000995,STORE_07,hyper,CHK_033,11,6,1,regular,card,0,13,0,0,98,0,0,0,3,192,1063,1,114.7,4.36,0,65.15,29.39,low,OK
TX_000996,STORE_04,mall,CHK_017,20,5,1,regular,card,0,12,1,0,146,0,0,0,1,202,987,3,149.3,2.4,0,85.85000000000001,40.85,medium,WATCH
TX_000997,STORE_06,retail_park,CHK_029,10,2,0,regular,mobile,1,7,0,0,66,0,0,1,2,211,1000,0,63.9,0.12,0,36.15,13.34,low,OK
TX_000998,STORE_01,city,CHK_018,15,6,1,regular,gift_card,0,6,1,0,74,0,0,2,0,200,987,3,71.8,0.09,0,43.5,17.41,low,OK
TX_000999,STORE_03,mall,CHK_028,9,5,1,regular,card,0,8,1,0,83,0,0,0,1,218,994,3,83.8,0.02,0,50.699999999999996,21.39,low,OK
TX_001000,STORE_08,hyper,CHK_036,16,3,0,new,card,1,17,0,1,218,1,1,0,3,205,982,4,212.2,97.72,1,124.3,62.14,high,OPEN_SUPPORT
TX_001001,STORE_06,retail_park,CHK_033,13,1,0,regular,card,0,15,0,0,135,0,0,0,2,192,1000,1,136.8,5.3,0,77.4,36.17,medium,WATCH
TX_001002,STORE_07,hyper,CHK_008,16,5,1,regular,card,1,9,1,0,87,0,0,0,3,173,1063,2,89.7,0.0,0,54.25,23.36,low,OK
TX_001003,STORE_06,retail_park,CHK_030,9,4,0,regular,mobile,1,9,1,0,73,0,0,1,2,197,1000,2,83.6,0.0,0,51.199999999999996,21.67,low,OK
TX_001004,STORE_06,retail_park,CHK_035,19,3,0,regular,card,1,6,1,2,145,0,0,0,2,218,1000,10,152.4,46.46,0,99.8,48.57,medium,WATCH
TX_001005,STORE_05,retail_park,CHK_040,11,6,1,professional,card,1,6,1,0,62,0,2,0,2,193,993,2,67.4,0.19,0,41.300000000000004,16.19,low,OK
TX_001006,STORE_02,city,CHK_004,15,6,1,new,card,0,7,0,0,89,0,1,0,0,219,994,1,85.4,3.37,0,46.900000000000006,19.29,low,OK
TX_001007,STORE_07,hyper,CHK_030,18,3,0,regular,card,0,15,0,0,141,0,0,0,3,197,1063,1,159.8,4.85,0,88.9,42.54,medium,WATCH
TX_001008,STORE_06,retail_park,CHK_024,17,4,0,new,card,1,5,1,0,72,0,1,0,2,217,1000,2,70.0,0.18,0,42.0,16.58,low,OK
TX_001009,STORE_01,city,CHK_032,18,6,1,professional,card,0,8,1,0,96,0,2,0,0,205,987,3,101.6,1.51,0,59.599999999999994,26.32,low,OK
TX_001010,STORE_01,city,CHK_040,11,5,1,new,mobile,0,11,0,1,167,1,1,1,0,193,987,5,162.7,84.66,1,95.94999999999999,46.44,medium,OPEN_SUPPORT
TX_001011,STORE_08,hyper,CHK_004,19,0,0,regular,card,0,10,0,0,124,0,0,0,3,219,982,1,120.4,0.39,0,66.2,29.98,low,OK
TX_001012,STORE_04,mall,CHK_022,19,6,1,regular,mobile,0,4,2,0,77,0,0,1,1,223,987,5,74.3,0.0,0,47.55,19.65,low,OK
TX_001013,STORE_04,mall,CHK_031,12,6,1,regular,mobile,0,6,0,0,63,0,0,1,1,194,987,1,67.1,0.0,0,37.15,13.89,low,OK
TX_001014,STORE_02,city,CHK_029,11,5,1,regular,card,0,4,2,0,58,0,0,0,0,211,994,5,60.8,0.48,0,40.8,15.91,low,OK
TX_001015,STORE_08,hyper,CHK_027,19,1,0,regular,mobile,1,12,1,0,123,0,0,1,3,200,982,2,129.6,0.82,0,76.0,35.4,medium,WATCH
TX_001016,STORE_03,mall,CHK_040,11,4,0,new,card,1,9,1,0,109,0,1,0,1,193,994,2,105.8,0.24,0,62.3,27.82,low,OK
TX_001017,STORE_02,city,CHK_038,8,6,1,regular,card,1,1,1,0,28,0,0,0,0,194,994,2,28.5,0.0,0,18.85,3.76,low,OK
TX_001018,STORE_05,retail_park,CHK_038,17,1,0,new,card,0,9,1,0,110,0,1,0,2,194,993,3,114.1,4.79,0,66.45,30.11,low,OK
TX_001019,STORE_06,retail_park,CHK_013,15,6,1,regular,card,0,5,0,0,55,0,0,0,2,192,1000,1,57.4,0.08,0,31.7,10.88,low,OK
TX_001020,STORE_04,mall,CHK_031,14,5,1,regular,card,1,11,0,0,105,0,0,0,1,194,987,0,102.8,0.05,0,58.0,25.44,low,OK
TX_001021,STORE_08,hyper,CHK_004,12,2,0,regular,card,1,18,1,0,204,0,0,0,3,219,982,2,162.7,0.5,0,96.14999999999999,46.55,medium,WATCH
TX_001022,STORE_06,retail_park,CHK_040,14,0,0,professional,card,1,1,0,0,29,0,2,0,2,193,1000,0,29.5,0.15,0,15.35,1.83,low,OK
TX_001023,STORE_06,retail_park,CHK_040,10,1,0,regular,mobile,0,2,0,0,32,0,0,1,2,193,1000,1,30.3,0.02,0,16.35,2.38,low,OK
TX_001024,STORE_02,city,CHK_037,20,2,0,regular,card,0,3,0,0,56,0,0,0,0,194,994,1,52.6,0.54,0,28.1,8.88,low,OK
TX_001025,STORE_02,city,CHK_037,19,1,0,regular,mobile,0,8,2,0,118,0,0,1,0,194,994,5,101.3,0.31,0,63.449999999999996,28.45,low,OK
TX_001026,STORE_03,mall,CHK_005,15,5,1,regular,gift_card,0,10,1,1,137,0,0,2,1,205,994,7,140.5,52.13,1,88.25,42.18,medium,MONITOR_QUEUE
TX_001027,STORE_04,mall,CHK_006,18,4,0,new,gift_card,1,1,1,1,90,0,1,2,1,223,987,6,86.7,10.12,0,55.95,24.3,low,OK
TX_001028,STORE_03,mall,CHK_023,12,4,0,regular,mobile,1,10,0,0,82,0,0,1,1,188,994,0,103.4,0.0,0,57.7,25.27,low,OK
TX_001029,STORE_03,mall,CHK_015,17,0,0,regular,card,0,4,0,1,94,0,0,0,1,207,994,5,96.5,10.59,0,58.65,25.8,low,OK
TX_001030,STORE_03,mall,CHK_029,14,1,0,new,card,0,8,1,0,99,0,1,0,1,211,994,3,101.9,4.68,0,59.75,26.4,low,OK
TX_001031,STORE_01,city,CHK_002,17,5,1,regular,gift_card,1,5,0,0,53,0,0,2,0,161,987,0,54.0,0.0,0,30.0,9.94,low,OK
TX_001032,STORE_02,city,CHK_006,18,4,0,regular,card,0,10,2,0,141,0,0,0,0,223,994,5,132.7,1.92,0,80.35,37.81,medium,WATCH
TX_001033,STORE_05,retail_park,CHK_010,17,3,0,regular,mobile,1,7,0,0,66,0,0,1,2,204,993,0,65.6,0.01,0,37.0,13.81,low,OK
TX_001034,STORE_06,retail_park,CHK_017,15,4,0,regular,card,0,10,0,0,112,0,0,0,2,202,1000,1,89.7,0.62,0,50.85,21.48,low,OK
TX_001035,STORE_02,city,CHK_005,9,6,1,new,card,1,9,1,0,121,0,1,0,0,205,994,2,105.5,0.46,0,62.15,27.73,low,OK
TX_001036,STORE_06,retail_park,CHK_013,10,6,1,regular,card,0,9,0,0,98,0,0,0,2,192,1000,1,92.3,0.28,0,51.55,21.87,low,OK
TX_001037,STORE_08,hyper,CHK_014,18,2,0,regular,mobile,1,8,2,0,108,0,0,1,3,213,982,4,101.2,0.22,0,63.4,28.43,low,OK
TX_001038,STORE_02,city,CHK_023,15,5,1,new,card,1,12,0,0,111,0,1,0,0,188,994,0,123.4,0.98,0,68.9,31.47,low,OK
TX_001039,STORE_02,city,CHK_028,11,0,0,regular,card,1,10,1,0,97,0,0,0,0,218,994,2,93.9,0.31,0,56.95,24.85,low,OK
TX_001040,STORE_04,mall,CHK_024,12,3,0,new,mobile,1,7,0,0,91,0,1,1,1,217,987,0,88.2,0.05,0,48.300000000000004,20.07,low,OK
TX_001041,STORE_06,retail_park,CHK_030,20,0,0,regular,card,0,7,0,0,103,0,0,0,2,197,1000,1,94.7,0.21,0,51.550000000000004,21.87,low,OK
TX_001042,STORE_01,city,CHK_009,20,3,0,regular,card,0,10,0,0,134,0,0,0,0,211,987,1,118.9,2.04,0,65.45,29.56,low,OK
TX_001043,STORE_07,hyper,CHK_012,20,3,0,regular,card,1,13,2,0,146,0,0,0,3,201,1063,4,152.5,2.24,0,92.05,44.28,medium,WATCH
TX_001044,STORE_06,retail_park,CHK_006,8,2,0,regular,card,0,12,2,0,112,0,0,0,2,223,1000,5,117.3,3.25,0,73.85000000000001,34.21,low,OK
TX_001045,STORE_02,city,CHK_019,15,3,0,new,card,0,12,1,0,117,0,1,0,0,187,994,3,134.5,48.75,0,78.45,36.76,medium,WATCH
TX_001046,STORE_02,city,CHK_004,19,5,1,regular,card,0,4,2,0,77,0,0,0,0,219,994,5,72.8,0.0,0,46.8,19.24,low,OK
TX_001047,STORE_02,city,CHK_008,9,5,1,new,card,1,11,0,0,121,0,1,0,0,173,994,0,120.5,0.73,0,66.85,30.33,low,OK
TX_001048,STORE_03,mall,CHK_013,14,6,1,professional,mobile,1,14,1,0,126,0,2,1,1,192,994,2,147.3,0.9,0,86.05000000000001,40.96,medium,WATCH
TX_001049,STORE_02,city,CHK_025,19,4,0,regular,card,0,20,3,1,230,1,0,0,0,213,994,11,236.3,97.76,1,150.15,76.45,critical,OPEN_SUPPORT
TX_001050,STORE_02,city,CHK_013,15,1,0,regular,mobile,1,12,1,0,119,0,0,1,0,192,994,2,108.9,0.2,0,65.65,29.67,low,OK
TX_001051,STORE_05,retail_park,CHK_008,10,1,0,professional,card,0,11,0,0,112,0,2,0,2,173,993,1,123.4,5.08,0,68.3,31.14,low,OK
TX_001052,STORE_06,retail_park,CHK_030,10,6,1,regular,card,1,8,0,0,82,0,0,0,2,197,1000,0,78.2,0.0,0,43.9,17.63,low,OK
TX_001053,STORE_03,mall,CHK_021,16,3,0,regular,card,1,6,0,0,67,0,0,0,1,203,994,0,62.2,0.04,0,34.7,12.54,low,OK
TX_001054,STORE_07,hyper,CHK_013,9,1,0,regular,gift_card,0,11,2,0,107,0,0,2,3,192,1063,5,116.0,4.41,0,72.6,33.52,low,OK
TX_001055,STORE_05,retail_park,CHK_028,13,4,0,regular,mobile,0,10,0,0,116,0,0,1,2,218,993,1,108.2,0.1,0,60.1,26.6,low,OK
TX_001056,STORE_01,city,CHK_022,11,0,0,new,card,1,14,1,0,140,0,1,0,0,223,987,2,163.6,6.24,0,94.2,45.47,medium,WATCH
TX_001057,STORE_04,mall,CHK_016,10,1,0,new,card,0,4,2,0,71,0,1,0,1,195,987,5,67.2,4.02,0,44.0,17.69,low,OK
TX_001058,STORE_07,hyper,CHK_024,14,4,0,regular,mobile,1,9,1,0,91,0,0,1,3,217,1063,2,92.2,0.35,0,55.5,24.05,low,OK
TX_001059,STORE_05,retail_park,CHK_026,13,2,0,new,card,0,13,0,0,147,0,1,0,2,183,993,1,152.1,55.03,1,83.85,39.75,medium,MONITOR_QUEUE
TX_001060,STORE_02,city,CHK_036,12,2,0,regular,card,1,8,2,0,99,0,0,0,0,205,994,4,91.4,0.31,0,58.5,25.71,low,OK
TX_001061,STORE_03,mall,CHK_005,20,5,1,professional,mobile,0,14,1,0,165,0,2,1,1,205,994,3,168.2,24.11,0,96.5,46.75,medium,WATCH
TX_001062,STORE_05,retail_park,CHK_012,14,1,0,regular,card,1,7,0,1,100,0,0,0,2,201,993,4,128.2,9.94,0,76.3,35.57,medium,WATCH
TX_001063,STORE_01,city,CHK_032,18,5,1,regular,card,0,9,0,0,120,0,0,0,0,205,987,1,109.3,0.28,0,60.05,26.57,low,OK
TX_001064,STORE_05,retail_park,CHK_038,18,6,1,regular,card,1,9,1,0,117,0,0,0,2,194,993,2,105.9,0.37,0,62.35,27.84,low,OK
TX_001065,STORE_08,hyper,CHK_023,12,3,0,regular,mobile,1,9,0,0,73,0,0,1,3,188,982,0,86.1,0.1,0,48.449999999999996,20.15,low,OK
TX_001066,STORE_07,hyper,CHK_007,20,2,0,new,card,0,16,1,0,180,1,1,0,3,217,1063,3,186.3,86.1,1,106.75,52.42,medium,OPEN_SUPPORT
TX_001067,STORE_03,mall,CHK_021,9,3,0,regular,mobile,1,9,0,0,88,0,0,1,1,203,994,0,82.8,0.2,0,46.8,19.24,low,OK
TX_001068,STORE_07,hyper,CHK_040,10,5,1,regular,card,1,13,1,0,97,0,0,0,3,193,1063,2,107.8,0.05,0,65.7,29.7,low,OK
TX_001069,STORE_04,mall,CHK_009,9,2,0,new,card,1,6,1,0,79,0,1,0,1,211,987,2,74.8,0.09,0,45.0,18.24,low,OK
TX_001070,STORE_04,mall,CHK_010,10,5,1,new,card,0,10,1,0,102,0,1,0,1,204,987,3,107.9,5.27,0,63.95,28.73,low,OK
TX_001071,STORE_06,retail_park,CHK_009,13,5,1,regular,card,0,5,0,0,58,0,0,0,2,211,1000,1,58.3,0.02,0,32.15,11.13,low,OK
TX_001072,STORE_03,mall,CHK_034,9,3,0,regular,card,1,16,0,1,145,0,0,0,1,189,994,4,165.0,69.44,1,100.1,48.74,medium,MONITOR_QUEUE
TX_001073,STORE_01,city,CHK_024,8,1,0,regular,card,1,8,1,0,88,0,0,0,0,217,987,2,80.5,0.0,0,49.05,20.48,low,OK
TX_001074,STORE_03,mall,CHK_019,19,3,0,regular,mobile,1,6,0,0,79,0,0,1,1,187,994,0,77.2,0.01,0,42.2,16.69,low,OK
TX_001075,STORE_01,city,CHK_001,15,4,0,new,card,1,8,1,1,139,0,1,0,0,209,987,6,133.1,27.26,0,83.35,39.47,medium,WATCH
TX_001076,STORE_08,hyper,CHK_027,13,4,0,regular,card,1,12,0,0,125,0,0,0,3,200,982,0,113.7,0.15,0,64.05,28.78,low,OK
TX_001077,STORE_05,retail_park,CHK_019,17,2,0,regular,card,0,3,0,0,37,0,0,0,2,187,993,1,40.4,0.19,0,22.0,5.51,low,OK
TX_001078,STORE_06,retail_park,CHK_030,12,4,0,professional,card,0,7,1,0,81,0,2,0,2,197,1000,3,87.0,1.74,0,51.7,21.95,low,OK
TX_001079,STORE_08,hyper,CHK_014,14,3,0,regular,mobile,1,14,0,0,133,0,0,1,3,213,982,0,121.7,0.05,0,69.25,31.66,low,OK
TX_001080,STORE_07,hyper,CHK_018,9,2,0,new,card,0,12,2,1,156,1,1,0,3,200,1063,9,173.0,92.95,1,109.7,54.05,medium,OPEN_SUPPORT
TX_001081,STORE_02,city,CHK_018,21,2,0,professional,card,0,5,2,0,66,0,2,0,0,200,994,5,70.0,3.29,0,46.0,18.79,low,OK
TX_001082,STORE_08,hyper,CHK_011,19,3,0,regular,card,0,9,3,1,162,1,0,0,3,179,982,11,158.1,92.08,1,104.45,51.15,medium,OPEN_SUPPORT
TX_001083,STORE_08,hyper,CHK_020,17,3,0,new,card,1,14,0,0,113,0,1,0,3,175,982,0,120.9,1.46,0,68.85000000000001,31.44,low,OK
TX_001084,STORE_01,city,CHK_032,16,6,1,new,card,0,8,1,0,101,0,1,0,0,205,987,3,101.6,3.35,0,59.599999999999994,26.32,low,OK
TX_001085,STORE_01,city,CHK_019,13,6,1,new,card,1,13,0,0,170,0,1,0,0,187,987,0,146.7,1.34,0,81.14999999999999,38.25,medium,WATCH
TX_001086,STORE_06,retail_park,CHK_034,12,5,1,regular,card,0,7,2,0,90,0,0,0,2,189,1000,5,94.3,1.21,0,59.35,26.18,low,OK
TX_001087,STORE_04,mall,CHK_004,16,1,0,regular,card,0,9,0,0,91,0,0,0,1,219,987,1,90.9,0.6,0,50.85,21.48,low,OK
TX_001088,STORE_06,retail_park,CHK_002,20,3,0,regular,card,0,8,0,0,91,0,0,0,2,161,1000,1,92.9,0.04,0,51.25,21.7,low,OK
TX_001089,STORE_03,mall,CHK_019,16,1,0,regular,card,1,14,1,2,161,1,0,0,1,187,994,10,183.9,97.11,1,120.35000000000001,59.95,high,OPEN_SUPPORT
TX_001090,STORE_06,retail_park,CHK_037,8,0,0,regular,card,1,2,1,0,33,0,0,0,2,194,1000,2,35.6,0.0,0,23.0,6.06,low,OK
TX_001091,STORE_04,mall,CHK_008,20,5,1,regular,card,1,4,0,1,98,0,0,0,1,173,987,4,103.8,8.47,0,62.3,27.82,low,OK
TX_001092,STORE_07,hyper,CHK_032,9,6,1,regular,card,1,12,0,2,212,1,0,0,3,205,1063,8,204.5,89.25,1,125.45,62.77,high,OPEN_SUPPORT
TX_001093,STORE_04,mall,CHK_007,14,4,0,regular,card,1,7,0,0,71,0,0,0,1,217,987,0,70.4,0.0,0,39.400000000000006,15.14,low,OK
TX_001094,STORE_03,mall,CHK_002,21,6,1,new,card,1,9,0,0,84,0,1,0,1,161,994,0,91.9,0.52,0,51.35,21.75,low,OK
TX_001095,STORE_02,city,CHK_003,19,6,1,regular,card,1,11,0,0,129,0,0,0,0,195,994,0,117.2,0.5,0,65.2,29.42,low,OK
TX_001096,STORE_05,retail_park,CHK_006,19,1,0,new,card,1,9,0,0,132,0,1,0,2,223,993,0,125.7,0.21,0,68.25,31.11,low,OK
TX_001097,STORE_02,city,CHK_038,13,2,0,regular,card,1,8,0,0,75,0,0,0,0,194,994,0,83.0,0.01,0,46.3,18.96,low,OK
TX_001098,STORE_07,hyper,CHK_007,18,3,0,regular,card,1,13,0,0,126,0,0,0,3,217,1063,0,141.9,0.17,0,78.75,36.92,medium,WATCH
TX_001099,STORE_06,retail_park,CHK_023,20,1,0,regular,card,1,11,0,1,170,1,0,0,2,188,1000,4,172.0,84.21,1,100.6,49.02,medium,OPEN_SUPPORT
TX_001100,STORE_06,retail_park,CHK_009,9,5,1,regular,card,1,5,2,0,66,0,0,0,2,211,1000,4,65.6,0.0,0,43.8,17.58,low,OK
TX_001101,STORE_05,retail_park,CHK_005,9,4,0,regular,mobile,1,12,2,0,126,0,0,1,2,205,993,4,115.8,0.78,0,73.10000000000001,33.79,low,OK
TX_001102,STORE_01,city,CHK_005,19,6,1,regular,card,1,6,0,0,81,0,0,0,0,205,987,0,76.6,0.0,0,41.9,16.52,low,OK
TX_001103,STORE_08,hyper,CHK_003,8,2,0,professional,card,1,6,2,0,83,0,2,0,3,195,982,4,82.6,0.04,0,52.9,22.61,low,OK
TX_001104,STORE_08,hyper,CHK_030,13,2,0,regular,card,0,13,2,1,195,1,0,0,3,197,982,9,186.5,89.45,1,117.05,58.12,high,OPEN_SUPPORT
TX_001105,STORE_01,city,CHK_007,13,2,0,new,card,1,4,1,0,71,0,1,0,0,217,987,2,68.9,0.22,0,40.85,15.94,low,OK
TX_001106,STORE_05,retail_park,CHK_026,20,0,0,new,card,1,7,0,0,97,0,1,0,2,183,993,0,99.3,0.05,0,53.85,23.14,low,OK
TX_001107,STORE_02,city,CHK_009,9,1,0,new,card,0,8,1,0,90,0,1,0,0,211,994,3,94.6,3.14,0,56.099999999999994,24.38,low,OK
TX_001108,STORE_03,mall,CHK_033,9,2,0,regular,card,0,12,2,0,141,0,0,0,1,192,994,5,125.9,5.43,0,78.15,36.59,medium,WATCH
TX_001109,STORE_08,hyper,CHK_022,14,6,1,new,mobile,1,9,0,0,92,0,1,1,3,223,982,0,107.1,0.0,0,58.949999999999996,25.96,low,OK
TX_001110,STORE_01,city,CHK_006,12,5,1,regular,card,1,8,1,0,82,0,0,0,0,223,987,2,85.4,0.25,0,51.5,21.84,low,OK
TX_001111,STORE_05,retail_park,CHK_004,13,5,1,regular,gift_card,1,1,0,0,29,0,0,2,2,219,993,0,27.5,0.0,0,14.35,1.27,low,OK
TX_001112,STORE_03,mall,CHK_040,18,3,0,regular,mobile,0,13,2,0,152,0,0,1,1,193,994,5,154.4,8.05,0,93.0,44.81,medium,WATCH
TX_001113,STORE_03,mall,CHK_025,12,1,0,regular,card,1,8,1,0,87,0,0,0,1,213,994,2,87.5,0.01,0,52.55,22.42,low,OK
TX_001114,STORE_05,retail_park,CHK_006,12,6,1,new,card,1,14,0,0,133,0,1,0,2,223,993,0,149.7,3.58,0,83.25,39.41,medium,WATCH
TX_001115,STORE_01,city,CHK_003,20,1,0,regular,card,1,10,0,0,97,0,0,0,0,195,987,0,105.3,0.57,0,58.65,25.8,low,OK
TX_001116,STORE_07,hyper,CHK_025,12,6,1,regular,card,1,11,1,0,124,0,0,0,3,213,1063,2,113.6,0.43,0,67.39999999999999,30.64,low,OK
TX_001117,STORE_03,mall,CHK_004,19,1,0,regular,card,1,7,1,0,98,0,0,0,1,219,994,2,88.2,0.01,0,52.300000000000004,22.28,low,OK
TX_001118,STORE_08,hyper,CHK_028,15,2,0,professional,card,1,6,1,0,71,0,2,0,3,218,982,2,71.0,0.67,0,43.1,17.19,low,OK
TX_001119,STORE_07,hyper,CHK_007,17,4,0,regular,card,0,18,2,0,170,0,0,0,3,217,1063,5,173.8,4.63,0,105.7,51.84,medium,WATCH
TX_001120,STORE_03,mall,CHK_038,11,2,0,new,card,0,9,0,0,109,0,1,0,1,194,994,1,106.9,5.21,0,58.85,25.91,low,OK
TX_001121,STORE_03,mall,CHK_033,15,5,1,regular,card,0,8,1,1,144,0,0,0,1,192,994,7,130.4,19.95,0,82.0,38.72,medium,WATCH
TX_001122,STORE_08,hyper,CHK_031,15,4,0,regular,card,1,7,0,0,56,0,0,0,3,194,982,0,63.4,0.1,0,35.9,13.2,low,OK
TX_001123,STORE_07,hyper,CHK_016,16,1,0,regular,card,0,6,1,0,79,0,0,0,3,195,1063,3,75.2,0.29,0,45.2,18.35,low,OK
TX_001124,STORE_05,retail_park,CHK_017,9,4,0,new,card,1,10,1,0,128,0,1,0,2,202,993,2,108.3,0.47,0,64.15,28.84,low,OK
TX_001125,STORE_06,retail_park,CHK_028,12,0,0,regular,card,1,9,0,0,90,0,0,0,2,218,1000,0,90.0,0.13,0,50.4,21.23,low,OK
TX_001126,STORE_07,hyper,CHK_033,19,2,0,new,mobile,1,12,1,0,165,0,1,1,3,192,1063,2,153.5,5.52,0,87.95,42.01,medium,WATCH
TX_001127,STORE_04,mall,CHK_005,13,5,1,regular,mobile,1,7,1,0,87,0,0,1,1,205,987,2,81.6,0.0,0,49.0,20.45,low,OK
TX_001128,STORE_08,hyper,CHK_013,12,3,0,new,card,0,16,0,0,167,1,1,0,3,192,982,1,174.4,76.9,1,96.8,46.91,medium,OPEN_SUPPORT
TX_001129,STORE_04,mall,CHK_033,20,1,0,regular,mobile,0,10,0,0,106,0,0,1,1,192,987,1,113.1,0.97,0,62.55,27.95,low,OK
TX_001130,STORE_03,mall,CHK_008,17,5,1,regular,card,1,12,3,2,191,1,0,0,1,173,994,14,206.3,90.58,1,138.35,69.91,high,OPEN_SUPPORT
TX_001131,STORE_02,city,CHK_019,13,3,0,regular,card,1,3,1,0,50,0,0,0,0,187,994,2,48.4,0.01,0,30.0,9.94,low,OK
TX_001132,STORE_08,hyper,CHK_019,18,2,0,new,card,0,7,1,0,123,0,1,0,3,187,982,3,117.7,4.95,0,67.05,30.45,low,OK
TX_001133,STORE_08,hyper,CHK_018,15,3,0,professional,card,1,9,0,0,90,0,2,0,3,200,982,0,94.7,0.51,0,52.75,22.53,low,OK
TX_001134,STORE_01,city,CHK_024,20,3,0,new,card,0,11,2,0,181,1,1,0,0,217,987,5,166.2,64.12,1,97.69999999999999,47.41,medium,MONITOR_QUEUE
TX_001135,STORE_06,retail_park,CHK_032,19,4,0,professional,card,0,10,4,0,180,1,2,0,2,205,1000,9,167.3,74.14,1,105.65,51.81,medium,OPEN_SUPPORT
TX_001136,STORE_01,city,CHK_024,10,4,0,regular,mobile,0,10,1,1,119,0,0,1,0,217,987,7,128.6,32.82,0,82.3,38.89,medium,WATCH
TX_001137,STORE_08,hyper,CHK_007,20,5,1,regular,mobile,0,14,0,1,162,1,0,1,3,217,982,5,174.7,91.08,1,103.75,50.76,medium,OPEN_SUPPORT
TX_001138,STORE_05,retail_park,CHK_006,21,5,1,regular,card,1,13,0,0,107,0,0,0,2,223,993,0,104.2,0.4,0,59.9,26.49,low,OK
TX_001139,STORE_07,hyper,CHK_002,11,2,0,regular,card,0,7,0,1,134,0,0,0,3,161,1063,5,127.5,11.19,0,75.95,35.37,medium,WATCH
TX_001140,STORE_02,city,CHK_036,12,3,0,new,gift_card,0,7,0,0,100,0,1,2,0,205,994,1,96.8,2.64,0,52.6,22.45,low,OK
TX_001141,STORE_04,mall,CHK_009,17,6,1,regular,card,1,16,2,0,144,0,0,0,1,211,987,4,148.0,4.5,0,91.6,44.04,medium,WATCH
TX_001142,STORE_04,mall,CHK_025,17,4,0,regular,mobile,1,10,3,0,105,0,0,1,1,213,987,6,99.8,1.96,0,67.9,30.92,low,OK
TX_001143,STORE_08,hyper,CHK_006,8,5,1,new,gift_card,0,11,0,0,116,0,1,2,3,223,982,1,125.2,7.42,0,69.2,31.64,low,OK
TX_001144,STORE_04,mall,CHK_007,21,1,0,new,card,1,1,3,0,48,0,1,0,1,217,987,6,47.2,2.66,0,36.2,13.37,low,OK
TX_001145,STORE_07,hyper,CHK_019,9,2,0,regular,card,1,16,0,0,122,0,0,0,3,187,1063,0,128.6,0.47,0,73.89999999999999,34.24,low,OK
TX_001146,STORE_04,mall,CHK_030,8,0,0,regular,card,1,11,2,0,124,0,0,0,1,197,987,4,119.0,0.36,0,74.1,34.35,low,OK
TX_001147,STORE_01,city,CHK_021,15,6,1,regular,mobile,0,13,0,0,121,0,0,1,0,203,987,1,119.2,2.63,0,67.4,30.64,low,OK
TX_001148,STORE_07,hyper,CHK_039,11,3,0,regular,card,1,9,0,0,74,0,0,0,3,195,1063,0,80.8,0.26,0,45.8,18.68,low,OK
TX_001149,STORE_07,hyper,CHK_011,13,2,0,regular,mobile,1,5,1,2,163,1,0,1,3,179,1063,10,155.8,73.41,1,100.9,49.18,medium,OPEN_SUPPORT
TX_001150,STORE_04,mall,CHK_024,14,6,1,regular,mobile,1,11,2,1,178,1,0,1,1,217,987,8,161.8,72.04,1,103.5,50.62,medium,OPEN_SUPPORT
TX_001151,STORE_05,retail_park,CHK_011,14,3,0,professional,card,1,10,3,0,138,0,2,0,2,179,993,6,130.8,6.86,0,83.4,39.5,medium,WATCH
TX_001152,STORE_08,hyper,CHK_005,16,2,0,regular,mobile,1,9,0,0,76,0,0,1,3,205,982,0,80.4,0.3,0,45.6,18.57,low,OK
TX_001153,STORE_07,hyper,CHK_034,15,5,1,regular,card,1,7,1,1,117,0,0,0,3,189,1063,6,122.2,8.97,0,77.3,36.12,medium,WATCH
TX_001154,STORE_08,hyper,CHK_034,12,0,0,new,card,0,12,0,0,155,0,1,0,3,189,982,1,145.6,33.98,0,80.0,37.61,medium,WATCH
TX_001155,STORE_07,hyper,CHK_026,20,6,1,new,mobile,1,13,1,0,138,0,1,1,3,183,1063,2,153.1,5.36,0,88.35,42.24,medium,WATCH
TX_001156,STORE_08,hyper,CHK_011,16,2,0,regular,mobile,0,18,0,0,145,0,0,1,3,179,982,1,156.0,2.56,0,88.8,42.49,medium,WATCH
TX_001157,STORE_01,city,CHK_025,21,5,1,regular,mobile,1,12,0,1,153,0,0,1,0,213,987,4,148.8,44.27,0,89.60000000000001,42.93,medium,WATCH
TX_001158,STORE_06,retail_park,CHK_024,13,4,0,regular,card,1,14,0,0,129,0,0,0,2,217,1000,0,126.7,0.0,0,71.75,33.05,low,OK
TX_001159,STORE_03,mall,CHK_001,8,3,0,new,card,0,9,2,0,118,0,1,0,1,209,994,5,118.5,7.67,0,72.65,33.55,low,OK
TX_001160,STORE_03,mall,CHK_025,14,1,0,regular,card,0,10,2,1,180,1,0,0,1,213,994,9,169.3,80.31,1,106.65,52.37,medium,OPEN_SUPPORT
TX_001161,STORE_08,hyper,CHK_029,19,4,0,regular,card,1,13,2,0,140,0,0,0,3,211,982,4,143.8,1.86,0,87.7,41.88,medium,WATCH
TX_001162,STORE_02,city,CHK_009,13,2,0,regular,card,0,6,1,0,89,0,0,0,0,211,994,3,80.0,0.15,0,47.6,19.68,low,OK
TX_001163,STORE_07,hyper,CHK_027,12,4,0,regular,mobile,1,9,0,0,97,0,0,1,3,200,1063,0,89.4,0.26,0,50.1,21.06,low,OK
TX_001164,STORE_08,hyper,CHK_009,14,6,1,regular,card,0,19,1,0,194,0,0,0,3,211,982,3,171.1,7.56,0,100.95,49.21,medium,WATCH
TX_001165,STORE_06,retail_park,CHK_026,9,2,0,regular,gift_card,1,3,1,0,45,0,0,2,2,183,1000,2,46.2,0.0,0,28.900000000000002,9.33,low,OK
TX_001166,STORE_05,retail_park,CHK_034,21,2,0,regular,card,1,11,0,0,108,0,0,0,2,189,993,0,103.1,0.0,0,58.15,25.52,low,OK
TX_001167,STORE_08,hyper,CHK_040,8,6,1,regular,mobile,0,7,1,1,96,0,0,1,3,193,982,7,105.3,14.2,0,68.85000000000001,31.44,low,OK
TX_001168,STORE_08,hyper,CHK_009,21,2,0,regular,mobile,0,13,3,1,157,1,0,1,3,211,982,11,171.0,93.48,1,113.3,56.05,high,OPEN_SUPPORT
TX_001169,STORE_02,city,CHK_025,9,6,1,regular,card,1,1,0,0,23,0,0,0,0,213,994,0,24.2,0.0,0,12.7,0.36,low,OK
TX_001170,STORE_01,city,CHK_035,8,4,0,regular,card,0,5,0,0,60,0,0,0,0,218,987,1,58.1,0.17,0,32.05,11.07,low,OK
TX_001171,STORE_03,mall,CHK_006,17,1,0,new,card,0,8,0,0,90,0,1,0,1,223,994,1,97.0,3.86,0,53.3,22.83,low,OK
TX_001172,STORE_02,city,CHK_001,8,0,0,new,card,0,1,0,0,30,0,1,0,0,209,994,1,29.8,2.87,0,15.5,1.91,low,OK
TX_001173,STORE_06,retail_park,CHK_010,21,6,1,regular,card,1,7,1,0,63,0,0,0,2,204,1000,2,66.6,0.0,0,41.5,16.3,low,OK
TX_001174,STORE_02,city,CHK_040,18,5,1,new,card,0,1,1,0,46,0,1,0,0,193,994,3,43.5,4.97,0,26.35,7.92,low,OK
TX_001175,STORE_05,retail_park,CHK_028,11,4,0,new,mobile,0,9,1,0,107,0,1,1,2,218,993,3,112.4,4.6,0,65.60000000000001,29.64,low,OK
TX_001176,STORE_03,mall,CHK_015,20,4,0,regular,card,1,10,1,0,108,0,0,0,1,207,994,2,113.3,0.0,0,66.65,30.22,low,OK
TX_001177,STORE_08,hyper,CHK_001,15,0,0,regular,card,0,13,0,0,134,0,0,0,3,209,982,1,119.4,2.48,0,67.5,30.69,low,OK
TX_001178,STORE_07,hyper,CHK_029,11,1,0,new,card,0,9,0,0,120,0,1,0,3,211,1063,1,110.7,4.83,0,60.75,26.96,low,OK
TX_001179,STORE_07,hyper,CHK_012,14,4,0,professional,card,1,11,2,0,114,0,2,0,3,201,1063,4,121.7,2.57,0,75.44999999999999,35.1,medium,WATCH
TX_001180,STORE_01,city,CHK_026,16,5,1,professional,gift_card,0,7,1,0,95,0,2,2,0,183,987,3,96.5,0.56,0,56.45,24.58,low,OK
TX_001181,STORE_08,hyper,CHK_013,12,2,0,regular,mobile,0,12,1,0,129,0,0,1,3,192,982,3,126.8,2.1,0,74.60000000000001,34.62,low,OK
TX_001182,STORE_08,hyper,CHK_009,11,6,1,regular,card,0,10,3,1,140,1,0,0,3,211,982,11,147.2,74.76,1,99.6,48.46,medium,OPEN_SUPPORT
TX_001183,STORE_03,mall,CHK_004,14,0,0,regular,card,1,6,1,0,71,0,0,0,1,219,994,2,73.0,0.01,0,44.1,17.74,low,OK
TX_001184,STORE_05,retail_park,CHK_021,17,6,1,professional,mobile,0,8,1,0,86,0,2,1,2,203,993,3,96.9,1.46,0,57.25,25.02,low,OK
TX_001185,STORE_08,hyper,CHK_010,10,1,0,regular,card,0,17,0,0,159,0,0,0,3,204,982,1,154.0,4.14,0,87.2,41.6,medium,WATCH
TX_001186,STORE_01,city,CHK_019,19,3,0,new,card,0,6,4,0,116,1,1,0,0,187,987,9,114.0,85.21,1,76.6,35.73,medium,OPEN_SUPPORT
TX_001187,STORE_05,retail_park,CHK_030,20,5,1,new,card,0,9,1,0,115,0,1,0,2,197,993,3,123.8,6.79,0,71.30000000000001,32.8,low,OK
TX_001188,STORE_03,mall,CHK_014,16,2,0,regular,mobile,1,3,1,0,46,0,0,1,1,213,994,2,45.2,0.04,0,28.400000000000002,9.05,low,OK
TX_001189,STORE_03,mall,CHK_030,20,6,1,regular,mobile,0,3,1,0,52,0,0,1,1,197,994,3,52.7,0.1,0,32.15,11.13,low,OK
TX_001190,STORE_05,retail_park,CHK_026,21,5,1,regular,card,0,10,2,0,122,0,0,0,2,183,993,5,110.4,4.58,0,69.2,31.64,low,OK
TX_001191,STORE_03,mall,CHK_036,21,4,0,regular,card,1,1,0,0,23,0,0,0,1,205,994,0,24.3,0.3,0,12.75,0.39,low,OK
TX_001192,STORE_07,hyper,CHK_011,15,4,0,regular,mobile,1,11,0,1,121,0,0,1,3,179,1063,4,135.2,51.07,1,82.19999999999999,38.83,medium,MONITOR_QUEUE
TX_001193,STORE_04,mall,CHK_016,15,2,0,professional,card,0,6,0,0,81,0,2,0,1,195,987,1,75.4,2.09,0,41.300000000000004,16.19,low,OK
TX_001194,STORE_04,mall,CHK_019,18,3,0,professional,card,0,10,2,0,150,0,2,0,1,187,987,5,140.5,13.77,0,84.25,39.97,medium,WATCH
TX_001195,STORE_04,mall,CHK_010,10,4,0,regular,card,0,7,1,0,72,0,0,0,1,204,987,3,76.2,0.11,0,46.300000000000004,18.96,low,OK
TX_001196,STORE_07,hyper,CHK_017,15,4,0,regular,card,0,9,1,0,89,0,0,0,3,202,1063,3,96.3,0.13,0,57.55,25.19,low,OK
TX_001197,STORE_05,retail_park,CHK_036,20,1,0,new,card,1,5,1,1,109,0,1,0,2,205,993,6,112.8,21.16,0,71.4,32.85,low,OK
TX_001198,STORE_07,hyper,CHK_030,10,4,0,regular,card,1,16,1,0,153,0,0,0,3,197,1063,2,134.7,0.53,0,80.94999999999999,38.14,medium,WATCH
TX_001199,STORE_07,hyper,CHK_031,13,2,0,professional,mobile,1,11,0,2,206,1,2,1,3,194,1063,8,204.4,90.47,1,124.8,62.41,high,OPEN_SUPPORT
TX_001200,STORE_01,city,CHK_017,20,2,0,regular,card,1,12,0,0,116,0,0,0,0,202,987,0,123.9,0.38,0,69.15,31.61,low,OK
TX_001201,STORE_07,hyper,CHK_038,17,3,0,regular,mobile,1,11,0,1,139,0,0,1,3,194,1063,4,137.7,51.33,1,83.44999999999999,39.52,medium,MONITOR_QUEUE
TX_001202,STORE_06,retail_park,CHK_033,15,0,0,regular,mobile,0,14,1,1,174,1,0,1,2,192,1000,7,174.4,81.06,1,107.60000000000001,52.89,medium,OPEN_SUPPORT
TX_001203,STORE_07,hyper,CHK_020,14,0,0,new,card,1,13,0,0,122,0,1,0,3,175,1063,0,133.4,2.25,0,74.5,34.57,low,OK
TX_001204,STORE_03,mall,CHK_032,16,2,0,professional,card,0,8,0,0,88,0,2,0,1,205,994,1,94.7,1.77,0,52.15,22.2,low,OK
TX_001205,STORE_01,city,CHK_009,12,5,1,regular,card,0,15,2,0,173,0,0,0,0,211,987,5,159.2,9.65,0,96.6,46.8,medium,WATCH
TX_001206,STORE_06,retail_park,CHK_035,9,1,0,new,card,0,14,1,0,164,1,1,0,2,218,1000,3,165.2,82.97,1,95.0,45.92,medium,OPEN_SUPPORT
TX_001207,STORE_06,retail_park,CHK_002,9,1,0,regular,card,1,10,1,0,96,0,0,0,2,161,1000,2,91.2,0.1,0,55.6,24.11,low,OK
TX_001208,STORE_07,hyper,CHK_025,9,1,0,regular,card,1,6,0,0,49,0,0,0,3,213,1063,0,52.4,0.0,0,29.799999999999997,9.83,low,OK
TX_001209,STORE_03,mall,CHK_021,15,1,0,regular,mobile,0,12,0,0,89,0,0,1,1,203,994,1,105.5,2.65,0,59.95,26.52,low,OK
TX_001210,STORE_03,mall,CHK_027,18,1,0,new,card,1,10,1,1,190,1,1,0,1,200,994,6,181.7,88.06,1,108.85,53.58,medium,OPEN_SUPPORT
TX_001211,STORE_01,city,CHK_026,10,2,0,regular,mobile,1,4,0,0,37,0,0,1,0,183,987,0,45.5,0.0,0,25.15,7.25,low,OK
TX_001212,STORE_08,hyper,CHK_015,20,2,0,regular,card,1,11,0,0,97,0,0,0,3,207,982,0,105.2,0.1,0,59.2,26.1,low,OK
TX_001213,STORE_06,retail_park,CHK_038,11,4,0,regular,mobile,1,1,1,0,26,0,0,1,2,194,1000,2,27.6,0.0,0,18.400000000000002,3.52,low,OK
TX_001214,STORE_07,hyper,CHK_031,19,3,0,regular,card,1,15,0,1,198,1,0,0,3,194,1063,4,186.9,92.52,1,110.45,54.47,medium,OPEN_SUPPORT
TX_001215,STORE_01,city,CHK_009,8,3,0,professional,card,1,6,0,0,70,0,2,0,0,211,987,0,69.3,0.0,0,38.25,14.5,low,OK
TX_001216,STORE_04,mall,CHK_023,17,0,0,regular,card,1,10,0,1,103,0,0,0,1,188,987,4,137.3,58.74,1,82.65,39.08,medium,MONITOR_QUEUE
TX_001217,STORE_04,mall,CHK_022,21,2,0,new,mobile,1,7,3,1,136,1,1,1,1,223,987,10,141.3,84.73,1,94.85000000000001,45.83,medium,OPEN_SUPPORT
TX_001218,STORE_05,retail_park,CHK_009,20,3,0,regular,card,0,9,3,0,117,0,0,0,2,211,993,7,121.7,5.3,0,78.25,36.65,medium,WATCH
TX_001219,STORE_05,retail_park,CHK_021,10,3,0,new,mobile,0,5,0,1,106,1,1,1,2,203,993,5,106.7,91.13,1,64.35,28.95,low,OPEN_SUPPORT
TX_001220,STORE_03,mall,CHK_023,14,6,1,regular,gift_card,1,12,0,0,126,0,0,2,1,188,994,0,122.1,0.31,0,68.25,31.11,low,OK
TX_001221,STORE_02,city,CHK_039,20,5,1,new,card,1,14,3,0,200,1,1,0,0,195,994,6,190.9,76.23,1,115.85000000000001,57.46,high,OPEN_SUPPORT
TX_001222,STORE_03,mall,CHK_024,13,6,1,regular,card,1,15,0,1,189,1,0,0,1,217,994,4,182.8,85.28,1,108.4,53.34,medium,OPEN_SUPPORT
TX_001223,STORE_03,mall,CHK_033,9,0,0,regular,card,0,10,0,0,107,0,0,0,1,192,994,1,97.1,0.26,0,54.55,23.53,low,OK
TX_001224,STORE_08,hyper,CHK_021,15,3,0,new,mobile,0,18,0,0,156,0,1,1,3,203,982,1,191.4,69.87,1,106.5,52.28,medium,MONITOR_QUEUE
TX_001225,STORE_08,hyper,CHK_027,15,1,0,new,mobile,1,8,0,1,132,0,1,1,3,200,982,4,135.3,13.17,0,80.45,37.86,medium,WATCH
TX_001226,STORE_01,city,CHK_023,17,5,1,regular,card,1,12,1,1,141,0,0,0,0,188,987,6,146.0,60.36,1,92.2,44.37,medium,MONITOR_QUEUE
TX_001227,STORE_03,mall,CHK_019,12,0,0,regular,mobile,0,18,1,1,234,1,0,1,1,187,994,7,226.1,81.97,1,135.85,68.53,high,OPEN_SUPPORT
TX_001228,STORE_06,retail_park,CHK_021,8,4,0,new,card,1,11,1,0,102,0,1,0,2,203,1000,2,114.9,0.7,0,68.05,31.0,low,OK
TX_001229,STORE_04,mall,CHK_035,15,0,0,professional,card,1,9,1,1,139,0,2,0,1,218,987,6,142.4,19.75,0,88.60000000000001,42.37,medium,WATCH
TX_001230,STORE_01,city,CHK_033,10,0,0,new,card,0,9,1,0,106,0,1,0,0,192,987,3,108.3,2.55,0,63.55,28.51,low,OK
TX_001231,STORE_05,retail_park,CHK_023,16,6,1,regular,card,1,2,2,1,99,0,0,0,2,188,993,8,93.9,13.85,0,64.15,28.84,low,OK
TX_001232,STORE_05,retail_park,CHK_024,19,5,1,regular,card,0,8,0,0,100,0,0,0,2,217,993,1,94.4,0.05,0,52.0,22.11,low,OK
TX_001233,STORE_04,mall,CHK_008,11,1,0,new,card,0,10,1,1,137,1,1,0,1,173,987,7,150.9,91.3,1,93.45,45.06,medium,OPEN_SUPPORT
TX_001234,STORE_01,city,CHK_023,10,1,0,regular,mobile,0,10,1,1,117,0,0,1,0,188,987,7,127.0,32.56,0,81.5,38.44,medium,WATCH
TX_001235,STORE_08,hyper,CHK_032,12,6,1,regular,mobile,0,15,0,0,153,0,0,1,3,205,982,1,147.6,2.76,0,82.8,39.16,medium,WATCH
TX_001236,STORE_06,retail_park,CHK_032,11,1,0,new,card,0,5,2,0,80,0,1,0,2,205,1000,5,78.0,2.83,0,50.0,21.01,low,OK
TX_001237,STORE_08,hyper,CHK_018,12,5,1,regular,card,1,12,1,0,106,0,0,0,3,200,982,2,117.0,0.05,0,69.7,31.91,low,OK
TX_001238,STORE_06,retail_park,CHK_015,18,3,0,new,card,1,6,2,0,108,0,1,0,2,207,1000,4,100.9,0.03,0,62.050000000000004,27.68,low,OK
TX_001239,STORE_06,retail_park,CHK_001,9,2,0,new,gift_card,0,7,1,0,91,0,1,2,2,209,1000,3,94.9,3.86,0,55.650000000000006,24.14,low,OK
TX_001240,STORE_08,hyper,CHK_027,10,1,0,new,card,1,10,0,1,117,0,1,0,3,200,982,4,127.1,29.94,0,77.55,36.26,medium,WATCH
TX_001241,STORE_04,mall,CHK_015,12,0,0,regular,card,1,9,0,0,82,0,0,0,1,207,987,0,89.9,0.2,0,50.35,21.2,low,OK
TX_001242,STORE_02,city,CHK_032,17,6,1,professional,mobile,1,9,0,0,92,0,2,1,0,205,994,0,91.5,0.22,0,51.15,21.64,low,OK
TX_001243,STORE_07,hyper,CHK_019,13,6,1,regular,card,1,13,0,0,148,0,0,0,3,187,1063,0,126.3,0.47,0,70.95,32.6,low,OK
TX_001244,STORE_04,mall,CHK_005,17,1,0,new,card,1,5,0,1,115,0,1,0,1,205,987,4,108.4,10.21,0,65.2,29.42,low,OK
TX_001245,STORE_05,retail_park,CHK_015,13,5,1,regular,card,0,10,1,0,99,0,0,0,2,207,993,3,112.9,0.62,0,66.45,30.11,low,OK
TX_001246,STORE_08,hyper,CHK_038,20,2,0,regular,card,0,10,1,0,129,0,0,0,3,194,982,3,126.4,0.66,0,73.2,33.85,low,OK
TX_001247,STORE_07,hyper,CHK_023,10,0,0,regular,card,0,11,0,0,100,0,0,0,3,188,1063,1,105.3,0.75,0,59.25,26.13,low,OK
TX_001248,STORE_03,mall,CHK_019,17,1,0,regular,card,0,2,0,0,34,0,0,0,1,187,994,1,33.4,0.11,0,17.9,3.24,low,OK
TX_001249,STORE_07,hyper,CHK_012,20,5,1,regular,card,0,14,2,0,200,0,0,0,3,201,1063,5,179.4,8.1,0,106.10000000000001,52.06,medium,WATCH
TX_001250,STORE_08,hyper,CHK_027,12,6,1,regular,gift_card,1,13,0,1,168,1,0,2,3,200,982,4,175.9,92.62,1,103.75,50.76,medium,OPEN_SUPPORT
TX_001251,STORE_03,mall,CHK_009,16,4,0,regular,card,1,13,1,1,163,1,0,0,1,211,994,6,166.7,91.94,1,103.14999999999999,50.43,medium,OPEN_SUPPORT
TX_001252,STORE_05,retail_park,CHK_012,10,2,0,regular,card,0,9,0,0,101,0,0,0,2,201,993,1,93.8,0.12,0,52.3,22.28,low,OK
TX_001253,STORE_06,retail_park,CHK_029,8,5,1,new,card,1,12,1,0,131,0,1,0,2,211,1000,2,126.2,2.07,0,74.3,34.46,low,OK
TX_001254,STORE_02,city,CHK_001,14,3,0,regular,mobile,0,10,3,0,121,0,0,1,0,209,994,7,117.5,19.75,0,76.75,35.82,medium,WATCH
TX_001255,STORE_07,hyper,CHK_020,21,6,1,regular,mobile,0,10,1,0,88,0,0,1,3,175,1063,3,89.4,0.62,0,54.7,23.61,low,OK
TX_001256,STORE_03,mall,CHK_014,15,4,0,new,card,1,2,1,0,43,0,1,0,1,213,994,2,44.3,0.22,0,27.349999999999998,8.47,low,OK
TX_001257,STORE_07,hyper,CHK_032,11,0,0,new,card,0,13,0,0,163,1,1,0,3,205,1063,1,150.0,76.24,1,82.8,39.16,medium,OPEN_SUPPORT
TX_001258,STORE_02,city,CHK_008,15,2,0,regular,mobile,1,11,0,0,76,0,0,1,0,173,994,0,89.8,0.0,0,51.5,21.84,low,OK
TX_001259,STORE_05,retail_park,CHK_034,12,0,0,regular,card,0,2,0,1,88,0,0,0,2,189,993,5,81.9,13.33,0,50.150000000000006,21.09,low,OK
TX_001260,STORE_02,city,CHK_013,14,2,0,regular,card,0,6,0,1,98,0,0,0,0,192,994,5,126.4,14.38,0,74.8,34.74,low,OK
TX_001261,STORE_08,hyper,CHK_040,9,5,1,professional,card,1,11,1,0,116,0,2,0,3,193,982,2,118.8,0.89,0,70.0,32.08,low,OK
TX_001262,STORE_06,retail_park,CHK_018,9,0,0,regular,card,1,10,1,2,187,1,0,0,2,200,1000,10,184.3,88.27,1,118.15,58.73,high,OPEN_SUPPORT
TX_001263,STORE_05,retail_park,CHK_021,18,0,0,regular,mobile,1,9,0,0,97,0,0,1,2,203,993,0,104.5,0.2,0,57.65,25.24,low,OK
TX_001264,STORE_08,hyper,CHK_015,20,5,1,new,card,1,16,1,1,224,1,1,0,3,207,982,6,233.3,92.1,1,138.25,69.86,high,OPEN_SUPPORT
TX_001265,STORE_06,retail_park,CHK_015,20,0,0,professional,card,0,14,1,0,163,0,2,0,2,207,1000,3,168.3,27.34,0,96.55000000000001,46.78,medium,WATCH
TX_001266,STORE_05,retail_park,CHK_027,18,3,0,regular,gift_card,1,4,1,0,74,0,0,2,2,200,993,2,67.3,0.19,0,40.05,15.5,low,OK
TX_001267,STORE_05,retail_park,CHK_002,16,4,0,regular,card,0,6,0,0,54,0,0,0,2,161,993,1,61.9,0.38,0,34.55,12.46,low,OK
TX_001268,STORE_01,city,CHK_032,8,4,0,new,card,1,3,1,0,51,0,1,0,0,205,987,2,51.5,0.09,0,31.55,10.79,low,OK
TX_001269,STORE_08,hyper,CHK_009,11,3,0,regular,card,1,14,2,0,122,0,0,0,3,211,982,4,123.3,1.84,0,78.05000000000001,36.53,medium,WATCH
TX_001270,STORE_05,retail_park,CHK_012,12,4,0,regular,card,1,6,1,0,85,0,0,0,2,201,993,2,73.1,0.0,0,44.15,17.77,low,OK
TX_001271,STORE_06,retail_park,CHK_010,18,0,0,regular,card,1,6,0,0,74,0,0,0,2,204,1000,0,71.9,0.21,0,39.550000000000004,15.22,low,OK
TX_001272,STORE_02,city,CHK_011,18,2,0,regular,card,0,15,0,0,186,0,0,0,0,179,994,1,174.0,5.53,0,96.0,46.47,medium,WATCH
TX_001273,STORE_08,hyper,CHK_028,15,5,1,professional,card,0,8,3,0,113,0,2,0,3,218,982,7,111.6,8.54,0,72.6,33.52,low,OK
TX_001274,STORE_02,city,CHK_012,15,1,0,regular,mobile,1,1,2,0,36,0,0,1,0,201,994,4,37.0,0.07,0,27.1,8.33,low,OK
TX_001275,STORE_08,hyper,CHK_038,19,2,0,regular,gift_card,1,13,4,0,193,1,0,2,3,194,982,8,175.7,70.04,1,111.64999999999999,55.13,high,OPEN_SUPPORT
TX_001276,STORE_04,mall,CHK_033,12,1,0,regular,card,0,13,0,0,132,0,0,0,1,192,987,1,128.9,3.7,0,72.25,33.32,low,OK
TX_001277,STORE_07,hyper,CHK_027,17,6,1,regular,card,0,4,2,1,95,0,0,0,3,200,1063,9,99.3,28.45,0,68.05000000000001,31.0,low,OK
TX_001278,STORE_05,retail_park,CHK_027,10,6,1,professional,card,1,7,3,1,136,1,2,0,2,200,993,10,140.6,68.59,1,94.5,45.64,medium,MONITOR_QUEUE
TX_001279,STORE_06,retail_park,CHK_031,20,4,0,regular,card,1,11,1,0,127,0,0,0,2,194,1000,2,122.3,0.2,0,71.75,33.05,low,OK
TX_001280,STORE_06,retail_park,CHK_019,18,1,0,regular,card,0,7,0,1,122,0,0,0,2,187,1000,5,125.6,16.3,0,75.0,34.85,low,OK
TX_001281,STORE_04,mall,CHK_001,14,5,1,regular,card,0,9,1,0,126,0,0,0,1,209,987,3,110.8,0.16,0,64.8,29.2,low,OK
TX_001282,STORE_01,city,CHK_024,10,2,0,regular,card,1,14,0,1,178,1,0,0,0,217,987,4,167.1,72.47,1,99.95,48.66,medium,OPEN_SUPPORT
TX_001283,STORE_04,mall,CHK_016,20,5,1,regular,card,0,5,1,1,127,0,0,0,1,195,987,7,119.5,16.09,0,74.75,34.71,low,OK
TX_001284,STORE_08,hyper,CHK_036,18,5,1,new,card,1,9,1,0,141,0,1,0,3,205,982,2,129.1,1.12,0,73.95,34.27,low,OK
TX_001285,STORE_04,mall,CHK_020,12,2,0,regular,card,0,11,1,0,141,0,0,0,1,175,987,3,130.1,0.35,0,75.64999999999999,35.21,medium,WATCH
TX_001286,STORE_04,mall,CHK_029,19,0,0,new,card,0,3,0,0,68,0,1,0,1,211,987,1,64.8,3.43,0,34.199999999999996,12.26,low,OK
TX_001287,STORE_01,city,CHK_028,20,3,0,regular,card,1,6,0,0,70,0,0,0,0,218,987,0,71.3,0.01,0,39.25,15.06,low,OK
TX_001288,STORE_03,mall,CHK_038,11,1,0,regular,gift_card,0,9,0,0,109,0,0,2,1,194,994,1,96.2,0.02,0,53.5,22.94,low,OK
TX_001289,STORE_07,hyper,CHK_005,13,6,1,new,card,1,16,0,1,220,1,1,0,3,205,1063,4,209.8,97.89,1,122.5,61.14,high,OPEN_SUPPORT
TX_001290,STORE_08,hyper,CHK_039,18,4,0,new,gift_card,0,12,0,0,191,1,1,2,3,195,982,1,178.2,62.67,1,96.3,46.64,medium,MONITOR_QUEUE
TX_001291,STORE_01,city,CHK_020,21,3,0,professional,card,1,8,0,0,71,0,2,0,0,175,987,0,76.4,0.0,0,43.0,17.13,low,OK
TX_001292,STORE_04,mall,CHK_008,9,0,0,regular,card,1,3,2,0,46,0,0,0,1,173,987,4,50.6,0.15,0,35.099999999999994,12.76,low,OK
TX_001293,STORE_07,hyper,CHK_038,17,4,0,regular,card,0,12,0,0,121,0,0,0,3,194,1063,1,108.8,1.64,0,61.599999999999994,27.43,low,OK
TX_001294,STORE_07,hyper,CHK_031,9,1,0,regular,mobile,0,13,0,0,94,0,0,1,3,194,1063,1,109.2,4.05,0,62.4,27.87,low,OK
TX_001295,STORE_07,hyper,CHK_039,11,2,0,regular,mobile,0,15,0,0,114,0,0,1,3,195,1063,1,123.7,5.89,0,70.85,32.55,low,OK
TX_001296,STORE_02,city,CHK_010,10,4,0,regular,card,0,5,0,0,63,0,0,0,0,204,994,1,56.6,0.14,0,31.3,10.66,low,OK
TX_001297,STORE_03,mall,CHK_029,10,4,0,regular,card,0,16,2,1,185,1,0,0,1,211,994,9,191.1,95.68,1,121.14999999999999,60.39,high,OPEN_SUPPORT
TX_001298,STORE_05,retail_park,CHK_012,10,4,0,new,card,1,8,1,0,87,0,1,0,2,201,993,2,92.0,0.23,0,54.8,23.66,low,OK
TX_001299,STORE_02,city,CHK_029,12,0,0,regular,card,0,5,1,1,115,0,0,0,0,211,994,7,101.7,13.59,0,65.85,29.78,low,OK
TX_001300,STORE_01,city,CHK_026,21,6,1,new,card,0,17,0,0,200,1,1,0,0,183,987,1,205.9,79.74,1,113.15,55.96,high,OPEN_SUPPORT
TX_001301,STORE_04,mall,CHK_010,21,3,0,new,card,1,5,0,0,66,0,1,0,1,204,987,0,65.9,0.23,0,35.95,13.23,low,OK
TX_001302,STORE_06,retail_park,CHK_029,13,6,1,regular,card,0,7,5,1,134,1,0,0,2,211,1000,15,130.8,87.4,1,97.60000000000001,47.36,medium,OPEN_SUPPORT
TX_001303,STORE_05,retail_park,CHK_035,17,1,0,regular,card,1,5,1,0,58,0,0,0,2,218,993,2,55.6,0.01,0,34.8,12.59,low,OK
TX_001304,STORE_02,city,CHK_014,9,6,1,new,card,1,10,0,2,185,1,1,0,0,213,994,8,184.3,89.69,1,114.15,56.52,high,OPEN_SUPPORT
TX_001305,STORE_06,retail_park,CHK_032,10,5,1,regular,card,0,10,1,0,98,0,0,0,2,205,1000,3,96.2,0.61,0,58.1,25.49,low,OK
TX_001306,STORE_05,retail_park,CHK_008,12,0,0,regular,card,1,1,0,0,28,0,0,0,2,173,993,0,27.3,0.01,0,14.25,1.22,low,OK
TX_001307,STORE_06,retail_park,CHK_013,18,6,1,regular,card,0,10,0,1,169,1,0,0,2,192,1000,5,166.2,77.78,1,97.1,47.08,medium,OPEN_SUPPORT
TX_001308,STORE_05,retail_park,CHK_001,13,3,0,regular,gift_card,0,6,0,0,72,0,0,2,2,209,993,1,71.2,0.19,0,39.2,15.03,low,OK
TX_001309,STORE_01,city,CHK_006,17,4,0,professional,mobile,1,10,1,0,111,0,2,1,0,223,987,2,105.7,0.05,0,62.85,28.12,low,OK
TX_001310,STORE_02,city,CHK_033,15,2,0,professional,card,1,4,1,0,60,0,2,0,0,192,994,2,62.0,0.34,0,37.4,14.03,low,OK
TX_001311,STORE_07,hyper,CHK_033,12,4,0,regular,card,0,17,0,1,238,1,0,0,3,192,1063,5,218.1,91.66,1,127.25,63.77,high,OPEN_SUPPORT
TX_001312,STORE_07,hyper,CHK_029,20,1,0,regular,card,1,17,0,0,194,0,0,0,3,211,1063,0,175.1,0.0,0,97.75,47.44,medium,WATCH
TX_001313,STORE_02,city,CHK_026,11,0,0,professional,gift_card,1,2,1,0,43,0,2,2,0,183,994,2,44.3,0.0,0,27.349999999999998,8.47,low,OK
TX_001314,STORE_05,retail_park,CHK_011,20,6,1,new,card,1,13,3,0,202,1,1,0,2,179,993,6,173.1,42.1,0,106.35,52.2,medium,WATCH
TX_001315,STORE_04,mall,CHK_019,20,0,0,regular,card,0,5,1,0,81,0,0,0,1,187,987,3,80.4,0.32,0,47.2,19.46,low,OK
TX_001316,STORE_05,retail_park,CHK_020,18,4,0,regular,card,1,5,0,0,66,0,0,0,2,175,993,0,70.6,0.0,0,38.3,14.53,low,OK
TX_001317,STORE_03,mall,CHK_022,15,6,1,regular,card,1,1,1,0,31,0,0,0,1,223,994,2,32.4,0.0,0,20.8,4.84,low,OK
TX_001318,STORE_07,hyper,CHK_018,16,4,0,regular,card,1,10,0,0,79,0,0,0,3,200,1063,0,91.1,0.28,0,51.55,21.87,low,OK
TX_001319,STORE_07,hyper,CHK_016,20,6,1,new,card,1,17,0,1,269,1,1,0,3,195,1063,4,246.4,96.86,1,141.39999999999998,71.6,high,OPEN_SUPPORT
TX_001320,STORE_06,retail_park,CHK_036,15,6,1,regular,card,1,10,0,0,94,0,0,0,2,205,1000,0,91.4,0.0,0,51.7,21.95,low,OK
TX_001321,STORE_06,retail_park,CHK_019,12,0,0,regular,card,0,2,2,2,125,0,0,0,2,187,1000,13,116.7,43.07,0,83.55,39.58,medium,WATCH
TX_001322,STORE_08,hyper,CHK_007,21,5,1,new,gift_card,0,11,0,0,145,0,1,2,3,217,982,1,129.2,19.69,0,71.19999999999999,32.74,low,OK
TX_001323,STORE_06,retail_park,CHK_006,8,2,0,new,card,1,16,1,0,151,0,1,0,2,223,1000,2,160.5,4.54,0,93.85,45.28,medium,WATCH
TX_001324,STORE_08,hyper,CHK_030,11,4,0,regular,card,1,10,1,0,90,0,0,0,3,197,982,2,92.6,0.27,0,56.3,24.49,low,OK
TX_001325,STORE_01,city,CHK_017,17,6,1,new,card,1,11,4,1,171,1,1,0,0,202,987,12,171.8,92.65,1,116.5,57.82,high,OPEN_SUPPORT
TX_001326,STORE_08,hyper,CHK_029,19,1,0,regular,card,1,7,1,0,90,0,0,0,3,211,982,2,89.2,0.0,0,52.800000000000004,22.56,low,OK
TX_001327,STORE_03,mall,CHK_038,18,5,1,new,card,1,7,1,0,89,0,1,0,1,194,994,2,95.2,0.2,0,55.800000000000004,24.22,low,OK
TX_001328,STORE_04,mall,CHK_025,13,0,0,regular,mobile,0,11,0,0,121,0,0,1,1,213,987,1,111.2,1.32,0,62.2,27.76,low,OK
TX_001329,STORE_05,retail_park,CHK_017,13,5,1,regular,card,0,16,0,1,184,1,0,0,2,202,993,5,190.7,87.34,1,112.94999999999999,55.85,high,OPEN_SUPPORT
TX_001330,STORE_06,retail_park,CHK_021,14,2,0,regular,card,0,8,1,1,119,0,0,0,2,203,1000,7,130.6,24.24,0,82.1,38.78,medium,WATCH
TX_001331,STORE_03,mall,CHK_040,11,2,0,new,card,1,5,0,0,69,0,1,0,1,193,994,0,61.5,0.09,0,33.75,12.01,low,OK
TX_001332,STORE_01,city,CHK_037,8,3,0,professional,card,1,7,2,1,115,0,2,0,0,194,987,8,124.5,22.21,0,82.45,38.97,medium,WATCH
TX_001333,STORE_05,retail_park,CHK_001,13,3,0,regular,card,0,7,2,0,86,0,0,0,2,209,993,5,92.0,0.63,0,58.2,25.55,low,OK
TX_001334,STORE_07,hyper,CHK_017,21,5,1,regular,card,0,12,0,0,121,0,0,0,3,202,1063,1,108.4,1.83,0,61.400000000000006,27.32,low,OK
TX_001335,STORE_07,hyper,CHK_010,13,5,1,professional,card,0,13,1,0,176,0,2,0,3,204,1063,3,157.3,24.3,0,90.45,43.4,medium,WATCH
TX_001336,STORE_08,hyper,CHK_026,10,2,0,regular,card,1,11,2,0,114,0,0,0,3,183,982,4,113.5,0.56,0,71.35,32.83,low,OK
TX_001337,STORE_06,retail_park,CHK_036,10,6,1,regular,card,0,7,0,0,84,0,0,0,2,205,1000,1,76.0,0.02,0,42.2,16.69,low,OK
TX_001338,STORE_06,retail_park,CHK_015,21,1,0,regular,mobile,1,3,1,1,83,0,0,1,2,207,1000,6,84.9,8.45,0,56.25,24.47,low,OK
TX_001339,STORE_01,city,CHK_033,12,3,0,regular,gift_card,0,1,1,0,37,0,0,2,0,192,987,3,36.2,0.07,0,22.700000000000003,5.9,low,OK
TX_001340,STORE_08,hyper,CHK_018,9,2,0,new,mobile,0,11,1,0,137,0,1,1,3,200,982,3,126.9,10.96,0,74.05,34.32,low,OK
TX_001341,STORE_08,hyper,CHK_012,19,1,0,regular,card,1,12,1,0,133,0,0,0,3,201,982,2,130.7,0.82,0,76.55,35.7,medium,WATCH
TX_001342,STORE_03,mall,CHK_004,17,3,0,regular,mobile,1,3,1,0,41,0,0,1,1,219,994,2,43.9,0.01,0,27.75,8.69,low,OK
TX_001343,STORE_07,hyper,CHK_028,10,6,1,new,card,1,15,1,0,147,0,1,0,3,218,1063,2,153.6,5.31,0,89.8,43.04,medium,WATCH
TX_001344,STORE_04,mall,CHK_036,13,6,1,regular,card,1,12,1,0,139,0,0,0,1,205,987,2,121.2,0.14,0,71.8,33.08,low,OK
TX_001345,STORE_04,mall,CHK_004,17,1,0,regular,card,1,8,0,0,78,0,0,0,1,219,987,0,73.1,0.01,0,41.349999999999994,16.22,low,OK
TX_001346,STORE_01,city,CHK_007,8,3,0,professional,card,0,4,0,1,81,0,2,0,0,217,987,5,100.5,31.85,0,60.65,26.9,low,OK
TX_001347,STORE_06,retail_park,CHK_015,8,2,0,new,card,0,1,0,0,30,0,1,0,2,207,1000,1,29.4,4.65,0,15.299999999999999,1.8,low,OK
TX_001348,STORE_07,hyper,CHK_033,20,5,1,regular,card,1,4,0,0,53,0,0,0,3,192,1063,0,52.9,0.0,0,28.849999999999998,9.3,low,OK
TX_001349,STORE_06,retail_park,CHK_010,18,0,0,regular,card,1,12,0,0,120,0,0,0,2,204,1000,0,127.7,0.44,0,71.05,32.66,low,OK
TX_001350,STORE_04,mall,CHK_005,16,4,0,regular,mobile,0,8,2,0,76,0,0,1,1,205,987,5,85.5,0.25,0,55.55,24.08,low,OK
TX_001351,STORE_05,retail_park,CHK_028,17,1,0,regular,card,1,8,0,0,71,0,0,0,2,218,993,0,72.1,0.01,0,40.849999999999994,15.94,low,OK
TX_001352,STORE_02,city,CHK_040,16,5,1,regular,card,1,4,1,0,56,0,0,0,0,193,994,2,55.5,0.03,0,34.15,12.23,low,OK
TX_001353,STORE_04,mall,CHK_040,21,5,1,new,mobile,1,15,1,0,124,0,1,1,1,193,987,2,173.3,6.1,0,99.65,48.49,medium,WATCH
TX_001354,STORE_03,mall,CHK_030,21,1,0,regular,card,1,2,1,0,36,0,0,0,1,197,994,2,38.5,0.03,0,24.45,6.86,low,OK
TX_001355,STORE_02,city,CHK_011,13,6,1,professional,mobile,1,7,0,0,83,0,2,1,0,179,994,0,82.5,0.0,0,45.45,18.49,low,OK
TX_001356,STORE_01,city,CHK_017,20,5,1,professional,card,1,3,2,1,97,0,2,0,0,202,987,8,98.8,17.57,0,67.2,30.53,low,OK
TX_001357,STORE_02,city,CHK_003,21,5,1,regular,card,0,1,0,0,25,0,0,0,0,195,994,1,26.3,0.13,0,13.75,0.94,low,OK
TX_001358,STORE_04,mall,CHK_007,21,3,0,regular,card,1,10,1,0,98,0,0,0,1,217,987,2,99.1,0.48,0,59.55,26.29,low,OK
TX_001359,STORE_07,hyper,CHK_016,11,1,0,new,card,0,15,1,0,160,1,1,0,3,195,1063,3,170.0,89.59,1,98.0,47.58,medium,OPEN_SUPPORT
TX_001360,STORE_08,hyper,CHK_025,21,6,1,professional,mobile,0,16,2,0,187,0,2,1,3,213,982,5,181.8,22.96,0,108.5,53.39,medium,WATCH
TX_001361,STORE_06,retail_park,CHK_026,13,3,0,regular,card,1,5,1,0,72,0,0,0,2,183,1000,2,67.4,0.01,0,40.7,15.86,low,OK
TX_001362,STORE_06,retail_park,CHK_036,13,5,1,regular,card,0,18,0,0,217,0,0,0,2,205,1000,1,194.6,4.34,0,108.1,53.17,medium,WATCH
TX_001363,STORE_05,retail_park,CHK_038,13,6,1,regular,card,0,7,0,0,93,0,0,0,2,194,993,1,82.1,0.01,0,45.25,18.38,low,OK
TX_001364,STORE_06,retail_park,CHK_001,8,1,0,regular,card,1,10,1,0,97,0,0,0,2,209,1000,2,92.9,0.12,0,56.45,24.58,low,OK
TX_001365,STORE_07,hyper,CHK_028,20,4,0,regular,card,1,17,0,0,200,0,0,0,3,218,1063,0,183.9,0.0,0,102.15,49.88,medium,WATCH
TX_001366,STORE_04,mall,CHK_012,16,4,0,new,card,0,6,2,0,102,0,1,0,1,201,987,5,97.6,7.04,0,60.4,26.76,low,OK
TX_001367,STORE_01,city,CHK_020,17,4,0,professional,card,0,9,1,0,95,0,2,0,0,175,987,3,101.0,1.51,0,59.9,26.49,low,OK
TX_001368,STORE_03,mall,CHK_028,15,0,0,new,mobile,1,8,0,0,81,0,1,1,1,218,994,0,90.8,0.0,0,50.199999999999996,21.12,low,OK
TX_001369,STORE_07,hyper,CHK_012,14,4,0,new,card,1,10,0,0,126,0,1,0,3,201,1063,0,117.8,0.37,0,64.9,29.26,low,OK
TX_001370,STORE_02,city,CHK_030,19,5,1,regular,mobile,1,4,2,0,66,0,0,1,0,197,994,4,64.4,0.06,0,42.6,16.91,low,OK
TX_001371,STORE_02,city,CHK_023,13,0,0,regular,mobile,0,14,1,0,148,0,0,1,0,188,994,3,148.5,4.69,0,86.65,41.3,medium,WATCH
TX_001372,STORE_08,hyper,CHK_001,11,6,1,regular,card,1,10,2,1,126,0,0,0,3,209,982,8,134.6,32.46,0,89.3,42.76,medium,WATCH
TX_001373,STORE_05,retail_park,CHK_004,10,5,1,new,gift_card,0,13,0,0,142,0,1,2,2,219,993,1,132.3,40.19,0,73.95,34.27,low,OK
TX_001374,STORE_03,mall,CHK_008,11,3,0,new,card,0,5,0,0,66,0,1,0,1,173,994,1,73.6,2.36,0,39.8,15.36,low,OK
TX_001375,STORE_01,city,CHK_011,19,0,0,regular,card,1,6,4,0,83,0,0,0,0,179,987,8,87.9,7.41,0,63.550000000000004,28.51,low,OK
TX_001376,STORE_07,hyper,CHK_011,12,0,0,regular,card,0,14,1,1,234,1,0,0,3,179,1063,7,184.5,88.3,1,112.65,55.69,high,OPEN_SUPPORT
TX_001377,STORE_04,mall,CHK_034,16,6,1,regular,card,1,16,3,0,158,0,0,0,1,189,987,6,151.0,16.22,0,97.1,47.08,medium,WATCH
TX_001378,STORE_01,city,CHK_007,14,6,1,new,card,0,20,0,0,263,1,1,0,0,217,987,1,241.7,75.59,1,132.85,66.87,high,OPEN_SUPPORT
TX_001379,STORE_06,retail_park,CHK_017,21,1,0,regular,gift_card,1,11,4,0,120,0,0,2,2,202,1000,8,118.6,5.72,0,81.89999999999999,38.67,medium,WATCH
TX_001380,STORE_08,hyper,CHK_009,9,6,1,regular,card,1,7,2,0,75,0,0,0,3,211,982,4,75.9,0.0,0,50.150000000000006,21.09,low,OK
TX_001381,STORE_04,mall,CHK_023,9,4,0,regular,card,0,8,0,1,103,0,0,0,1,188,987,5,113.4,14.39,0,69.5,31.8,low,OK
TX_001382,STORE_07,hyper,CHK_007,19,6,1,regular,mobile,1,11,1,0,129,0,0,1,3,217,1063,2,120.7,0.03,0,70.94999999999999,32.6,low,OK
TX_001383,STORE_04,mall,CHK_028,9,5,1,professional,card,0,15,1,0,168,0,2,0,1,218,987,3,164.9,22.28,0,95.45,46.17,medium,WATCH
TX_001384,STORE_01,city,CHK_007,21,0,0,regular,card,1,6,0,0,51,0,0,0,0,217,987,0,62.4,0.03,0,34.8,12.59,low,OK
TX_001385,STORE_08,hyper,CHK_035,9,2,0,regular,card,1,12,1,1,167,1,0,0,3,218,982,6,162.3,80.56,1,100.35000000000001,48.88,medium,OPEN_SUPPORT
TX_001386,STORE_03,mall,CHK_032,9,0,0,regular,mobile,1,10,0,0,75,0,0,1,1,205,994,0,85.0,0.0,0,48.5,20.18,low,OK
TX_001387,STORE_07,hyper,CHK_021,8,2,0,regular,card,1,12,1,1,180,1,0,0,3,203,1063,6,170.4,84.93,1,104.4,51.12,medium,OPEN_SUPPORT
TX_001388,STORE_05,retail_park,CHK_016,20,3,0,regular,card,0,12,2,1,211,1,0,0,2,195,993,9,191.6,87.27,1,119.0,59.2,high,OPEN_SUPPORT
TX_001389,STORE_05,retail_park,CHK_039,11,1,0,new,mobile,0,3,1,0,53,0,1,1,2,195,993,3,53.2,3.73,0,32.4,11.26,low,OK
TX_001390,STORE_02,city,CHK_030,16,0,0,new,card,0,10,2,0,118,0,1,0,0,197,994,5,124.2,21.96,0,76.1,35.46,medium,WATCH
TX_001391,STORE_01,city,CHK_007,21,5,1,new,card,1,6,0,1,132,0,1,0,0,217,987,4,125.1,6.42,0,74.14999999999999,34.38,low,OK
TX_001392,STORE_01,city,CHK_008,20,4,0,regular,mobile,1,10,3,0,101,0,0,1,0,173,987,6,111.1,3.57,0,73.55,34.04,low,OK
TX_001393,STORE_01,city,CHK_024,16,2,0,professional,card,1,6,3,0,82,0,2,0,0,217,987,6,86.9,1.41,0,59.050000000000004,26.02,low,OK
TX_001394,STORE_05,retail_park,CHK_005,18,1,0,new,card,0,16,0,0,221,1,1,0,2,205,993,1,194.5,78.81,1,106.85,52.48,medium,OPEN_SUPPORT
TX_001395,STORE_04,mall,CHK_030,20,6,1,regular,card,1,2,0,0,42,0,0,0,1,197,987,0,39.4,0.0,0,20.9,4.9,low,OK
TX_001396,STORE_04,mall,CHK_005,12,0,0,regular,card,1,15,0,1,203,1,0,0,1,205,987,4,187.5,90.3,1,110.75,54.64,medium,OPEN_SUPPORT
TX_001397,STORE_01,city,CHK_036,11,0,0,new,card,1,3,0,1,98,0,1,0,0,205,987,4,93.0,7.36,0,56.3,24.49,low,OK
TX_001398,STORE_08,hyper,CHK_039,21,3,0,regular,card,0,14,0,0,114,0,0,0,3,195,982,1,121.5,2.73,0,69.15,31.61,low,OK
TX_001399,STORE_01,city,CHK_029,19,2,0,regular,card,0,7,3,0,105,0,0,0,0,211,987,7,107.6,5.76,0,70.0,32.08,low,OK
TX_001400,STORE_02,city,CHK_003,8,1,0,regular,card,0,13,0,0,133,0,0,0,0,195,994,1,121.1,2.81,0,68.35,31.17,low,OK
TX_001401,STORE_06,retail_park,CHK_026,10,6,1,professional,card,0,5,1,0,65,0,2,0,2,183,1000,3,70.3,1.38,0,42.15,16.66,low,OK
TX_001402,STORE_03,mall,CHK_005,10,4,0,new,card,1,10,2,0,102,0,1,0,1,205,994,4,110.8,3.06,0,69.4,31.75,low,OK
TX_001403,STORE_04,mall,CHK_025,16,6,1,regular,card,1,11,2,1,151,0,0,0,1,213,987,8,160.7,79.67,1,102.94999999999999,50.32,medium,OPEN_SUPPORT
TX_001404,STORE_02,city,CHK_022,21,4,0,regular,gift_card,1,8,0,0,74,0,0,2,0,223,994,0,73.1,0.0,0,41.349999999999994,16.22,low,OK
TX_001405,STORE_08,hyper,CHK_034,13,0,0,regular,mobile,0,6,4,0,109,0,0,1,3,189,982,9,98.1,6.65,0,68.64999999999999,31.33,low,OK
TX_001406,STORE_03,mall,CHK_029,9,1,0,regular,gift_card,1,3,1,0,48,0,0,2,1,211,994,2,46.9,0.0,0,29.25,9.52,low,OK
TX_001407,STORE_07,hyper,CHK_003,11,0,0,regular,card,1,5,3,0,66,0,0,0,3,195,1063,6,71.2,0.8,0,50.6,21.34,low,OK
TX_001408,STORE_01,city,CHK_008,16,0,0,regular,card,1,9,0,0,70,0,0,0,0,173,987,0,85.2,0.04,0,48.0,19.9,low,OK
TX_001409,STORE_08,hyper,CHK_025,17,6,1,regular,card,0,12,0,0,91,0,0,0,3,213,982,1,102.0,0.92,0,58.2,25.55,low,OK
TX_001410,STORE_08,hyper,CHK_023,20,0,0,regular,card,1,11,1,0,138,0,0,0,3,188,982,2,125.5,0.4,0,73.35,33.93,low,OK
TX_001411,STORE_06,retail_park,CHK_030,8,3,0,professional,card,0,6,0,0,73,0,2,0,2,197,1000,1,77.9,0.92,0,42.550000000000004,16.88,low,OK
TX_001412,STORE_06,retail_park,CHK_040,12,3,0,regular,card,1,5,1,1,123,0,0,0,2,193,1000,6,113.6,7.27,0,71.8,33.08,low,OK
TX_001413,STORE_01,city,CHK_020,21,1,0,regular,card,1,1,3,0,42,0,0,0,0,175,987,6,44.7,1.18,0,34.95,12.68,low,OK
TX_001414,STORE_08,hyper,CHK_009,18,2,0,regular,card,0,14,0,2,237,1,0,0,3,211,982,9,220.8,96.38,1,134.8,67.95,high,OPEN_SUPPORT
TX_001415,STORE_04,mall,CHK_008,18,1,0,regular,card,1,3,1,0,51,0,0,0,1,173,987,2,48.2,0.01,0,29.900000000000002,9.88,low,OK
TX_001416,STORE_06,retail_park,CHK_025,20,4,0,new,card,1,11,1,0,123,0,1,0,2,213,1000,2,128.3,2.81,0,74.75,34.71,low,OK
TX_001417,STORE_05,retail_park,CHK_011,12,6,1,new,card,0,1,1,1,84,1,1,0,2,179,993,7,81.0,84.88,1,53.1,22.72,low,OPEN_SUPPORT
TX_001418,STORE_05,retail_park,CHK_015,10,5,1,regular,gift_card,1,8,1,0,89,0,0,2,2,207,993,2,79.6,0.0,0,48.599999999999994,20.23,low,OK
TX_001419,STORE_05,retail_park,CHK_025,15,2,0,regular,card,0,4,0,0,52,0,0,0,2,213,993,1,48.9,0.31,0,26.849999999999998,8.19,low,OK
TX_001420,STORE_04,mall,CHK_030,21,5,1,new,card,1,7,2,0,80,0,1,0,1,197,987,4,92.6,1.06,0,58.5,25.71,low,OK
TX_001421,STORE_08,hyper,CHK_023,16,2,0,regular,card,1,15,1,0,117,0,0,0,3,188,982,2,135.5,0.21,0,80.75,38.03,medium,WATCH
TX_001422,STORE_01,city,CHK_026,15,3,0,regular,mobile,1,13,0,1,156,0,0,1,0,183,987,4,166.1,71.93,1,98.85,48.05,medium,OPEN_SUPPORT
TX_001423,STORE_02,city,CHK_015,18,4,0,new,card,1,9,1,0,114,0,1,0,0,207,994,2,120.9,0.41,0,69.85000000000001,32.0,low,OK
TX_001424,STORE_07,hyper,CHK_034,12,4,0,regular,card,1,8,1,0,86,0,0,0,3,189,1063,2,89.5,0.26,0,53.55,22.97,low,OK
TX_001425,STORE_04,mall,CHK_005,17,0,0,new,mobile,1,9,0,1,134,0,1,1,1,205,987,4,139.4,16.89,0,83.10000000000001,39.33,medium,WATCH
TX_001426,STORE_07,hyper,CHK_010,8,3,0,regular,card,1,6,2,1,105,0,0,0,3,204,1063,8,115.8,15.69,0,77.5,36.23,medium,WATCH
TX_001427,STORE_05,retail_park,CHK_001,21,6,1,regular,card,0,13,0,0,118,0,0,0,2,209,993,1,102.4,4.16,0,59.0,25.99,low,OK
TX_001428,STORE_04,mall,CHK_004,9,4,0,professional,card,1,11,0,0,91,0,2,0,1,219,987,0,102.3,0.35,0,57.75,25.3,low,OK
TX_001429,STORE_05,retail_park,CHK_006,9,6,1,regular,mobile,1,7,0,0,65,0,0,1,2,223,993,0,65.7,0.0,0,37.050000000000004,13.84,low,OK
TX_001430,STORE_01,city,CHK_012,12,1,0,professional,card,0,11,0,0,153,0,2,0,0,201,987,1,142.7,10.88,0,77.94999999999999,36.48,medium,WATCH
TX_001431,STORE_01,city,CHK_029,16,2,0,new,gift_card,0,6,0,2,157,1,1,2,0,211,987,9,154.2,83.32,1,96.69999999999999,46.86,medium,OPEN_SUPPORT
TX_001432,STORE_07,hyper,CHK_003,20,4,0,professional,card,0,11,0,0,157,0,2,0,3,195,1063,1,149.3,9.71,0,81.25,38.31,medium,WATCH
TX_001433,STORE_01,city,CHK_003,18,5,1,regular,mobile,1,1,0,0,26,0,0,1,0,195,987,0,25.3,0.0,0,13.25,0.66,low,OK
TX_001434,STORE_05,retail_park,CHK_024,9,4,0,regular,card,1,5,1,0,54,0,0,0,2,217,993,2,55.9,0.0,0,34.95,12.68,low,OK
TX_001435,STORE_06,retail_park,CHK_033,17,3,0,new,card,0,9,1,0,110,0,1,0,2,192,1000,3,113.1,4.99,0,65.95,29.84,low,OK
TX_001436,STORE_03,mall,CHK_019,11,3,0,new,card,1,8,2,1,152,0,1,0,1,187,994,8,145.5,43.29,0,93.55,45.11,medium,WATCH
TX_001437,STORE_02,city,CHK_001,18,6,1,regular,card,0,7,1,1,154,0,0,0,0,209,994,7,126.3,23.5,0,79.35000000000001,37.25,medium,WATCH
TX_001438,STORE_07,hyper,CHK_021,11,4,0,new,card,0,7,1,0,97,0,1,0,3,203,1063,3,99.2,5.07,0,57.800000000000004,25.33,low,OK
TX_001439,STORE_03,mall,CHK_013,11,1,0,professional,card,1,5,1,2,147,0,2,0,1,192,994,10,154.2,50.14,1,100.1,48.74,medium,MONITOR_QUEUE
TX_001440,STORE_08,hyper,CHK_013,10,0,0,regular,mobile,1,11,2,0,116,0,0,1,3,192,982,4,118.2,0.0,0,73.69999999999999,34.13,low,OK
TX_001441,STORE_02,city,CHK_011,14,2,0,new,card,0,1,1,1,76,1,1,0,0,179,994,7,77.9,84.37,1,51.550000000000004,21.87,low,OPEN_SUPPORT
TX_001442,STORE_01,city,CHK_026,16,6,1,regular,mobile,1,7,0,1,89,0,0,1,0,183,987,4,99.4,6.57,0,61.900000000000006,27.59,low,OK
TX_001443,STORE_04,mall,CHK_013,15,1,0,new,card,0,1,0,0,29,0,1,0,1,192,987,1,29.8,5.23,0,15.5,1.91,low,OK
TX_001444,STORE_07,hyper,CHK_035,14,0,0,regular,card,0,8,0,0,102,0,0,0,3,218,1063,1,90.0,0.08,0,49.8,20.9,low,OK
TX_001445,STORE_08,hyper,CHK_025,13,3,0,regular,gift_card,1,14,0,1,184,1,0,2,3,213,982,4,178.5,85.45,1,105.65,51.81,medium,OPEN_SUPPORT
TX_001446,STORE_05,retail_park,CHK_034,21,4,0,regular,card,1,3,1,0,49,0,0,0,2,189,993,2,47.5,0.02,0,29.55,9.69,low,OK
TX_001447,STORE_02,city,CHK_010,9,3,0,regular,card,0,7,0,0,71,0,0,0,0,204,994,1,71.3,0.0,0,39.85,15.39,low,OK
TX_001448,STORE_05,retail_park,CHK_018,14,3,0,regular,card,0,9,1,1,147,0,0,0,2,200,993,7,144.2,37.89,0,89.5,42.87,medium,WATCH
TX_001449,STORE_06,retail_park,CHK_001,16,4,0,regular,card,1,14,1,0,101,0,0,0,2,209,1000,2,116.2,0.0,0,70.5,32.36,low,OK
TX_001450,STORE_02,city,CHK_003,15,5,1,regular,card,1,11,3,0,93,0,0,0,0,195,994,6,113.5,6.52,0,75.35,35.04,medium,WATCH
TX_001451,STORE_05,retail_park,CHK_038,14,1,0,regular,card,1,6,0,0,72,0,0,0,2,194,993,0,67.5,0.01,0,37.35,14.0,low,OK
TX_001452,STORE_06,retail_park,CHK_034,8,2,0,regular,card,0,5,0,2,136,0,0,0,2,189,1000,9,134.8,36.13,0,86.4,41.16,medium,WATCH
TX_001453,STORE_08,hyper,CHK_020,13,6,1,regular,mobile,1,12,3,0,131,0,0,1,3,175,982,6,135.7,11.7,0,87.05,41.52,medium,WATCH
TX_001454,STORE_06,retail_park,CHK_033,15,1,0,regular,card,1,6,2,0,73,0,0,0,2,192,1000,4,74.4,0.01,0,48.800000000000004,20.34,low,OK
TX_001455,STORE_04,mall,CHK_031,18,1,0,regular,card,0,15,1,0,175,0,0,0,1,194,987,3,172.2,4.58,0,99.1,48.19,medium,WATCH
TX_001456,STORE_04,mall,CHK_010,9,1,0,regular,card,0,14,1,2,235,1,0,0,1,204,987,11,221.3,97.41,1,139.05,70.3,high,OPEN_SUPPORT
TX_001457,STORE_01,city,CHK_004,11,2,0,professional,mobile,0,8,1,1,149,0,2,1,0,219,987,7,143.8,40.24,0,88.7,42.43,medium,WATCH
TX_001458,STORE_03,mall,CHK_013,14,0,0,new,card,1,8,4,0,148,0,1,0,1,192,994,8,141.5,10.66,0,91.55,44.01,medium,WATCH
TX_001459,STORE_04,mall,CHK_031,16,4,0,regular,card,1,3,1,0,41,0,0,0,1,194,987,2,44.8,0.03,0,28.2,8.94,low,OK
TX_001460,STORE_02,city,CHK_004,10,4,0,regular,mobile,1,9,1,1,113,0,0,1,0,219,994,6,122.9,10.73,0,78.85000000000001,36.98,medium,WATCH
TX_001461,STORE_07,hyper,CHK_025,9,1,0,new,card,1,10,2,0,130,0,1,0,3,213,1063,4,122.6,2.0,0,75.3,35.01,medium,WATCH
TX_001462,STORE_04,mall,CHK_008,21,4,0,new,mobile,0,11,1,0,143,0,1,1,1,173,987,3,138.0,16.84,0,79.6,37.39,medium,WATCH
TX_001463,STORE_04,mall,CHK_018,19,0,0,regular,card,0,8,0,1,143,0,0,0,1,200,987,5,141.3,12.33,0,83.45,39.52,medium,WATCH
TX_001464,STORE_04,mall,CHK_004,21,3,0,regular,card,0,9,1,0,90,0,0,0,1,219,987,3,89.3,0.34,0,54.05,23.25,low,OK
TX_001465,STORE_05,retail_park,CHK_035,19,5,1,new,card,0,7,2,0,131,0,1,0,2,218,993,5,114.4,10.67,0,69.4,31.75,low,OK
TX_001466,STORE_06,retail_park,CHK_039,11,2,0,regular,card,0,6,1,2,180,1,0,0,2,195,1000,11,166.8,68.83,1,107.0,52.56,medium,MONITOR_QUEUE
TX_001467,STORE_07,hyper,CHK_007,12,1,0,new,card,1,11,0,0,117,0,1,0,3,217,1063,0,124.5,0.52,0,68.85,31.44,low,OK
TX_001468,STORE_06,retail_park,CHK_004,15,1,0,regular,card,0,7,0,0,70,0,0,0,2,219,1000,1,74.6,0.25,0,41.5,16.3,low,OK
TX_001469,STORE_07,hyper,CHK_027,16,4,0,new,mobile,0,17,0,0,161,1,1,1,3,200,1063,1,172.3,80.18,1,96.35000000000001,46.66,medium,OPEN_SUPPORT
TX_001470,STORE_08,hyper,CHK_029,18,4,0,regular,card,1,11,0,0,121,0,0,0,3,211,982,0,110.0,0.07,0,61.6,27.43,low,OK
TX_001471,STORE_05,retail_park,CHK_010,8,1,0,regular,gift_card,1,10,2,0,93,0,0,2,2,204,993,4,100.0,0.42,0,64.0,28.76,low,OK
TX_001472,STORE_02,city,CHK_022,19,1,0,new,mobile,0,4,1,0,71,0,1,1,0,223,994,3,71.2,3.01,0,42.0,16.58,low,OK
TX_001473,STORE_01,city,CHK_030,11,5,1,professional,card,0,13,1,0,154,0,2,0,0,197,987,3,142.9,11.45,0,83.25,39.41,medium,WATCH
TX_001474,STORE_08,hyper,CHK_001,19,1,0,new,mobile,0,12,0,0,178,1,1,1,3,209,982,1,170.0,69.58,1,92.2,44.37,medium,MONITOR_QUEUE
TX_001475,STORE_02,city,CHK_017,21,2,0,regular,mobile,0,6,1,1,96,0,0,1,0,202,994,7,105.2,14.04,0,68.19999999999999,31.08,low,OK
TX_001476,STORE_03,mall,CHK_018,12,0,0,regular,card,0,4,1,0,58,0,0,0,1,200,994,3,57.8,0.15,0,35.3,12.87,low,OK
TX_001477,STORE_04,mall,CHK_001,19,6,1,regular,card,1,8,0,0,97,0,0,0,1,209,987,0,96.5,0.0,0,53.05,22.7,low,OK
TX_001478,STORE_08,hyper,CHK_011,10,3,0,regular,card,0,11,1,1,142,0,0,0,3,179,982,7,140.2,47.49,0,88.69999999999999,42.43,medium,WATCH
TX_001479,STORE_07,hyper,CHK_004,10,2,0,new,card,0,3,1,0,54,0,1,0,3,219,1063,3,53.5,5.66,0,32.55,11.35,low,OK
TX_001480,STORE_06,retail_park,CHK_033,14,4,0,new,card,0,11,0,0,126,0,1,0,2,192,1000,1,144.5,27.4,0,78.85,36.98,medium,WATCH
TX_001481,STORE_02,city,CHK_035,20,0,0,regular,card,1,12,2,0,133,0,0,0,0,218,994,4,147.7,2.36,0,89.05,42.62,medium,WATCH
TX_001482,STORE_06,retail_park,CHK_018,13,1,0,new,card,0,10,0,0,142,0,1,0,2,200,1000,1,124.5,9.08,0,68.25,31.11,low,OK
TX_001483,STORE_07,hyper,CHK_008,14,1,0,regular,card,0,13,1,1,178,1,0,0,3,173,1063,7,182.3,92.08,1,110.95,54.75,medium,OPEN_SUPPORT
TX_001484,STORE_07,hyper,CHK_010,20,0,0,professional,mobile,1,7,1,0,91,0,2,1,3,204,1063,2,94.3,0.68,0,55.35,23.97,low,OK
TX_001485,STORE_03,mall,CHK_030,18,5,1,regular,card,1,1,0,0,27,0,0,0,1,197,994,0,26.0,0.2,0,13.6,0.86,low,OK
TX_001486,STORE_04,mall,CHK_028,14,0,0,professional,card,1,9,2,0,117,0,2,0,1,218,987,4,116.5,0.66,0,71.65,32.99,low,OK
TX_001487,STORE_05,retail_park,CHK_012,9,2,0,regular,mobile,1,1,0,0,23,0,0,1,2,201,993,0,23.5,0.0,0,12.35,0.17,low,OK
TX_001488,STORE_04,mall,CHK_020,8,2,0,new,card,0,7,0,0,81,0,1,0,1,175,987,1,89.5,1.28,0,48.95,20.43,low,OK
TX_001489,STORE_01,city,CHK_017,14,5,1,regular,card,1,9,0,0,96,0,0,0,0,202,987,0,93.2,0.2,0,52.0,22.11,low,OK
TX_001490,STORE_01,city,CHK_033,8,2,0,regular,card,0,10,0,0,111,0,0,0,0,192,987,1,95.7,0.33,0,53.85,23.14,low,OK
TX_001491,STORE_06,retail_park,CHK_018,19,0,0,regular,card,1,5,1,0,72,0,0,0,2,200,1000,2,73.4,0.01,0,43.7,17.52,low,OK
TX_001492,STORE_05,retail_park,CHK_011,16,6,1,regular,mobile,0,17,0,0,161,0,0,1,2,179,993,1,156.3,2.92,0,88.35000000000001,42.24,medium,WATCH
TX_001493,STORE_03,mall,CHK_020,20,3,0,professional,card,0,6,0,0,85,0,2,0,1,175,994,1,87.8,2.29,0,47.5,19.62,low,OK
TX_001494,STORE_08,hyper,CHK_019,20,0,0,regular,mobile,0,8,0,0,104,0,0,1,3,187,982,1,99.3,0.15,0,54.449999999999996,23.47,low,OK
TX_001495,STORE_01,city,CHK_007,9,1,0,regular,card,1,6,0,2,155,0,0,0,0,217,987,8,148.7,32.3,0,93.94999999999999,45.34,medium,WATCH
TX_001496,STORE_04,mall,CHK_022,15,4,0,new,card,1,6,0,0,61,0,1,0,1,223,987,0,69.0,0.16,0,38.1,14.42,low,OK
TX_001497,STORE_07,hyper,CHK_023,15,5,1,regular,card,1,12,0,1,175,1,0,0,3,188,1063,4,165.2,84.58,1,97.8,47.47,medium,OPEN_SUPPORT
TX_001498,STORE_03,mall,CHK_039,18,3,0,new,card,1,9,0,0,111,0,1,0,1,195,994,0,114.2,0.93,0,62.5,27.93,low,OK
TX_001499,STORE_03,mall,CHK_013,9,4,0,regular,card,0,13,1,0,136,0,0,0,1,192,994,3,121.0,3.5,0,72.3,33.35,low,OK
TX_001500,STORE_07,hyper,CHK_009,9,3,0,regular,card,0,10,0,1,118,0,0,0,3,211,1063,5,142.0,33.95,0,85.0,40.38,medium,WATCH
TX_001501,STORE_05,retail_park,CHK_036,12,0,0,professional,card,0,15,2,0,158,0,2,0,2,205,993,5,154.5,30.12,0,94.25,45.5,medium,WATCH
TX_001502,STORE_07,hyper,CHK_027,8,4,0,new,card,1,16,2,0,199,0,1,0,3,200,1063,4,169.2,14.39,0,102.19999999999999,49.9,medium,WATCH
TX_001503,STORE_05,retail_park,CHK_021,17,4,0,regular,card,0,8,1,0,72,0,0,0,2,203,993,3,83.2,0.17,0,50.4,21.23,low,OK
TX_001504,STORE_03,mall,CHK_001,21,0,0,regular,mobile,1,7,0,1,117,0,0,1,1,209,994,4,117.0,4.77,0,70.7,32.47,low,OK
TX_001505,STORE_08,hyper,CHK_029,18,6,1,new,card,1,14,0,0,151,0,1,0,3,211,982,0,154.1,2.8,0,85.45,40.63,medium,WATCH
TX_001506,STORE_07,hyper,CHK_028,8,5,1,new,card,1,7,0,0,82,0,1,0,3,218,1063,0,78.9,0.0,0,43.650000000000006,17.49,low,OK
TX_001507,STORE_07,hyper,CHK_033,16,6,1,regular,mobile,1,12,1,0,108,0,0,1,3,192,1063,2,106.0,0.37,0,64.2,28.87,low,OK
TX_001508,STORE_08,hyper,CHK_004,16,6,1,regular,card,0,8,0,0,68,0,0,0,3,219,982,1,78.1,1.07,0,43.849999999999994,17.6,low,OK
TX_001509,STORE_08,hyper,CHK_007,8,2,0,regular,card,1,6,0,0,56,0,0,0,3,217,982,0,55.5,0.0,0,31.35,10.68,low,OK
TX_001510,STORE_04,mall,CHK_037,14,1,0,regular,card,1,5,4,0,83,0,0,0,1,194,987,8,76.1,5.06,0,57.05,24.91,low,OK
TX_001511,STORE_07,hyper,CHK_014,12,0,0,regular,card,0,15,0,0,150,0,0,0,3,213,1063,1,142.4,3.06,0,80.2,37.72,medium,WATCH
TX_001512,STORE_07,hyper,CHK_036,11,2,0,new,card,0,4,0,1,113,1,1,0,3,205,1063,5,104.2,60.06,1,62.5,27.93,low,MONITOR_QUEUE
TX_001513,STORE_07,hyper,CHK_040,13,1,0,regular,card,1,3,0,1,95,0,0,0,3,193,1063,4,87.2,11.12,0,53.4,22.89,low,OK
TX_001514,STORE_04,mall,CHK_014,19,1,0,new,card,0,14,0,0,192,1,1,0,1,213,987,1,182.6,71.36,1,99.7,48.52,medium,OPEN_SUPPORT
TX_001515,STORE_02,city,CHK_003,17,5,1,regular,card,0,12,2,0,104,0,0,0,0,195,994,5,117.8,7.99,0,74.10000000000001,34.35,low,OK
TX_001516,STORE_01,city,CHK_026,20,1,0,new,card,0,5,2,0,87,0,1,0,0,183,987,5,93.5,13.09,0,57.75,25.3,low,OK
TX_001517,STORE_01,city,CHK_040,11,4,0,new,card,1,10,0,0,107,0,1,0,0,193,987,0,107.5,0.0,0,59.75,26.4,low,OK
TX_001518,STORE_02,city,CHK_028,20,6,1,regular,card,1,5,2,0,75,0,0,0,0,218,994,4,76.6,0.25,0,49.3,20.62,low,OK
TX_001519,STORE_02,city,CHK_017,20,3,0,regular,card,1,11,3,0,138,0,0,0,0,202,994,6,137.7,6.18,0,87.44999999999999,41.74,medium,WATCH
TX_001520,STORE_02,city,CHK_027,8,6,1,regular,mobile,0,5,0,0,58,0,0,1,0,200,994,1,56.4,0.0,0,31.2,10.6,low,OK
TX_001521,STORE_01,city,CHK_023,8,5,1,professional,card,0,7,0,0,88,0,2,0,0,188,987,1,84.9,0.35,0,46.650000000000006,19.15,low,OK
TX_001522,STORE_03,mall,CHK_037,9,0,0,regular,card,1,10,0,0,95,0,0,0,1,194,994,0,87.4,0.2,0,49.7,20.84,low,OK
TX_001523,STORE_01,city,CHK_013,21,2,0,regular,card,0,13,1,0,121,0,0,0,0,192,987,3,116.9,2.69,0,70.25,32.22,low,OK
TX_001524,STORE_07,hyper,CHK_039,10,6,1,regular,card,0,7,0,0,77,0,0,0,3,195,1063,1,76.4,0.4,0,42.400000000000006,16.8,low,OK
TX_001525,STORE_05,retail_park,CHK_001,8,6,1,new,card,0,9,1,1,163,1,1,0,2,209,993,7,161.3,90.75,1,98.05000000000001,47.61,medium,OPEN_SUPPORT
TX_001526,STORE_01,city,CHK_009,15,0,0,regular,card,1,9,0,1,143,0,0,0,0,211,987,4,137.0,17.45,0,81.9,38.67,medium,WATCH
TX_001527,STORE_07,hyper,CHK_002,9,4,0,professional,card,1,6,1,0,66,0,2,0,3,161,1063,2,69.1,0.26,0,42.15,16.66,low,OK
TX_001528,STORE_06,retail_park,CHK_022,19,4,0,regular,card,1,8,2,0,106,0,0,0,2,223,1000,4,103.2,0.0,0,64.4,28.98,low,OK
TX_001529,STORE_03,mall,CHK_003,19,3,0,new,card,1,3,0,0,63,0,1,0,1,195,994,0,58.5,0.33,0,31.05,10.52,low,OK
TX_001530,STORE_02,city,CHK_005,9,2,0,regular,card,0,11,2,1,183,1,0,0,0,205,994,9,163.6,79.27,1,104.39999999999999,51.12,medium,OPEN_SUPPORT
TX_001531,STORE_04,mall,CHK_011,18,1,0,regular,card,1,10,0,0,92,0,0,0,1,179,987,0,105.2,0.3,0,58.6,25.77,low,OK
TX_001532,STORE_02,city,CHK_013,15,0,0,regular,card,1,12,1,0,110,0,0,0,0,192,994,2,111.9,0.2,0,67.15,30.5,low,OK
TX_001533,STORE_05,retail_park,CHK_007,11,4,0,new,card,0,9,0,1,180,1,1,0,2,217,993,5,169.0,89.29,1,97.9,47.52,medium,OPEN_SUPPORT
TX_001534,STORE_03,mall,CHK_024,12,4,0,regular,card,0,8,1,0,83,0,0,0,1,217,994,3,88.6,0.19,0,53.099999999999994,22.72,low,OK
TX_001535,STORE_07,hyper,CHK_014,17,6,1,new,mobile,1,5,0,0,66,0,1,1,3,213,1063,0,67.4,0.0,0,36.7,13.65,low,OK
TX_001536,STORE_06,retail_park,CHK_028,10,4,0,regular,mobile,0,8,0,1,134,0,0,1,2,218,1000,5,120.4,12.68,0,73.0,33.74,low,OK
TX_001537,STORE_02,city,CHK_012,17,6,1,new,card,0,9,0,0,117,0,1,0,0,201,994,1,106.5,3.87,0,58.65,25.8,low,OK
TX_001538,STORE_08,hyper,CHK_028,16,1,0,regular,mobile,0,10,0,0,74,0,0,1,3,218,982,1,82.3,1.1,0,47.15,19.43,low,OK
TX_001539,STORE_08,hyper,CHK_023,17,3,0,regular,card,0,7,2,0,83,0,0,0,3,188,982,5,84.2,0.19,0,54.300000000000004,23.39,low,OK
TX_001540,STORE_06,retail_park,CHK_006,14,0,0,regular,card,1,8,1,0,76,0,0,0,2,223,1000,2,87.2,0.01,0,52.4,22.34,low,OK
TX_001541,STORE_01,city,CHK_001,11,5,1,regular,card,1,7,1,0,82,0,0,0,0,209,987,2,76.6,0.0,0,46.5,19.07,low,OK
TX_001542,STORE_02,city,CHK_001,14,4,0,new,card,1,2,1,0,50,0,1,0,0,209,994,2,47.3,0.22,0,28.849999999999998,9.3,low,OK
TX_001543,STORE_05,retail_park,CHK_001,18,4,0,regular,card,0,8,0,0,88,0,0,0,2,209,993,1,95.0,0.13,0,52.3,22.28,low,OK
TX_001544,STORE_08,hyper,CHK_009,11,6,1,regular,card,1,7,0,0,70,0,0,0,3,211,982,0,71.1,0.0,0,39.75,15.33,low,OK
TX_001545,STORE_05,retail_park,CHK_016,18,6,1,new,gift_card,0,9,0,0,134,0,1,2,2,195,993,1,119.3,8.46,0,65.05,29.34,low,OK
TX_001546,STORE_06,retail_park,CHK_022,18,0,0,regular,mobile,0,11,0,0,127,0,0,1,2,223,1000,1,120.5,1.18,0,66.85,30.33,low,OK
TX_001547,STORE_04,mall,CHK_002,17,3,0,regular,card,1,13,0,0,129,0,0,0,1,161,987,0,119.6,0.11,0,67.6,30.75,low,OK
TX_001548,STORE_01,city,CHK_010,13,3,0,regular,mobile,0,8,2,1,142,0,0,1,0,204,987,9,139.4,33.08,0,90.5,43.43,medium,WATCH
TX_001549,STORE_07,hyper,CHK_003,20,2,0,regular,card,0,15,0,0,163,0,0,0,3,195,1063,1,155.2,4.55,0,86.6,41.27,medium,WATCH
TX_001550,STORE_07,hyper,CHK_039,19,4,0,regular,card,1,8,1,0,94,0,0,0,3,195,1063,2,97.6,0.21,0,57.599999999999994,25.21,low,OK
TX_001551,STORE_04,mall,CHK_025,9,4,0,regular,card,0,10,1,0,100,0,0,0,1,213,987,3,98.5,0.21,0,59.25,26.13,low,OK
TX_001552,STORE_04,mall,CHK_004,13,0,0,new,card,0,5,0,0,69,0,1,0,1,219,987,1,72.8,3.93,0,39.4,15.14,low,OK
TX_001553,STORE_01,city,CHK_034,12,0,0,regular,card,0,9,1,0,120,0,0,0,0,189,987,3,108.6,0.09,0,63.699999999999996,28.59,low,OK
TX_001554,STORE_07,hyper,CHK_026,8,5,1,new,mobile,1,9,2,1,149,0,1,1,3,183,1063,8,148.8,37.71,0,95.80000000000001,46.36,medium,WATCH
TX_001555,STORE_06,retail_park,CHK_006,17,4,0,professional,mobile,0,7,0,0,69,0,2,1,2,223,1000,1,78.8,1.4,0,43.6,17.46,low,OK
TX_001556,STORE_07,hyper,CHK_005,19,4,0,regular,mobile,1,14,2,0,163,0,0,1,3,205,1063,4,158.1,0.63,0,95.45,46.17,medium,WATCH
TX_001557,STORE_05,retail_park,CHK_037,10,5,1,regular,card,0,12,1,0,124,0,0,0,2,194,993,3,120.5,0.83,0,71.45,32.88,low,OK
TX_001558,STORE_07,hyper,CHK_024,15,0,0,regular,card,0,16,1,0,162,0,0,0,3,217,1063,3,152.7,5.51,0,89.94999999999999,43.12,medium,WATCH
TX_001559,STORE_02,city,CHK_022,15,2,0,regular,card,0,8,0,1,139,0,0,0,0,223,994,5,129.3,10.28,0,77.45,36.2,medium,WATCH
TX_001560,STORE_07,hyper,CHK_023,15,0,0,professional,card,0,10,0,0,97,0,2,0,3,188,1063,1,102.6,2.6,0,57.3,25.05,low,OK
TX_001561,STORE_04,mall,CHK_024,9,0,0,regular,card,1,15,1,2,192,1,0,0,1,217,987,10,193.9,96.45,1,125.95,63.05,high,OPEN_SUPPORT
TX_001562,STORE_06,retail_park,CHK_025,20,4,0,new,card,0,13,0,0,151,0,1,0,2,213,1000,1,167.6,68.66,1,91.6,44.04,medium,MONITOR_QUEUE
TX_001563,STORE_04,mall,CHK_018,8,1,0,regular,card,1,9,0,0,81,0,0,0,1,200,987,0,81.7,0.2,0,46.25,18.93,low,OK
TX_001564,STORE_07,hyper,CHK_023,20,4,0,regular,card,0,10,1,0,111,0,0,0,3,188,1063,3,122.9,0.16,0,71.45,32.88,low,OK
TX_001565,STORE_04,mall,CHK_021,10,4,0,regular,card,1,7,1,0,79,0,0,0,1,203,987,2,76.5,0.0,0,46.45,19.04,low,OK
TX_001566,STORE_01,city,CHK_019,17,2,0,regular,card,1,17,1,0,145,0,0,0,0,187,987,2,151.5,0.94,0,89.95,43.12,medium,WATCH
TX_001567,STORE_02,city,CHK_016,12,6,1,new,mobile,0,5,0,0,78,0,1,1,0,195,994,1,71.3,3.2,0,38.65,14.72,low,OK
TX_001568,STORE_08,hyper,CHK_040,9,4,0,new,card,1,16,1,0,158,0,1,0,3,193,982,2,167.0,5.57,0,97.1,47.08,medium,WATCH
TX_001569,STORE_04,mall,CHK_024,9,2,0,professional,card,0,8,0,1,135,0,2,0,1,217,987,5,137.3,35.04,0,81.45,38.42,medium,WATCH
TX_001570,STORE_03,mall,CHK_032,16,1,0,new,mobile,0,17,1,0,173,1,1,1,1,205,994,3,205.0,68.89,1,116.7,57.93,high,MONITOR_QUEUE
TX_001571,STORE_04,mall,CHK_032,10,0,0,new,mobile,1,10,1,1,141,0,1,1,1,205,987,6,148.9,40.27,0,92.45,44.51,medium,WATCH
TX_001572,STORE_02,city,CHK_024,17,5,1,professional,card,1,3,0,2,161,1,2,0,0,217,994,8,145.3,71.75,1,90.45,43.4,medium,OPEN_SUPPORT
TX_001573,STORE_07,hyper,CHK_007,17,3,0,regular,card,0,11,1,1,151,0,0,0,3,217,1063,7,155.8,77.83,1,96.5,46.75,medium,OPEN_SUPPORT
TX_001574,STORE_06,retail_park,CHK_027,17,3,0,regular,card,1,9,1,0,75,0,0,0,2,200,1000,2,81.1,0.19,0,49.949999999999996,20.98,low,OK
TX_001575,STORE_01,city,CHK_035,12,2,0,new,mobile,0,10,2,0,122,0,1,1,0,218,987,5,127.1,12.84,0,77.55,36.26,medium,WATCH
TX_001576,STORE_05,retail_park,CHK_002,14,0,0,regular,card,1,11,0,1,184,1,0,0,2,161,993,4,139.4,57.37,1,84.3,39.99,medium,MONITOR_QUEUE
TX_001577,STORE_05,retail_park,CHK_003,14,2,0,new,card,1,14,0,1,232,1,1,0,2,195,993,4,214.3,94.29,1,123.55000000000001,61.72,high,OPEN_SUPPORT
TX_001578,STORE_01,city,CHK_023,16,1,0,regular,card,1,7,0,0,61,0,0,0,0,188,987,0,63.7,0.04,0,36.050000000000004,13.29,low,OK
TX_001579,STORE_01,city,CHK_011,11,6,1,professional,mobile,1,5,2,1,98,0,2,1,0,179,987,8,116.0,33.43,0,77.0,35.95,medium,WATCH
TX_001580,STORE_02,city,CHK_005,14,1,0,regular,gift_card,1,15,1,0,137,0,0,2,0,205,994,2,139.6,0.0,0,82.8,39.16,medium,WATCH
TX_001581,STORE_06,retail_park,CHK_010,12,6,1,new,card,1,14,1,2,276,1,1,0,2,204,1000,10,265.4,98.22,1,161.1,82.51,critical,OPEN_SUPPORT
TX_001582,STORE_05,retail_park,CHK_006,14,6,1,regular,mobile,1,10,2,1,153,0,0,1,2,223,993,8,153.7,46.39,0,98.85,48.05,medium,WATCH
TX_001583,STORE_06,retail_park,CHK_024,17,6,1,professional,card,0,19,0,0,175,0,2,0,2,217,1000,1,206.8,25.06,0,114.80000000000001,56.88,high,MONITOR_QUEUE
TX_001584,STORE_03,mall,CHK_035,18,1,0,regular,card,1,7,0,0,82,0,0,0,1,218,994,0,80.8,0.01,0,44.6,18.02,low,OK
TX_001585,STORE_07,hyper,CHK_033,12,5,1,regular,card,0,10,2,2,176,1,0,0,3,192,1063,13,187.7,89.33,1,123.85,61.89,high,OPEN_SUPPORT
TX_001586,STORE_03,mall,CHK_035,8,2,0,new,card,1,8,1,0,79,0,1,0,1,218,994,2,88.0,0.09,0,52.8,22.56,low,OK
TX_001587,STORE_06,retail_park,CHK_009,16,4,0,regular,card,1,8,1,0,79,0,0,0,2,211,1000,2,74.8,0.03,0,46.199999999999996,18.9,low,OK
TX_001588,STORE_02,city,CHK_006,9,2,0,professional,card,0,16,3,1,196,1,2,0,0,223,994,11,201.8,93.18,1,130.5,65.57,high,OPEN_SUPPORT
TX_001589,STORE_07,hyper,CHK_012,8,1,0,regular,card,1,9,0,0,67,0,0,0,3,201,1063,0,78.8,0.0,0,44.8,18.13,low,OK
TX_001590,STORE_05,retail_park,CHK_018,21,6,1,regular,card,0,14,0,0,150,0,0,0,2,200,993,1,138.8,4.78,0,77.80000000000001,36.4,medium,WATCH
TX_001591,STORE_03,mall,CHK_014,21,2,0,regular,card,0,7,0,0,72,0,0,0,1,213,994,1,70.0,0.27,0,39.2,15.03,low,OK
TX_001592,STORE_05,retail_park,CHK_021,12,4,0,regular,mobile,1,14,2,1,172,1,0,1,2,203,993,8,178.5,89.47,1,113.65,56.24,high,OPEN_SUPPORT
TX_001593,STORE_03,mall,CHK_024,21,2,0,new,card,0,12,0,0,151,0,1,0,1,217,994,1,142.2,41.12,0,78.3,36.67,medium,WATCH
TX_001594,STORE_03,mall,CHK_009,13,5,1,regular,card,1,7,0,0,74,0,0,0,1,211,994,0,70.0,0.0,0,39.2,15.03,low,OK
TX_001595,STORE_06,retail_park,CHK_039,8,0,0,regular,card,0,8,2,0,99,0,0,0,2,195,1000,5,96.8,0.28,0,61.199999999999996,27.21,low,OK
TX_001596,STORE_04,mall,CHK_038,14,6,1,regular,card,0,7,1,0,80,0,0,0,1,194,987,3,82.6,0.16,0,49.5,20.73,low,OK
TX_001597,STORE_04,mall,CHK_035,18,4,0,regular,card,0,10,0,1,139,0,0,0,1,218,987,5,147.7,53.65,1,87.85,41.96,medium,MONITOR_QUEUE
TX_001598,STORE_02,city,CHK_005,14,5,1,regular,card,0,6,1,0,67,0,0,0,0,205,994,3,75.5,0.16,0,45.35,18.43,low,OK
TX_001599,STORE_05,retail_park,CHK_003,16,4,0,regular,card,0,13,0,0,111,0,0,0,2,195,993,1,115.9,3.47,0,65.75,29.73,low,OK
TX_001600,STORE_05,retail_park,CHK_034,10,2,0,regular,card,1,15,0,1,156,0,0,0,2,189,993,4,162.8,73.04,1,98.4,47.8,medium,OPEN_SUPPORT
TX_001601,STORE_06,retail_park,CHK_033,14,2,0,regular,card,0,9,0,0,90,0,0,0,2,192,1000,1,105.1,0.11,0,57.949999999999996,25.41,low,OK
TX_001602,STORE_05,retail_park,CHK_013,14,6,1,regular,card,0,5,0,0,57,0,0,0,2,192,993,1,60.9,0.08,0,33.45,11.85,low,OK
TX_001603,STORE_06,retail_park,CHK_009,15,1,0,regular,card,1,11,1,0,96,0,0,0,2,211,1000,2,96.8,0.46,0,59.0,25.99,low,OK
TX_001604,STORE_02,city,CHK_026,11,0,0,regular,card,0,9,2,1,135,0,0,0,0,183,994,9,139.0,43.26,0,90.9,43.65,medium,WATCH
TX_001605,STORE_05,retail_park,CHK_014,10,2,0,regular,card,1,10,0,0,99,0,0,0,2,213,993,0,89.2,0.41,0,50.6,21.34,low,OK
TX_001606,STORE_01,city,CHK_018,17,0,0,regular,card,1,10,2,0,87,0,0,0,0,200,987,4,94.9,1.52,0,61.45,27.35,low,OK
TX_001607,STORE_01,city,CHK_034,10,1,0,new,card,0,13,1,0,127,0,1,0,0,189,987,3,135.7,37.44,0,79.64999999999999,37.42,medium,WATCH
TX_001608,STORE_05,retail_park,CHK_023,17,4,0,regular,card,0,9,0,0,83,0,0,0,2,188,993,1,87.6,0.17,0,49.199999999999996,20.56,low,OK
TX_001609,STORE_01,city,CHK_018,18,6,1,professional,card,1,11,0,0,124,0,2,0,0,200,987,0,128.1,1.48,0,70.64999999999999,32.44,low,OK
TX_001610,STORE_06,retail_park,CHK_035,18,4,0,professional,card,1,4,2,0,81,0,2,0,2,218,1000,4,76.4,0.27,0,48.6,20.23,low,OK
TX_001611,STORE_01,city,CHK_040,8,3,0,professional,card,0,8,2,0,93,0,2,0,0,193,987,5,96.3,3.17,0,60.949999999999996,27.07,low,OK
TX_001612,STORE_06,retail_park,CHK_024,18,4,0,professional,card,1,8,3,1,165,1,2,0,2,217,1000,10,156.3,90.82,1,102.95,50.32,medium,OPEN_SUPPORT
TX_001613,STORE_07,hyper,CHK_017,16,1,0,regular,card,0,11,1,0,89,0,0,0,3,202,1063,3,108.8,2.11,0,65.0,29.31,low,OK
TX_001614,STORE_02,city,CHK_020,10,2,0,regular,card,0,6,1,1,129,0,0,0,0,175,994,7,122.1,15.11,0,76.64999999999999,35.76,medium,WATCH
TX_001615,STORE_02,city,CHK_038,15,4,0,regular,card,1,4,0,0,41,0,0,0,0,194,994,0,44.1,0.0,0,24.45,6.86,low,OK
TX_001616,STORE_08,hyper,CHK_039,14,2,0,regular,card,1,10,1,1,150,0,0,0,3,195,982,6,138.0,58.76,1,87.0,41.49,medium,MONITOR_QUEUE
TX_001617,STORE_02,city,CHK_033,19,3,0,regular,card,0,11,3,0,165,1,0,0,0,192,994,7,138.7,22.12,0,87.94999999999999,42.01,medium,WATCH
TX_001618,STORE_02,city,CHK_018,14,0,0,regular,card,0,4,0,0,49,0,0,0,0,200,994,1,50.0,0.14,0,27.4,8.5,low,OK
TX_001619,STORE_01,city,CHK_002,12,3,0,new,card,1,2,2,0,52,0,1,0,0,161,987,4,47.7,0.93,0,33.050000000000004,11.62,low,OK
TX_001620,STORE_01,city,CHK_008,8,6,1,professional,card,0,7,1,1,129,0,2,0,0,173,987,7,128.2,35.2,0,80.3,37.78,medium,WATCH
TX_001621,STORE_01,city,CHK_029,13,1,0,regular,card,1,4,1,0,62,0,0,0,0,211,987,2,56.5,0.01,0,34.65,12.51,low,OK
TX_001622,STORE_07,hyper,CHK_026,14,4,0,regular,card,1,7,2,1,149,0,0,0,3,183,1063,8,133.3,13.24,0,86.85000000000001,41.41,medium,WATCH
TX_001623,STORE_02,city,CHK_040,8,0,0,regular,card,0,9,1,0,95,0,0,0,0,193,994,3,91.7,0.07,0,55.25,23.91,low,OK
TX_001624,STORE_02,city,CHK_001,8,1,0,regular,card,0,10,1,0,97,0,0,0,0,209,994,3,95.4,0.14,0,57.7,25.27,low,OK
TX_001625,STORE_08,hyper,CHK_005,10,6,1,regular,card,1,11,0,0,90,0,0,0,3,205,982,0,92.0,0.15,0,52.6,22.45,low,OK
TX_001626,STORE_08,hyper,CHK_006,10,2,0,new,card,0,19,2,0,222,1,1,0,3,223,982,5,222.4,84.15,1,130.6,65.62,high,OPEN_SUPPORT
TX_001627,STORE_03,mall,CHK_010,19,5,1,new,card,0,10,3,0,161,1,1,0,1,204,994,7,157.2,83.84,1,96.6,46.8,medium,OPEN_SUPPORT
TX_001628,STORE_01,city,CHK_018,14,3,0,regular,card,1,4,0,1,71,0,0,0,0,200,987,4,81.1,6.08,0,50.949999999999996,21.53,low,OK
TX_001629,STORE_03,mall,CHK_029,20,4,0,new,card,0,11,1,0,174,1,1,0,1,211,994,3,157.5,54.0,1,89.35,42.79,medium,MONITOR_QUEUE
TX_001630,STORE_04,mall,CHK_020,8,0,0,regular,card,0,7,0,0,67,0,0,0,1,175,987,1,69.5,0.0,0,38.95,14.89,low,OK
TX_001631,STORE_06,retail_park,CHK_038,12,4,0,regular,card,0,8,0,1,137,0,0,0,2,194,1000,5,131.3,16.38,0,78.45,36.76,medium,WATCH
TX_001632,STORE_01,city,CHK_016,10,2,0,regular,card,1,14,4,0,127,0,0,0,0,195,987,8,125.2,22.34,0,87.0,41.49,medium,WATCH
TX_001633,STORE_03,mall,CHK_036,17,4,0,regular,card,1,9,0,0,66,0,0,0,1,205,994,0,83.4,0.2,0,47.1,19.4,low,OK
TX_001634,STORE_07,hyper,CHK_034,15,1,0,regular,card,0,9,0,1,153,0,0,0,3,189,1063,5,151.1,44.24,0,88.95,42.57,medium,WATCH
TX_001635,STORE_07,hyper,CHK_030,10,5,1,regular,mobile,1,18,0,0,152,0,0,1,3,197,1063,0,148.7,0.22,0,85.14999999999999,40.46,medium,WATCH
TX_001636,STORE_03,mall,CHK_018,8,3,0,regular,card,0,7,1,0,87,0,0,0,1,200,994,3,80.4,0.08,0,48.400000000000006,20.12,low,OK
TX_001637,STORE_02,city,CHK_010,12,2,0,regular,card,0,7,0,1,131,0,0,0,0,204,994,5,126.0,13.05,0,75.2,34.96,low,OK
TX_001638,STORE_01,city,CHK_014,18,4,0,new,card,1,1,0,0,33,0,1,0,0,213,987,0,33.9,0.16,0,17.55,3.04,low,OK
TX_001639,STORE_04,mall,CHK_003,20,0,0,regular,mobile,0,4,0,0,50,0,0,1,1,195,987,1,53.6,0.17,0,29.2,9.49,low,OK
TX_001640,STORE_07,hyper,CHK_028,20,0,0,regular,gift_card,0,18,1,0,254,0,0,2,3,218,1063,3,223.8,4.93,0,126.7,63.47,high,MONITOR_QUEUE
TX_001641,STORE_06,retail_park,CHK_034,13,5,1,new,card,1,15,2,0,216,0,1,0,2,189,1000,4,192.9,7.83,0,113.45,56.13,high,MONITOR_QUEUE
TX_001642,STORE_05,retail_park,CHK_035,8,3,0,new,card,1,8,1,0,92,0,1,0,2,218,993,2,89.6,0.14,0,53.599999999999994,23.0,low,OK
TX_001643,STORE_07,hyper,CHK_020,17,6,1,regular,card,1,18,0,0,122,0,0,0,3,175,1063,0,137.7,0.0,0,79.64999999999999,37.42,medium,WATCH
TX_001644,STORE_07,hyper,CHK_012,11,2,0,new,mobile,1,11,0,0,88,0,1,1,3,201,1063,0,118.5,0.8,0,65.85,29.78,low,OK
TX_001645,STORE_03,mall,CHK_009,12,5,1,regular,card,1,6,1,0,77,0,0,0,1,211,994,2,73.9,0.0,0,44.550000000000004,17.99,low,OK
TX_001646,STORE_06,retail_park,CHK_014,19,5,1,new,mobile,1,10,1,0,120,0,1,1,2,213,1000,2,125.6,0.7,0,72.8,33.63,low,OK
TX_001647,STORE_08,hyper,CHK_038,13,6,1,regular,mobile,0,5,1,0,61,0,0,1,3,194,982,3,64.6,0.09,0,39.3,15.08,low,OK
TX_001648,STORE_08,hyper,CHK_035,8,5,1,regular,card,0,13,2,0,141,0,0,0,3,218,982,5,129.7,3.16,0,80.64999999999999,37.97,medium,WATCH
TX_001649,STORE_07,hyper,CHK_018,20,6,1,new,card,0,12,0,0,141,0,1,0,3,200,1063,1,151.8,30.29,0,83.10000000000001,39.33,medium,WATCH
TX_001650,STORE_07,hyper,CHK_005,16,6,1,regular,card,1,11,2,1,158,0,0,0,3,205,1063,8,147.0,67.39,1,96.1,46.53,medium,MONITOR_QUEUE
TX_001651,STORE_02,city,CHK_003,13,5,1,regular,card,1,6,0,1,89,0,0,0,0,195,994,4,115.6,7.53,0,69.39999999999999,31.75,low,OK
TX_001652,STORE_01,city,CHK_023,20,6,1,regular,mobile,1,7,1,0,82,0,0,1,0,188,987,2,85.8,0.0,0,51.1,21.62,low,OK
TX_001653,STORE_06,retail_park,CHK_028,20,2,0,new,mobile,0,13,2,1,212,1,1,1,2,218,1000,9,214.6,97.74,1,131.1,65.9,high,OPEN_SUPPORT
TX_001654,STORE_07,hyper,CHK_016,11,3,0,regular,mobile,1,20,1,1,197,1,0,1,3,195,1063,6,206.1,92.39,1,127.05,63.66,high,OPEN_SUPPORT
TX_001655,STORE_08,hyper,CHK_018,8,0,0,regular,mobile,0,15,1,0,153,0,0,1,3,200,982,3,154.9,2.57,0,90.45,43.4,medium,WATCH
TX_001656,STORE_05,retail_park,CHK_010,21,4,0,new,mobile,1,6,1,0,75,0,1,1,2,204,993,2,77.7,0.32,0,46.45,19.04,low,OK
TX_001657,STORE_08,hyper,CHK_032,10,5,1,regular,card,1,10,0,0,83,0,0,0,3,205,982,0,86.1,0.0,0,49.05,20.48,low,OK
TX_001658,STORE_08,hyper,CHK_018,8,0,0,new,card,1,18,0,0,164,0,1,0,3,200,982,0,179.1,2.34,0,100.35,48.88,medium,WATCH
TX_001659,STORE_03,mall,CHK_033,17,3,0,regular,card,1,10,4,0,101,0,0,0,1,192,994,8,103.0,6.73,0,73.5,34.02,low,OK
TX_001660,STORE_06,retail_park,CHK_029,15,5,1,regular,gift_card,1,19,1,1,242,1,0,2,2,211,1000,6,230.6,92.64,1,138.7,70.11,high,OPEN_SUPPORT
TX_001661,STORE_03,mall,CHK_020,10,4,0,regular,card,1,8,3,0,94,0,0,0,1,175,994,6,94.7,0.43,0,64.15,28.84,low,OK
TX_001662,STORE_03,mall,CHK_015,8,6,1,regular,mobile,0,13,0,0,96,0,0,1,1,207,994,1,113.5,1.06,0,64.55,29.06,low,OK
TX_001663,STORE_01,city,CHK_040,16,5,1,new,card,1,4,0,0,59,0,1,0,0,193,987,0,56.7,0.15,0,30.75,10.35,low,OK
TX_001664,STORE_03,mall,CHK_019,11,1,0,professional,gift_card,0,5,0,0,74,0,2,2,1,187,994,1,71.4,0.53,0,38.7,14.75,low,OK
TX_001665,STORE_02,city,CHK_014,19,1,0,regular,gift_card,0,5,0,0,78,0,0,2,0,213,994,1,73.9,0.2,0,39.95,15.44,low,OK
TX_001666,STORE_06,retail_park,CHK_019,20,3,0,regular,card,1,9,1,0,114,0,0,0,2,187,1000,2,101.5,0.03,0,60.15,26.63,low,OK
TX_001667,STORE_05,retail_park,CHK_040,21,0,0,regular,card,0,9,1,0,109,0,0,0,2,193,993,3,101.9,0.32,0,60.35,26.74,low,OK
TX_001668,STORE_02,city,CHK_034,15,3,0,professional,mobile,1,4,2,0,57,0,2,1,0,189,994,4,61.7,0.06,0,41.25,16.16,low,OK
TX_001669,STORE_05,retail_park,CHK_020,8,5,1,new,card,1,8,1,0,84,0,1,0,2,175,993,2,89.5,0.1,0,53.55,22.97,low,OK
TX_001670,STORE_03,mall,CHK_036,16,6,1,regular,card,1,6,1,0,72,0,0,0,1,205,994,2,65.6,0.03,0,40.4,15.69,low,OK
TX_001671,STORE_01,city,CHK_030,15,1,0,professional,card,0,15,1,0,159,0,2,0,0,197,987,3,158.7,20.62,0,92.35,44.45,medium,WATCH
TX_001672,STORE_04,mall,CHK_035,9,2,0,regular,card,1,16,2,0,153,0,0,0,1,218,987,4,141.2,2.64,0,88.19999999999999,42.15,medium,WATCH
TX_001673,STORE_06,retail_park,CHK_022,16,0,0,regular,gift_card,0,12,0,0,112,0,0,2,2,223,1000,1,110.6,1.56,0,62.5,27.93,low,OK
TX_001674,STORE_06,retail_park,CHK_028,9,1,0,regular,card,1,5,2,1,118,0,0,0,2,218,1000,8,111.7,13.39,0,74.85,34.76,low,OK
TX_001675,STORE_01,city,CHK_001,17,1,0,regular,mobile,0,8,1,0,78,0,0,1,0,209,987,3,80.6,0.12,0,49.099999999999994,20.51,low,OK
TX_001676,STORE_04,mall,CHK_001,14,6,1,professional,mobile,0,12,0,0,158,0,2,1,1,209,987,1,148.2,7.61,0,81.3,38.33,medium,WATCH
TX_001677,STORE_02,city,CHK_035,8,4,0,new,mobile,0,1,0,0,30,0,1,1,0,218,994,1,29.7,2.38,0,15.45,1.88,low,OK
TX_001678,STORE_06,retail_park,CHK_003,20,2,0,professional,card,0,8,1,0,119,0,2,0,2,195,1000,3,104.2,2.58,0,60.9,27.04,low,OK
TX_001679,STORE_07,hyper,CHK_016,10,2,0,professional,card,0,14,1,1,210,1,2,0,3,195,1063,7,209.3,92.6,1,125.05000000000001,62.55,high,OPEN_SUPPORT
TX_001680,STORE_05,retail_park,CHK_023,20,3,0,regular,card,0,12,0,0,126,0,0,0,2,188,993,1,129.2,3.44,0,71.8,33.08,low,OK
TX_001681,STORE_04,mall,CHK_035,14,0,0,regular,card,0,10,0,1,158,0,0,0,1,218,987,5,151.4,49.84,0,89.7,42.98,medium,WATCH
TX_001682,STORE_02,city,CHK_034,19,4,0,new,card,1,7,0,0,87,0,1,0,0,189,994,0,95.0,0.05,0,51.7,21.95,low,OK
TX_001683,STORE_08,hyper,CHK_006,13,6,1,regular,card,0,12,1,0,153,0,0,0,3,223,982,3,137.5,1.73,0,79.95,37.59,medium,WATCH
TX_001684,STORE_05,retail_park,CHK_012,15,2,0,regular,card,0,8,1,2,178,1,0,0,2,201,993,11,179.4,89.32,1,114.5,56.71,high,OPEN_SUPPORT
TX_001685,STORE_02,city,CHK_005,11,5,1,professional,mobile,0,3,1,1,108,0,2,1,0,205,994,7,104.8,32.7,0,66.2,29.98,low,OK
TX_001686,STORE_05,retail_park,CHK_025,9,3,0,regular,card,0,8,1,1,127,0,0,0,2,213,993,7,126.2,16.22,0,79.89999999999999,37.56,medium,WATCH
TX_001687,STORE_04,mall,CHK_007,12,3,0,regular,card,0,6,1,1,100,0,0,0,1,217,987,7,110.9,15.77,0,71.05,32.66,low,OK
TX_001688,STORE_03,mall,CHK_028,21,6,1,regular,card,0,6,2,0,77,0,0,0,1,218,994,5,75.6,0.4,0,49.4,20.68,low,OK
TX_001689,STORE_07,hyper,CHK_011,19,5,1,new,card,0,14,0,0,211,1,1,0,3,179,1063,1,199.3,80.05,1,108.05000000000001,53.14,medium,OPEN_SUPPORT
TX_001690,STORE_01,city,CHK_005,15,3,0,professional,card,1,1,1,0,31,0,2,0,0,205,987,2,33.1,0.22,0,21.150000000000002,5.04,low,OK
TX_001691,STORE_08,hyper,CHK_012,13,2,0,new,card,0,7,0,0,93,0,1,0,3,201,982,1,98.4,5.54,0,53.400000000000006,22.89,low,OK
TX_001692,STORE_05,retail_park,CHK_017,19,2,0,regular,card,1,12,0,0,113,0,0,0,2,202,993,0,125.8,0.38,0,70.1,32.13,low,OK
TX_001693,STORE_01,city,CHK_014,14,4,0,regular,card,0,10,1,0,96,0,0,0,0,213,987,3,110.1,0.98,0,65.05,29.34,low,OK
TX_001694,STORE_01,city,CHK_027,14,2,0,regular,card,1,11,0,0,114,0,0,0,0,200,987,0,104.1,0.34,0,58.65,25.8,low,OK
TX_001695,STORE_05,retail_park,CHK_015,14,6,1,regular,card,1,8,0,0,93,0,0,0,2,207,993,0,87.5,0.0,0,48.55,20.2,low,OK
TX_001696,STORE_05,retail_park,CHK_025,20,4,0,new,card,0,1,1,0,44,0,1,0,2,213,993,3,41.6,7.86,0,25.400000000000002,7.39,low,OK
TX_001697,STORE_02,city,CHK_025,13,3,0,regular,card,1,8,1,0,99,0,0,0,0,213,994,2,87.4,0.01,0,52.5,22.39,low,OK
TX_001698,STORE_04,mall,CHK_036,13,5,1,professional,card,0,7,2,1,170,1,2,0,1,205,987,9,160.3,73.32,1,100.35000000000001,48.88,medium,OPEN_SUPPORT
TX_001699,STORE_04,mall,CHK_022,19,3,0,new,card,1,3,2,0,71,0,1,0,1,223,987,4,69.1,0.06,0,44.349999999999994,17.88,low,OK
TX_001700,STORE_01,city,CHK_014,15,6,1,regular,card,1,4,1,0,56,0,0,0,0,213,987,2,56.0,0.0,0,34.4,12.37,low,OK
TX_001701,STORE_06,retail_park,CHK_005,13,5,1,regular,gift_card,0,3,1,2,143,0,0,2,2,205,1000,11,140.3,23.5,0,91.95,44.23,medium,WATCH
TX_001702,STORE_04,mall,CHK_010,17,0,0,regular,card,1,15,1,1,200,1,0,0,1,204,987,6,181.5,86.68,1,111.75,55.19,high,OPEN_SUPPORT
TX_001703,STORE_06,retail_park,CHK_039,19,3,0,regular,card,0,6,1,0,95,0,0,0,2,195,1000,3,84.1,0.21,0,49.65,20.81,low,OK
TX_001704,STORE_03,mall,CHK_025,16,2,0,new,card,0,11,0,1,195,1,1,0,1,213,994,5,163.1,93.94,1,96.14999999999999,46.55,medium,OPEN_SUPPORT
TX_001705,STORE_08,hyper,CHK_029,9,2,0,regular,card,0,16,4,1,219,1,0,0,3,211,982,13,205.2,96.09,1,136.2,68.72,high,OPEN_SUPPORT
TX_001706,STORE_03,mall,CHK_008,17,3,0,regular,card,0,11,2,0,113,0,0,0,1,173,994,5,114.2,2.94,0,71.69999999999999,33.02,low,OK
TX_001707,STORE_06,retail_park,CHK_009,12,5,1,regular,card,1,17,0,0,155,0,0,0,2,211,1000,0,159.7,0.74,0,90.05,43.18,medium,WATCH
TX_001708,STORE_06,retail_park,CHK_020,20,3,0,regular,card,1,8,0,0,103,0,0,0,2,175,1000,0,95.5,0.03,0,52.55,22.42,low,OK
TX_001709,STORE_04,mall,CHK_033,8,0,0,regular,card,1,8,1,0,82,0,0,0,1,192,987,2,82.6,0.06,0,50.099999999999994,21.06,low,OK
TX_001710,STORE_01,city,CHK_014,21,3,0,regular,gift_card,1,8,1,0,84,0,0,2,0,213,987,2,80.5,0.03,0,49.05,20.48,low,OK
TX_001711,STORE_08,hyper,CHK_011,20,6,1,regular,card,1,14,1,1,163,1,0,0,3,179,982,6,177.2,94.17,1,109.0,53.67,medium,OPEN_SUPPORT
TX_001712,STORE_06,retail_park,CHK_024,11,2,0,regular,card,1,2,0,0,29,0,0,0,2,217,1000,0,31.0,0.12,0,16.7,2.57,low,OK
TX_001713,STORE_06,retail_park,CHK_022,14,3,0,professional,mobile,0,8,0,0,90,0,2,1,2,223,1000,1,94.6,0.97,0,52.099999999999994,22.17,low,OK
TX_001714,STORE_04,mall,CHK_025,19,5,1,regular,card,0,1,1,2,93,0,0,0,1,213,987,11,102.9,17.28,0,72.05,33.21,low,OK
TX_001715,STORE_07,hyper,CHK_015,17,4,0,regular,card,0,12,1,0,107,0,0,0,3,207,1063,3,113.7,2.9,0,68.05,31.0,low,OK
TX_001716,STORE_02,city,CHK_005,10,2,0,regular,card,1,12,0,1,155,0,0,0,0,205,994,4,152.4,58.01,1,91.4,43.92,medium,MONITOR_QUEUE
TX_001717,STORE_08,hyper,CHK_007,17,6,1,regular,mobile,1,8,2,0,74,0,0,1,3,217,982,4,80.8,0.6,0,53.199999999999996,22.78,low,OK
TX_001718,STORE_01,city,CHK_018,18,4,0,regular,mobile,0,12,0,0,119,0,0,1,0,200,987,1,127.2,4.0,0,70.8,32.52,low,OK
TX_001719,STORE_08,hyper,CHK_033,13,4,0,regular,card,1,12,2,0,139,0,0,0,3,192,982,4,130.1,1.92,0,80.25,37.75,medium,WATCH
TX_001720,STORE_05,retail_park,CHK_009,10,6,1,regular,card,0,1,2,0,37,0,0,0,2,211,993,5,38.2,0.6,0,27.700000000000003,8.66,low,OK
TX_001721,STORE_03,mall,CHK_006,19,3,0,regular,card,1,15,0,0,152,0,0,0,1,223,994,0,154.5,1.15,0,86.25,41.07,medium,WATCH
TX_001722,STORE_01,city,CHK_040,15,5,1,regular,card,0,11,1,0,127,0,0,0,0,193,987,3,121.4,2.56,0,71.3,32.8,low,OK
TX_001723,STORE_07,hyper,CHK_020,19,1,0,new,card,1,5,1,0,82,0,1,0,3,175,1063,2,85.4,0.0,0,49.7,20.84,low,OK
TX_001724,STORE_04,mall,CHK_008,15,3,0,regular,card,1,7,1,1,137,0,0,0,1,173,987,6,125.6,8.08,0,79.0,37.06,medium,WATCH
TX_001725,STORE_03,mall,CHK_014,12,6,1,new,card,1,8,2,1,153,0,1,0,1,213,994,8,150.4,57.23,1,96.0,46.47,medium,MONITOR_QUEUE
TX_001726,STORE_04,mall,CHK_021,15,1,0,regular,mobile,1,8,0,0,63,0,0,1,1,203,987,0,67.0,0.01,0,38.3,14.53,low,OK
TX_001727,STORE_03,mall,CHK_021,18,2,0,regular,card,1,4,1,1,107,0,0,0,1,203,994,6,104.9,9.56,0,66.85000000000001,30.33,low,OK
TX_001728,STORE_03,mall,CHK_001,20,4,0,regular,mobile,0,14,1,1,185,1,0,1,1,209,994,7,184.3,91.25,1,112.55000000000001,55.63,high,OPEN_SUPPORT
TX_001729,STORE_07,hyper,CHK_003,13,5,1,regular,mobile,1,13,1,3,267,1,0,1,3,195,1063,14,212.7,88.51,1,142.15,72.02,high,OPEN_SUPPORT
TX_001730,STORE_03,mall,CHK_012,21,5,1,regular,mobile,1,11,1,1,126,0,0,1,1,201,994,6,149.7,61.06,1,93.44999999999999,45.06,medium,MONITOR_QUEUE
TX_001731,STORE_08,hyper,CHK_025,9,4,0,regular,card,0,14,0,0,133,0,0,0,3,213,982,1,128.2,1.96,0,72.5,33.46,low,OK
TX_001732,STORE_01,city,CHK_009,16,2,0,regular,card,1,9,1,1,147,0,0,0,0,211,987,6,136.8,21.27,0,85.80000000000001,40.82,medium,WATCH
TX_001733,STORE_01,city,CHK_007,21,3,0,professional,card,0,8,0,0,98,0,2,0,0,217,987,1,96.8,2.54,0,53.199999999999996,22.78,low,OK
TX_001734,STORE_02,city,CHK_016,10,6,1,new,card,1,8,0,0,74,0,1,0,0,195,994,0,83.4,0.25,0,46.5,19.07,low,OK
TX_001735,STORE_05,retail_park,CHK_023,21,3,0,regular,card,1,7,2,0,88,0,0,0,2,188,993,4,82.1,0.03,0,53.25,22.81,low,OK
TX_001736,STORE_02,city,CHK_021,10,6,1,regular,card,0,6,2,0,66,0,0,0,0,203,994,5,72.5,0.04,0,47.85,19.82,low,OK
TX_001737,STORE_08,hyper,CHK_008,19,2,0,regular,card,0,8,0,0,87,0,0,0,3,173,982,1,91.9,0.39,0,50.75,21.42,low,OK
TX_001738,STORE_02,city,CHK_011,13,3,0,regular,card,1,6,1,0,67,0,0,0,0,179,994,2,70.8,0.01,0,43.0,17.13,low,OK
TX_001739,STORE_06,retail_park,CHK_015,9,5,1,regular,mobile,0,6,2,0,84,0,0,1,2,207,1000,5,78.9,0.55,0,51.050000000000004,21.59,low,OK
TX_001740,STORE_05,retail_park,CHK_016,9,0,0,new,mobile,0,12,0,0,131,0,1,1,2,195,993,1,128.1,22.1,0,71.25,32.77,low,OK
TX_001741,STORE_02,city,CHK_012,10,3,0,regular,gift_card,1,10,1,0,110,0,0,2,0,201,994,2,94.7,0.05,0,57.35,25.08,low,OK
TX_001742,STORE_02,city,CHK_024,14,1,0,professional,card,0,5,0,0,76,0,2,0,0,217,994,1,71.7,2.1,0,38.85,14.84,low,OK
TX_001743,STORE_08,hyper,CHK_029,15,0,0,regular,card,0,5,0,0,63,0,0,0,3,211,982,1,59.4,0.0,0,32.7,11.43,low,OK
TX_001744,STORE_08,hyper,CHK_039,9,3,0,new,card,0,14,1,2,293,1,1,0,3,195,982,11,269.5,98.46,1,163.15,83.64,critical,OPEN_SUPPORT
TX_001745,STORE_07,hyper,CHK_031,17,6,1,new,mobile,0,18,0,0,167,1,1,1,3,194,1063,1,190.8,72.54,1,106.2,52.12,medium,OPEN_SUPPORT
TX_001746,STORE_03,mall,CHK_014,10,2,0,regular,card,0,9,0,0,101,0,0,0,1,213,994,1,91.9,0.17,0,51.35,21.75,low,OK
TX_001747,STORE_05,retail_park,CHK_023,8,2,0,regular,card,0,10,0,0,82,0,0,0,2,188,993,1,95.1,0.07,0,53.55,22.97,low,OK
TX_001748,STORE_08,hyper,CHK_027,19,4,0,regular,mobile,1,13,1,0,139,0,0,1,3,200,982,2,136.6,0.4,0,80.1,37.67,medium,WATCH
TX_001749,STORE_06,retail_park,CHK_006,13,0,0,regular,mobile,1,13,2,0,132,0,0,1,2,223,1000,4,131.4,0.81,0,81.5,38.44,medium,WATCH
TX_001750,STORE_07,hyper,CHK_011,9,2,0,regular,card,0,12,0,0,109,0,0,0,3,179,1063,1,106.9,1.47,0,60.650000000000006,26.9,low,OK
TX_001751,STORE_02,city,CHK_014,12,4,0,regular,card,0,13,1,0,166,0,0,0,0,213,994,3,140.0,3.94,0,81.8,38.61,medium,WATCH
TX_001752,STORE_04,mall,CHK_020,14,6,1,regular,card,1,5,1,0,62,0,0,0,1,175,987,2,64.7,0.0,0,39.35,15.11,low,OK
TX_001753,STORE_04,mall,CHK_010,18,1,0,regular,mobile,0,10,0,1,127,0,0,1,1,204,987,5,149.2,60.71,1,88.6,42.37,medium,MONITOR_QUEUE
TX_001754,STORE_02,city,CHK_020,18,2,0,regular,card,1,4,2,0,62,0,0,0,0,175,994,4,63.1,0.07,0,41.949999999999996,16.55,low,OK
TX_001755,STORE_05,retail_park,CHK_020,16,5,1,regular,card,0,7,1,1,105,0,0,0,2,175,993,7,117.0,20.54,0,74.7,34.68,low,OK
TX_001756,STORE_03,mall,CHK_026,16,5,1,regular,gift_card,0,1,0,0,27,0,0,2,1,183,994,1,26.4,0.04,0,13.799999999999999,0.97,low,OK
TX_001757,STORE_04,mall,CHK_020,10,2,0,regular,card,1,12,2,0,126,0,0,0,1,175,987,4,121.0,0.78,0,75.7,35.23,medium,WATCH
TX_001758,STORE_02,city,CHK_020,12,5,1,regular,gift_card,0,10,1,0,127,0,0,2,0,175,994,3,118.3,0.04,0,69.15,31.61,low,OK
TX_001759,STORE_08,hyper,CHK_018,18,1,0,regular,card,1,12,1,0,141,0,0,0,3,200,982,2,132.5,0.82,0,77.45,36.2,medium,WATCH
TX_001760,STORE_06,retail_park,CHK_035,8,1,0,new,mobile,0,12,0,0,121,0,1,1,2,218,1000,1,124.6,16.49,0,69.5,31.8,low,OK
TX_001761,STORE_02,city,CHK_019,14,3,0,new,card,1,12,0,2,246,1,1,0,0,187,994,8,235.5,95.71,1,140.95,71.35,high,OPEN_SUPPORT
TX_001762,STORE_02,city,CHK_039,20,2,0,new,card,1,16,0,1,243,1,1,0,0,195,994,4,228.6,92.2,1,131.9,66.34,high,OPEN_SUPPORT
TX_001763,STORE_01,city,CHK_020,9,6,1,regular,mobile,0,8,1,0,93,0,0,1,0,175,987,3,87.9,0.0,0,52.75,22.53,low,OK
TX_001764,STORE_08,hyper,CHK_034,14,2,0,new,card,0,11,0,0,132,0,1,0,3,189,982,1,141.2,21.32,0,77.19999999999999,36.06,medium,WATCH
TX_001765,STORE_04,mall,CHK_040,19,4,0,professional,card,1,12,0,0,153,0,2,0,1,193,987,0,147.3,0.72,0,80.85000000000001,38.08,medium,WATCH
TX_001766,STORE_02,city,CHK_018,15,3,0,regular,card,0,10,0,0,97,0,0,0,0,200,994,1,89.5,1.18,0,50.75,21.42,low,OK
TX_001767,STORE_07,hyper,CHK_018,14,5,1,professional,card,1,5,1,0,77,0,2,0,3,200,1063,2,71.8,0.19,0,42.9,17.08,low,OK
TX_001768,STORE_04,mall,CHK_007,14,1,0,new,card,1,8,0,1,149,0,1,0,1,217,987,4,141.2,8.44,0,83.39999999999999,39.5,medium,WATCH
TX_001769,STORE_05,retail_park,CHK_035,9,1,0,new,card,0,7,1,0,78,0,1,0,2,218,993,3,99.5,4.23,0,57.95,25.41,low,OK
TX_001770,STORE_02,city,CHK_001,17,5,1,regular,card,0,12,0,0,114,0,0,0,0,209,994,1,106.4,2.23,0,60.400000000000006,26.76,low,OK
TX_001771,STORE_03,mall,CHK_036,21,6,1,professional,card,0,1,1,0,34,0,2,0,1,205,994,3,37.0,1.6,0,23.1,6.12,low,OK
TX_001772,STORE_06,retail_park,CHK_032,18,2,0,regular,card,0,7,0,0,101,0,0,0,2,205,1000,1,89.5,0.25,0,48.95,20.43,low,OK
TX_001773,STORE_02,city,CHK_026,13,6,1,new,card,0,8,0,0,104,0,1,0,0,183,994,1,104.0,4.02,0,56.8,24.77,low,OK
TX_001774,STORE_01,city,CHK_032,14,1,0,professional,card,1,12,1,0,122,0,2,0,0,205,987,2,133.7,0.53,0,78.05,36.53,medium,WATCH
TX_001775,STORE_06,retail_park,CHK_024,20,6,1,regular,mobile,1,13,1,1,213,1,0,1,2,217,1000,6,200.5,92.45,1,120.05,59.78,high,OPEN_SUPPORT
TX_001776,STORE_05,retail_park,CHK_040,19,2,0,regular,mobile,0,11,1,0,135,0,0,1,2,193,993,3,125.5,1.9,0,73.35,33.93,low,OK
TX_001777,STORE_02,city,CHK_002,16,3,0,new,card,1,2,1,1,98,0,1,0,0,161,994,6,93.3,19.21,0,59.85,26.46,low,OK
TX_001778,STORE_02,city,CHK_022,19,0,0,regular,card,1,11,1,0,103,0,0,0,0,223,994,2,117.6,0.21,0,69.39999999999999,31.75,low,OK
TX_001779,STORE_04,mall,CHK_038,10,4,0,regular,card,1,10,1,2,188,1,0,0,1,194,987,10,184.5,88.27,1,118.25,58.79,high,OPEN_SUPPORT
TX_001780,STORE_01,city,CHK_033,12,5,1,regular,card,1,11,1,0,103,0,0,0,0,192,987,2,112.2,0.05,0,66.7,30.25,low,OK
TX_001781,STORE_05,retail_park,CHK_001,14,3,0,regular,card,1,5,0,0,54,0,0,0,2,209,993,0,55.7,0.01,0,30.85,10.41,low,OK
TX_001782,STORE_07,hyper,CHK_033,11,5,1,regular,card,1,2,0,1,58,0,0,0,3,192,1063,4,63.5,7.77,0,40.95,16.0,low,OK
TX_001783,STORE_04,mall,CHK_033,9,1,0,regular,card,1,6,0,1,101,0,0,0,1,192,987,4,114.0,6.67,0,68.6,31.3,low,OK
TX_001784,STORE_05,retail_park,CHK_020,13,2,0,regular,card,1,12,1,1,164,1,0,0,2,175,993,6,161.9,71.32,1,100.15,48.77,medium,OPEN_SUPPORT
TX_001785,STORE_04,mall,CHK_021,16,3,0,regular,card,1,14,1,0,141,0,0,0,1,203,987,2,122.5,0.31,0,73.65,34.1,low,OK
TX_001786,STORE_02,city,CHK_032,16,5,1,regular,card,0,5,1,1,106,0,0,0,0,205,994,7,104.0,17.07,0,67.0,30.42,low,OK
TX_001787,STORE_03,mall,CHK_036,14,3,0,professional,card,1,7,0,1,124,0,2,0,1,205,994,4,123.3,8.89,0,73.85000000000001,34.21,low,OK
TX_001788,STORE_02,city,CHK_038,12,5,1,regular,card,1,5,3,0,69,0,0,0,0,194,994,6,72.0,1.64,0,51.0,21.56,low,OK
TX_001789,STORE_01,city,CHK_039,18,0,0,new,mobile,1,12,0,0,157,0,1,1,0,195,987,0,150.3,1.42,0,82.35000000000001,38.92,medium,WATCH
TX_001790,STORE_08,hyper,CHK_019,13,5,1,regular,gift_card,0,6,1,0,77,0,0,2,3,187,982,3,73.3,0.0,0,44.25,17.82,low,OK
TX_001791,STORE_01,city,CHK_028,10,1,0,new,mobile,0,10,2,2,196,1,1,1,0,218,987,13,207.1,86.06,1,133.55,67.26,high,OPEN_SUPPORT
TX_001792,STORE_02,city,CHK_025,21,1,0,new,card,1,6,1,0,70,0,1,0,0,213,994,2,73.9,0.5,0,44.550000000000004,17.99,low,OK
TX_001793,STORE_07,hyper,CHK_018,14,4,0,new,card,0,13,1,0,155,0,1,0,3,200,1063,3,156.8,67.03,1,90.2,43.26,medium,MONITOR_QUEUE
TX_001794,STORE_04,mall,CHK_025,21,5,1,professional,card,1,6,0,0,70,0,2,0,1,213,987,0,70.1,0.21,0,38.65,14.72,low,OK
TX_001795,STORE_01,city,CHK_013,19,3,0,new,mobile,1,5,1,0,89,0,1,1,0,192,987,2,85.6,0.05,0,49.8,20.9,low,OK
TX_001796,STORE_03,mall,CHK_015,12,2,0,regular,card,1,2,0,0,32,0,0,0,1,207,994,0,33.5,0.01,0,17.95,3.27,low,OK
TX_001797,STORE_07,hyper,CHK_014,17,0,0,regular,card,0,17,0,1,147,0,0,0,3,213,1063,5,174.7,77.81,1,105.55,51.76,medium,OPEN_SUPPORT
TX_001798,STORE_03,mall,CHK_003,14,5,1,regular,card,0,11,1,0,116,0,0,0,1,195,994,3,121.7,2.12,0,71.44999999999999,32.88,low,OK
TX_001799,STORE_02,city,CHK_019,20,1,0,new,card,1,8,0,1,150,0,1,0,0,187,994,4,143.9,9.15,0,84.75,40.24,medium,WATCH
TX_001800,STORE_01,city,CHK_025,19,4,0,regular,card,1,9,0,0,91,0,0,0,0,213,987,0,103.2,0.0,0,57.0,24.88,low,OK
TX_001801,STORE_06,retail_park,CHK_034,9,1,0,new,card,0,11,0,0,130,0,1,0,2,189,1000,1,130.0,14.78,0,71.6,32.96,low,OK
TX_001802,STORE_02,city,CHK_002,12,0,0,regular,card,1,12,2,1,173,1,0,0,0,161,994,8,164.4,84.4,1,105.4,51.67,medium,OPEN_SUPPORT
TX_001803,STORE_01,city,CHK_022,9,0,0,regular,card,0,6,0,1,110,0,0,0,0,223,987,5,112.5,8.37,0,67.85,30.89,low,OK
TX_001804,STORE_04,mall,CHK_028,14,4,0,new,card,0,7,2,0,124,0,1,0,1,218,987,5,110.2,7.11,0,67.3,30.58,low,OK
TX_001805,STORE_08,hyper,CHK_031,14,5,1,new,mobile,0,12,0,0,127,0,1,1,3,194,982,1,140.5,25.63,0,77.45,36.2,medium,WATCH
TX_001806,STORE_04,mall,CHK_035,11,6,1,regular,mobile,1,13,2,0,124,0,0,1,1,218,987,4,123.8,4.25,0,77.7,36.34,medium,WATCH
TX_001807,STORE_08,hyper,CHK_025,8,1,0,new,card,0,5,0,0,75,0,1,0,3,213,982,1,70.9,3.45,0,38.45,14.61,low,OK
TX_001808,STORE_08,hyper,CHK_009,14,2,0,new,card,1,9,0,0,117,0,1,0,3,211,982,0,112.7,0.16,0,61.75,27.51,low,OK
TX_001809,STORE_07,hyper,CHK_010,17,3,0,regular,mobile,1,16,2,0,151,0,0,1,3,204,1063,4,145.0,1.49,0,90.1,43.21,medium,WATCH
TX_001810,STORE_07,hyper,CHK_003,13,4,0,professional,mobile,0,6,1,0,81,0,2,1,3,195,1063,3,82.3,1.43,0,48.75,20.32,low,OK
TX_001811,STORE_04,mall,CHK_015,12,1,0,regular,card,1,10,0,1,166,1,0,0,1,207,987,4,147.3,70.6,1,87.65,41.85,medium,OPEN_SUPPORT
TX_001812,STORE_03,mall,CHK_034,20,2,0,regular,card,1,9,1,0,110,0,0,0,1,189,994,2,101.9,0.03,0,60.35,26.74,low,OK
TX_001813,STORE_06,retail_park,CHK_030,15,0,0,regular,mobile,0,11,0,0,84,0,0,1,2,197,1000,1,98.1,1.82,0,55.65,24.14,low,OK
TX_001814,STORE_08,hyper,CHK_034,9,0,0,regular,card,0,13,1,0,123,0,0,0,3,189,982,3,121.0,1.79,0,72.3,33.35,low,OK
TX_001815,STORE_04,mall,CHK_029,15,6,1,regular,card,0,6,1,1,112,0,0,0,1,211,987,7,115.6,21.16,0,73.39999999999999,33.96,low,OK
TX_001816,STORE_05,retail_park,CHK_029,21,5,1,regular,card,1,9,1,0,93,0,0,0,2,211,993,2,87.7,0.34,0,53.25,22.81,low,OK
TX_001817,STORE_01,city,CHK_011,12,3,0,regular,mobile,0,1,2,0,36,0,0,1,0,179,987,5,36.7,0.31,0,26.950000000000003,8.25,low,OK
TX_001818,STORE_02,city,CHK_005,10,0,0,new,mobile,0,7,2,1,129,1,1,1,0,205,994,9,143.7,81.31,1,92.05,44.28,medium,OPEN_SUPPORT
TX_001819,STORE_06,retail_park,CHK_014,20,0,0,regular,card,1,8,2,0,90,0,0,0,2,213,1000,4,96.9,0.15,0,61.25,27.23,low,OK
TX_001820,STORE_07,hyper,CHK_028,20,1,0,regular,card,1,9,0,0,106,0,0,0,3,218,1063,0,105.2,0.01,0,58.0,25.44,low,OK
TX_001821,STORE_07,hyper,CHK_028,17,4,0,new,card,0,16,0,0,155,0,1,0,3,218,1063,1,163.9,66.43,1,91.55,44.01,medium,MONITOR_QUEUE
TX_001822,STORE_06,retail_park,CHK_017,11,1,0,new,card,0,15,0,0,170,1,1,0,2,202,1000,1,165.0,80.95,1,91.5,43.98,medium,OPEN_SUPPORT
TX_001823,STORE_02,city,CHK_034,17,4,0,regular,card,0,11,1,0,119,0,0,0,0,189,994,3,114.2,2.7,0,67.7,30.81,low,OK
TX_001824,STORE_07,hyper,CHK_001,14,5,1,regular,card,1,9,0,0,92,0,0,0,3,209,1063,0,93.8,0.11,0,52.3,22.28,low,OK
TX_001825,STORE_02,city,CHK_033,20,5,1,new,card,0,6,1,0,98,0,1,0,0,192,994,3,95.0,5.39,0,55.1,23.83,low,OK
TX_001826,STORE_07,hyper,CHK_027,10,6,1,regular,card,0,11,1,0,117,0,0,0,3,200,1063,3,112.6,2.63,0,66.89999999999999,30.36,low,OK
TX_001827,STORE_03,mall,CHK_031,18,0,0,new,card,0,7,2,1,162,1,1,0,1,194,994,9,159.9,94.97,1,100.15,48.77,medium,OPEN_SUPPORT
TX_001828,STORE_07,hyper,CHK_012,8,0,0,new,card,0,16,1,0,169,1,1,0,3,201,1063,3,171.5,84.61,1,99.35,48.33,medium,OPEN_SUPPORT
TX_001829,STORE_05,retail_park,CHK_008,21,4,0,regular,card,1,4,0,0,43,0,0,0,2,173,993,0,44.5,0.02,0,24.65,6.97,low,OK
TX_001830,STORE_07,hyper,CHK_011,14,6,1,regular,card,0,17,0,1,224,1,0,0,3,179,1063,5,213.1,95.76,1,124.75,62.39,high,OPEN_SUPPORT
TX_001831,STORE_07,hyper,CHK_038,17,5,1,regular,card,0,11,1,0,103,0,0,0,3,194,1063,3,111.6,1.55,0,66.39999999999999,30.09,low,OK
TX_001832,STORE_03,mall,CHK_027,10,5,1,professional,card,0,10,1,0,98,0,2,0,1,200,994,3,104.0,3.53,0,62.0,27.65,low,OK
TX_001833,STORE_01,city,CHK_028,20,5,1,regular,card,1,4,3,0,69,0,0,0,0,218,987,6,69.6,3.8,0,49.199999999999996,20.56,low,OK
TX_001834,STORE_03,mall,CHK_001,17,0,0,regular,card,1,10,1,0,87,0,0,0,1,209,994,2,88.7,0.11,0,54.35,23.42,low,OK
TX_001835,STORE_08,hyper,CHK_013,9,3,0,regular,card,1,11,1,0,120,0,0,0,3,192,982,2,106.1,0.23,0,63.65,28.56,low,OK
TX_001836,STORE_07,hyper,CHK_040,18,1,0,regular,card,0,6,1,1,122,0,0,0,3,193,1063,7,123.1,32.56,0,77.14999999999999,36.04,medium,WATCH
TX_001837,STORE_08,hyper,CHK_033,17,4,0,regular,mobile,1,12,1,0,100,0,0,1,3,192,982,2,105.8,0.49,0,64.1,28.81,low,OK
TX_001838,STORE_07,hyper,CHK_025,10,3,0,regular,card,1,9,1,0,76,0,0,0,3,213,1063,2,84.1,0.0,0,51.449999999999996,21.81,low,OK
TX_001839,STORE_07,hyper,CHK_021,15,6,1,regular,mobile,1,13,2,0,97,0,0,1,3,203,1063,4,110.7,2.44,0,71.15,32.72,low,OK
TX_001840,STORE_06,retail_park,CHK_012,10,2,0,regular,card,1,8,2,0,85,0,0,0,2,201,1000,4,88.2,0.0,0,56.9,24.83,low,OK
TX_001841,STORE_08,hyper,CHK_006,21,1,0,regular,card,0,11,1,0,96,0,0,0,3,223,982,3,102.9,0.9,0,62.050000000000004,27.68,low,OK
TX_001842,STORE_01,city,CHK_020,20,6,1,regular,card,0,17,0,1,251,1,0,0,0,175,987,5,237.1,92.62,1,136.75,69.03,high,OPEN_SUPPORT
TX_001843,STORE_07,hyper,CHK_004,11,1,0,regular,card,1,10,2,0,109,0,0,0,3,219,1063,4,100.1,0.46,0,64.05,28.78,low,OK
TX_001844,STORE_03,mall,CHK_028,18,2,0,regular,card,0,11,2,0,144,0,0,0,1,218,994,5,139.7,4.63,0,84.44999999999999,40.08,medium,WATCH
TX_001845,STORE_04,mall,CHK_015,15,4,0,new,gift_card,1,5,0,0,69,0,1,2,1,207,987,0,68.5,0.0,0,37.25,13.95,low,OK
TX_001846,STORE_08,hyper,CHK_015,8,4,0,regular,card,0,10,1,0,97,0,0,0,3,207,982,3,97.3,0.24,0,58.65,25.8,low,OK
TX_001847,STORE_01,city,CHK_007,18,4,0,regular,mobile,1,11,0,0,100,0,0,1,0,217,987,0,104.1,0.18,0,58.65,25.8,low,OK
TX_001848,STORE_06,retail_park,CHK_017,8,1,0,new,card,0,15,0,2,283,1,1,0,2,202,1000,9,269.8,93.31,1,159.9,81.84,critical,OPEN_SUPPORT
TX_001849,STORE_06,retail_park,CHK_026,17,4,0,professional,card,1,4,1,0,62,0,2,0,2,183,1000,2,62.1,0.0,0,37.449999999999996,14.06,low,OK
TX_001850,STORE_07,hyper,CHK_015,12,5,1,regular,card,1,11,1,0,133,0,0,0,3,207,1063,2,113.1,0.03,0,67.14999999999999,30.5,low,OK
TX_001851,STORE_07,hyper,CHK_015,10,0,0,regular,card,0,6,2,0,79,0,0,0,3,207,1063,5,78.5,0.82,0,50.85,21.48,low,OK
TX_001852,STORE_05,retail_park,CHK_015,16,3,0,regular,card,1,8,0,1,143,0,0,0,2,207,993,4,130.9,12.99,0,78.25,36.65,medium,WATCH
TX_001853,STORE_06,retail_park,CHK_035,12,0,0,regular,card,0,9,3,1,156,1,0,0,2,218,1000,11,154.5,89.88,1,102.65,50.15,medium,OPEN_SUPPORT
TX_001854,STORE_05,retail_park,CHK_007,14,6,1,regular,card,0,13,0,0,113,0,0,0,2,217,993,1,125.8,2.93,0,70.7,32.47,low,OK
TX_001855,STORE_06,retail_park,CHK_033,11,2,0,regular,card,1,9,1,0,85,0,0,0,2,192,1000,2,84.4,0.06,0,51.6,21.89,low,OK
TX_001856,STORE_02,city,CHK_006,15,1,0,regular,mobile,1,5,0,0,47,0,0,1,0,223,994,0,49.5,0.01,0,27.75,8.69,low,OK
TX_001857,STORE_05,retail_park,CHK_013,9,2,0,new,card,0,6,0,0,84,0,1,0,2,192,993,1,80.1,5.32,0,43.65,17.49,low,OK
TX_001858,STORE_08,hyper,CHK_014,17,4,0,regular,card,0,11,1,0,109,0,0,0,3,213,982,3,112.8,1.44,0,67.0,30.42,low,OK
TX_001859,STORE_06,retail_park,CHK_014,18,2,0,regular,card,1,8,0,0,89,0,0,0,2,213,1000,0,92.0,0.33,0,50.8,21.45,low,OK
TX_001860,STORE_03,mall,CHK_017,12,4,0,regular,mobile,0,1,2,0,41,0,0,1,1,202,994,5,39.1,0.15,0,28.150000000000002,8.91,low,OK
TX_001861,STORE_03,mall,CHK_037,9,3,0,regular,card,1,13,1,0,93,0,0,0,1,194,994,2,110.4,0.14,0,67.0,30.42,low,OK
TX_001862,STORE_03,mall,CHK_017,19,4,0,regular,mobile,0,6,0,0,80,0,0,1,1,202,994,1,77.8,0.12,0,42.5,16.86,low,OK
TX_001863,STORE_03,mall,CHK_032,21,4,0,professional,mobile,1,12,0,0,118,0,2,1,1,205,994,0,128.8,0.82,0,71.60000000000001,32.96,low,OK
TX_001864,STORE_06,retail_park,CHK_001,16,5,1,regular,card,0,3,2,0,54,0,0,0,2,209,1000,5,56.4,0.77,0,38.0,14.36,low,OK
TX_001865,STORE_05,retail_park,CHK_033,11,2,0,new,mobile,1,10,2,0,114,0,1,1,2,192,993,4,116.1,2.1,0,72.05,33.21,low,OK
TX_001866,STORE_02,city,CHK_012,16,5,1,regular,card,0,1,0,0,27,0,0,0,0,201,994,1,26.7,0.1,0,13.95,1.05,low,OK
TX_001867,STORE_03,mall,CHK_005,19,4,0,regular,card,1,14,1,0,136,0,0,0,1,205,994,2,141.5,0.44,0,83.15,39.36,medium,WATCH
TX_001868,STORE_02,city,CHK_028,19,4,0,professional,card,1,3,0,0,56,0,2,0,0,218,994,0,53.1,0.16,0,28.35,9.02,low,OK
TX_001869,STORE_04,mall,CHK_017,11,4,0,regular,card,1,13,0,0,96,0,0,0,1,202,987,0,109.9,0.05,0,62.75,28.07,low,OK
TX_001870,STORE_04,mall,CHK_025,8,3,0,regular,card,0,11,1,0,121,0,0,0,1,213,987,3,113.7,0.53,0,67.45,30.67,low,OK
TX_001871,STORE_04,mall,CHK_039,13,3,0,regular,card,1,3,0,0,46,0,0,0,1,195,987,0,41.0,0.01,0,22.3,5.67,low,OK
TX_001872,STORE_05,retail_park,CHK_031,9,1,0,new,card,1,7,0,1,122,0,1,0,2,194,993,4,127.7,8.46,0,76.05,35.43,medium,WATCH
TX_001873,STORE_08,hyper,CHK_007,11,4,0,new,mobile,1,13,0,0,117,0,1,1,3,217,982,0,131.7,2.55,0,73.64999999999999,34.1,low,OK
TX_001874,STORE_01,city,CHK_002,17,6,1,regular,mobile,0,1,0,1,75,0,0,1,0,161,987,5,73.9,13.23,0,45.550000000000004,18.54,low,OK
TX_001875,STORE_05,retail_park,CHK_010,16,2,0,regular,card,1,14,2,0,109,0,0,0,2,204,993,4,119.5,3.97,0,76.15,35.48,medium,WATCH
TX_001876,STORE_03,mall,CHK_006,18,0,0,new,card,1,7,1,0,104,0,1,0,1,223,994,2,97.3,0.22,0,56.85,24.8,low,OK
TX_001877,STORE_05,retail_park,CHK_009,18,6,1,regular,mobile,0,14,0,0,136,0,0,1,2,211,993,1,146.8,5.2,0,81.80000000000001,38.61,medium,WATCH
TX_001878,STORE_04,mall,CHK_016,17,2,0,regular,card,1,2,1,0,37,0,0,0,1,195,987,2,39.9,0.01,0,25.15,7.25,low,OK
TX_001879,STORE_06,retail_park,CHK_021,8,4,0,professional,card,1,7,2,0,82,0,2,0,2,203,1000,4,84.7,0.0,0,54.550000000000004,23.53,low,OK
TX_001880,STORE_03,mall,CHK_006,17,5,1,regular,gift_card,1,16,0,0,133,0,0,2,1,223,994,0,134.5,0.26,0,76.85,35.87,medium,WATCH
TX_001881,STORE_01,city,CHK_009,17,5,1,regular,card,0,7,2,2,176,1,0,0,0,211,987,13,177.0,74.26,1,116.7,57.93,high,OPEN_SUPPORT
TX_001882,STORE_05,retail_park,CHK_001,12,1,0,new,card,0,14,0,0,192,1,1,0,2,209,993,1,173.6,76.64,1,95.2,46.03,medium,OPEN_SUPPORT
TX_001883,STORE_04,mall,CHK_026,8,0,0,regular,card,0,6,0,0,70,0,0,0,1,183,987,1,61.8,0.0,0,34.5,12.43,low,OK
TX_001884,STORE_02,city,CHK_013,8,0,0,new,mobile,0,10,0,0,125,0,1,1,0,192,994,1,104.3,5.16,0,58.15,25.52,low,OK
TX_001885,STORE_01,city,CHK_032,8,6,1,regular,mobile,1,13,1,0,124,0,0,1,0,205,987,2,117.5,0.16,0,70.55,32.38,low,OK
TX_001886,STORE_01,city,CHK_028,13,2,0,new,card,1,5,0,0,82,0,1,0,0,218,987,0,71.9,0.16,0,38.95,14.89,low,OK
TX_001887,STORE_08,hyper,CHK_001,18,5,1,new,mobile,1,6,2,0,102,0,1,1,3,209,982,4,97.4,1.51,0,60.300000000000004,26.71,low,OK
TX_001888,STORE_07,hyper,CHK_012,10,1,0,regular,card,1,5,0,0,45,0,0,0,3,201,1063,0,49.9,0.0,0,27.95,8.8,low,OK
TX_001889,STORE_03,mall,CHK_031,11,2,0,regular,card,0,15,1,0,140,0,0,0,1,194,994,3,137.6,6.91,0,81.8,38.61,medium,WATCH
TX_001890,STORE_02,city,CHK_024,15,6,1,regular,card,0,4,1,0,52,0,0,0,0,217,994,3,54.9,0.04,0,33.85,12.07,low,OK
TX_001891,STORE_05,retail_park,CHK_004,15,6,1,regular,card,1,9,1,0,100,0,0,0,2,219,993,2,93.5,0.34,0,56.15,24.41,low,OK
TX_001892,STORE_03,mall,CHK_017,17,4,0,regular,card,0,11,2,0,98,0,0,0,1,202,994,5,112.7,3.37,0,70.94999999999999,32.6,low,OK
TX_001893,STORE_05,retail_park,CHK_028,20,3,0,professional,card,1,5,0,0,61,0,2,0,2,218,993,0,68.0,0.2,0,37.0,13.81,low,OK
TX_001894,STORE_02,city,CHK_036,16,6,1,regular,card,1,5,3,1,95,1,0,0,0,205,994,10,117.6,78.05,1,81.8,38.61,medium,OPEN_SUPPORT
TX_001895,STORE_02,city,CHK_020,11,3,0,regular,card,1,1,0,0,23,0,0,0,0,175,994,0,24.6,0.0,0,12.9,0.47,low,OK
TX_001896,STORE_03,mall,CHK_028,8,3,0,regular,card,1,5,1,0,55,0,0,0,1,218,994,2,55.4,0.0,0,34.7,12.54,low,OK
TX_001897,STORE_08,hyper,CHK_037,15,4,0,regular,card,1,19,1,1,201,1,0,0,3,194,982,6,206.8,96.16,1,126.80000000000001,63.52,high,OPEN_SUPPORT
TX_001898,STORE_02,city,CHK_025,12,6,1,new,card,0,8,0,0,119,0,1,0,0,213,994,1,108.7,4.07,0,59.15,26.07,low,OK
TX_001899,STORE_07,hyper,CHK_007,9,4,0,new,card,0,6,0,0,84,0,1,0,3,217,1063,1,80.3,2.95,0,43.75,17.55,low,OK
TX_001900,STORE_06,retail_park,CHK_003,15,6,1,regular,card,1,4,0,0,42,0,0,0,2,195,1000,0,44.4,0.0,0,24.599999999999998,6.95,low,OK
TX_001901,STORE_02,city,CHK_040,8,1,0,regular,card,1,10,1,0,82,0,0,0,0,193,994,2,90.9,0.0,0,55.45,24.02,low,OK
TX_001902,STORE_05,retail_park,CHK_008,12,5,1,new,card,0,4,1,0,72,0,1,0,2,173,993,3,68.3,2.28,0,40.55,15.78,low,OK
TX_001903,STORE_04,mall,CHK_011,20,2,0,regular,card,1,6,1,0,73,0,0,0,1,179,987,2,75.3,0.03,0,45.25,18.38,low,OK
TX_001904,STORE_07,hyper,CHK_009,19,1,0,new,gift_card,1,13,1,0,213,0,1,2,3,211,1063,2,186.2,6.83,0,104.89999999999999,51.4,medium,WATCH
TX_001905,STORE_05,retail_park,CHK_013,16,1,0,professional,card,1,11,0,0,106,0,2,0,2,192,993,0,108.0,0.47,0,60.6,26.88,low,OK
TX_001906,STORE_01,city,CHK_001,19,2,0,professional,mobile,0,10,3,0,131,0,2,1,0,209,987,7,152.2,45.32,0,94.1,45.42,medium,WATCH
TX_001907,STORE_04,mall,CHK_020,8,1,0,regular,card,0,14,2,1,190,1,0,0,1,175,987,9,180.2,80.85,1,114.5,56.71,high,OPEN_SUPPORT
TX_001908,STORE_04,mall,CHK_012,20,4,0,new,mobile,0,10,0,1,185,1,1,1,1,201,987,5,176.5,93.57,1,102.25,49.93,medium,OPEN_SUPPORT
TX_001909,STORE_04,mall,CHK_010,19,3,0,new,card,0,3,0,0,60,0,1,0,1,204,987,1,61.6,4.37,0,32.6,11.38,low,OK
TX_001910,STORE_07,hyper,CHK_001,16,2,0,new,card,1,16,0,1,182,1,1,0,3,209,1063,4,198.8,95.52,1,117.0,58.1,high,OPEN_SUPPORT
TX_001911,STORE_03,mall,CHK_001,13,3,0,regular,card,0,10,2,1,154,0,0,0,1,209,994,9,152.6,65.33,1,98.3,47.74,medium,MONITOR_QUEUE
TX_001912,STORE_01,city,CHK_001,16,1,0,regular,card,1,4,1,0,45,0,0,0,0,209,987,2,53.3,0.04,0,33.05,11.62,low,OK
TX_001913,STORE_02,city,CHK_037,15,2,0,regular,card,1,2,0,1,66,0,0,0,0,194,994,4,69.2,5.9,0,43.800000000000004,17.58,low,OK
TX_001914,STORE_02,city,CHK_006,10,2,0,regular,card,0,13,4,1,163,1,0,0,0,223,994,13,177.2,97.08,1,120.39999999999999,59.98,high,OPEN_SUPPORT
TX_001915,STORE_02,city,CHK_020,11,2,0,regular,mobile,1,11,0,0,106,0,0,1,0,175,994,0,96.4,0.0,0,54.800000000000004,23.66,low,OK
TX_001916,STORE_06,retail_park,CHK_009,9,1,0,new,card,0,12,1,2,204,1,1,0,2,211,1000,11,218.9,96.68,1,136.64999999999998,68.97,high,OPEN_SUPPORT
TX_001917,STORE_05,retail_park,CHK_040,19,1,0,regular,card,0,7,1,0,96,0,0,0,2,193,993,3,97.9,0.13,0,57.150000000000006,24.97,low,OK
TX_001918,STORE_03,mall,CHK_024,13,6,1,new,card,1,10,1,0,115,0,1,0,1,217,994,2,121.4,0.67,0,70.7,32.47,low,OK
TX_001919,STORE_07,hyper,CHK_004,9,4,0,professional,card,0,15,0,0,150,0,2,0,3,219,1063,1,156.3,23.79,0,87.15,41.57,medium,WATCH
TX_001920,STORE_02,city,CHK_032,13,3,0,regular,gift_card,1,10,1,0,125,0,0,2,0,205,994,2,104.3,0.11,0,62.15,27.73,low,OK
TX_001921,STORE_05,retail_park,CHK_024,16,3,0,new,card,1,6,0,0,77,0,1,0,2,217,993,0,73.0,0.2,0,40.1,15.53,low,OK
TX_001922,STORE_06,retail_park,CHK_009,19,1,0,new,card,0,11,2,0,151,0,1,0,2,211,1000,5,153.6,46.35,0,91.39999999999999,43.92,medium,WATCH
TX_001923,STORE_06,retail_park,CHK_020,11,3,0,professional,card,1,10,0,0,81,0,2,0,2,175,1000,0,101.8,0.04,0,56.9,24.83,low,OK
TX_001924,STORE_08,hyper,CHK_014,11,1,0,new,card,1,11,0,0,128,0,1,0,3,213,982,0,123.6,0.91,0,68.39999999999999,31.19,low,OK
TX_001925,STORE_08,hyper,CHK_014,14,6,1,regular,card,1,14,0,0,155,0,0,0,3,213,982,0,139.8,0.0,0,78.30000000000001,36.67,medium,WATCH
TX_001926,STORE_05,retail_park,CHK_019,20,4,0,new,card,1,7,1,0,97,0,1,0,2,187,993,2,97.4,0.29,0,56.900000000000006,24.83,low,OK
TX_001927,STORE_05,retail_park,CHK_034,9,2,0,regular,card,0,5,0,0,48,0,0,0,2,189,993,1,58.6,0.02,0,32.3,11.21,low,OK
TX_001928,STORE_02,city,CHK_006,17,4,0,regular,card,0,10,2,0,96,0,0,0,0,223,994,5,97.7,1.9,0,62.85,28.12,low,OK
TX_001929,STORE_02,city,CHK_015,19,1,0,regular,card,1,7,1,0,74,0,0,0,0,207,994,2,86.9,0.01,0,51.650000000000006,21.92,low,OK
TX_001930,STORE_03,mall,CHK_024,19,3,0,regular,card,0,9,0,1,129,0,0,0,1,217,994,5,139.5,26.5,0,83.15,39.36,medium,WATCH
TX_001931,STORE_04,mall,CHK_021,11,0,0,new,card,1,12,1,0,130,0,1,0,1,203,987,2,129.5,1.6,0,75.95,35.37,medium,WATCH
TX_001932,STORE_02,city,CHK_026,10,3,0,regular,card,1,9,0,0,88,0,0,0,0,183,994,0,82.4,0.06,0,46.6,19.13,low,OK
TX_001933,STORE_02,city,CHK_003,16,5,1,new,card,1,8,0,0,86,0,1,0,0,195,994,0,92.3,0.15,0,50.949999999999996,21.53,low,OK
TX_001934,STORE_06,retail_park,CHK_012,21,0,0,regular,card,1,8,0,0,86,0,0,0,2,201,1000,0,81.1,0.03,0,45.349999999999994,18.43,low,OK
TX_001935,STORE_04,mall,CHK_002,16,2,0,new,card,0,4,1,0,69,0,1,0,1,161,987,3,66.5,2.15,0,39.65,15.28,low,OK
TX_001936,STORE_02,city,CHK_040,18,1,0,regular,mobile,0,9,1,0,120,0,0,1,0,193,994,3,117.1,0.18,0,67.95,30.94,low,OK
TX_001937,STORE_05,retail_park,CHK_039,14,0,0,regular,card,1,8,0,0,84,0,0,0,2,195,993,0,83.4,0.01,0,46.5,19.07,low,OK
TX_001938,STORE_05,retail_park,CHK_006,21,2,0,regular,card,1,6,0,2,165,1,0,0,2,223,993,8,159.5,75.12,1,99.35,48.33,medium,OPEN_SUPPORT
TX_001939,STORE_08,hyper,CHK_024,20,1,0,professional,card,1,8,1,0,92,0,2,0,3,217,982,2,97.8,0.16,0,57.699999999999996,25.27,low,OK
TX_001940,STORE_05,retail_park,CHK_033,13,3,0,regular,card,0,9,2,1,158,0,0,0,2,192,993,9,151.1,47.4,0,96.95,47.0,medium,WATCH
TX_001941,STORE_01,city,CHK_020,10,4,0,regular,card,1,10,0,0,78,0,0,0,0,175,987,0,86.2,0.37,0,49.1,20.51,low,OK
TX_001942,STORE_07,hyper,CHK_018,18,4,0,regular,card,1,10,2,0,113,0,0,0,3,200,1063,4,119.8,1.4,0,73.9,34.24,low,OK
TX_001943,STORE_06,retail_park,CHK_008,11,3,0,regular,mobile,0,14,1,0,117,0,0,1,2,173,1000,3,127.8,2.74,0,76.30000000000001,35.57,medium,WATCH
TX_001944,STORE_04,mall,CHK_025,10,3,0,new,card,0,8,0,1,151,1,1,0,1,213,987,5,140.9,90.17,1,83.25,39.41,medium,OPEN_SUPPORT
TX_001945,STORE_05,retail_park,CHK_032,21,2,0,new,card,0,8,2,0,106,0,1,0,2,205,993,5,105.0,9.15,0,65.3,29.48,low,OK
TX_001946,STORE_06,retail_park,CHK_032,15,2,0,regular,mobile,1,6,0,0,62,0,0,1,2,205,1000,0,62.4,0.01,0,34.8,12.59,low,OK
TX_001947,STORE_06,retail_park,CHK_012,21,5,1,professional,card,0,5,3,0,72,0,2,0,2,201,1000,7,76.4,15.54,0,53.2,22.78,low,OK
TX_001948,STORE_05,retail_park,CHK_021,15,2,0,regular,card,1,15,0,0,135,0,0,0,2,203,993,0,132.0,0.06,0,75.0,34.85,low,OK
TX_001949,STORE_03,mall,CHK_021,15,3,0,regular,card,0,12,0,0,97,0,0,0,1,203,994,1,110.0,2.39,0,62.2,27.76,low,OK
TX_001950,STORE_04,mall,CHK_040,21,0,0,professional,card,1,9,0,1,139,0,2,0,1,193,987,4,144.6,12.19,0,85.7,40.77,medium,WATCH
TX_001951,STORE_03,mall,CHK_003,10,0,0,regular,mobile,1,14,0,0,113,0,0,1,1,195,994,0,112.0,0.2,0,64.4,28.98,low,OK
TX_001952,STORE_07,hyper,CHK_009,16,0,0,new,card,1,7,0,0,79,0,1,0,3,211,1063,0,79.5,0.0,0,43.95,17.66,low,OK
TX_001953,STORE_07,hyper,CHK_039,15,3,0,professional,card,1,7,1,0,71,0,2,0,3,195,1063,2,81.6,0.0,0,49.0,20.45,low,OK
TX_001954,STORE_03,mall,CHK_036,18,4,0,regular,card,0,9,0,0,102,0,0,0,1,205,994,1,105.6,0.22,0,58.199999999999996,25.55,low,OK
TX_001955,STORE_03,mall,CHK_022,21,2,0,new,card,1,19,1,0,158,0,1,0,1,223,994,2,219.6,6.78,0,125.2,62.63,high,MONITOR_QUEUE
TX_001956,STORE_02,city,CHK_004,19,5,1,regular,card,1,5,0,0,60,0,0,0,0,219,994,0,64.2,0.0,0,35.1,12.76,low,OK
TX_001957,STORE_02,city,CHK_027,10,0,0,regular,card,0,8,1,1,130,0,0,0,0,200,994,7,129.9,14.75,0,81.75,38.58,medium,WATCH
TX_001958,STORE_08,hyper,CHK_036,21,5,1,professional,mobile,1,9,0,0,79,0,2,1,3,205,982,0,86.0,0.2,0,48.4,20.12,low,OK
TX_001959,STORE_06,retail_park,CHK_005,8,4,0,new,card,1,1,0,0,27,0,1,0,2,205,1000,0,28.1,0.34,0,14.65,1.44,low,OK
TX_001960,STORE_08,hyper,CHK_031,8,2,0,regular,card,0,15,0,0,137,0,0,0,3,194,982,1,133.2,3.38,0,75.6,35.18,medium,WATCH
TX_001961,STORE_04,mall,CHK_005,13,1,0,regular,card,0,1,2,0,42,0,0,0,1,205,987,5,40.2,0.14,0,28.700000000000003,9.22,low,OK
TX_001962,STORE_01,city,CHK_038,15,4,0,professional,card,0,12,1,0,106,0,2,0,0,194,987,3,122.7,14.46,0,72.55,33.49,low,OK
TX_001963,STORE_03,mall,CHK_031,10,3,0,regular,card,1,10,2,0,109,0,0,0,1,194,994,4,99.2,1.28,0,63.6,28.54,low,OK
TX_001964,STORE_08,hyper,CHK_029,12,1,0,regular,card,1,7,0,0,84,0,0,0,3,211,982,0,76.5,0.0,0,42.45,16.83,low,OK
TX_001965,STORE_07,hyper,CHK_034,12,4,0,regular,card,1,7,0,0,72,0,0,0,3,189,1063,0,70.6,0.0,0,39.5,15.2,low,OK
TX_001966,STORE_06,retail_park,CHK_014,14,5,1,professional,card,1,10,0,0,116,0,2,0,2,213,1000,0,107.0,0.15,0,59.5,26.27,low,OK
TX_001967,STORE_05,retail_park,CHK_008,15,4,0,regular,card,1,16,1,0,155,0,0,0,2,173,993,2,141.4,0.0,0,84.3,39.99,medium,WATCH
TX_001968,STORE_07,hyper,CHK_017,10,6,1,new,mobile,0,8,1,0,99,0,1,1,3,202,1063,3,102.1,4.48,0,59.849999999999994,26.46,low,OK
TX_001969,STORE_07,hyper,CHK_039,8,1,0,regular,card,1,17,2,0,131,0,0,0,3,195,1063,4,142.3,0.77,0,89.35000000000001,42.79,medium,WATCH
TX_001970,STORE_08,hyper,CHK_006,10,3,0,regular,card,0,11,1,0,110,0,0,0,3,223,982,3,112.5,0.62,0,66.85,30.33,low,OK
TX_001971,STORE_02,city,CHK_026,14,5,1,regular,card,0,5,0,0,73,0,0,0,0,183,994,1,64.7,0.15,0,35.35,12.9,low,OK
TX_001972,STORE_03,mall,CHK_004,20,2,0,new,gift_card,1,9,3,0,150,0,1,2,1,219,994,6,139.1,5.76,0,86.95,41.46,medium,WATCH
TX_001973,STORE_05,retail_park,CHK_009,17,2,0,regular,card,1,17,1,0,128,0,0,0,2,211,993,2,155.7,0.61,0,92.05,44.28,medium,WATCH
TX_001974,STORE_02,city,CHK_024,17,2,0,regular,card,0,7,1,2,181,1,0,0,0,217,994,11,171.5,84.5,1,109.95,54.19,medium,OPEN_SUPPORT
TX_001975,STORE_04,mall,CHK_007,20,2,0,new,card,0,10,1,1,187,1,1,0,1,217,987,7,179.2,96.0,1,107.6,52.89,medium,OPEN_SUPPORT
TX_001976,STORE_02,city,CHK_034,13,5,1,regular,card,1,6,2,0,87,0,0,0,0,189,994,4,78.1,0.1,0,50.65,21.37,low,OK
TX_001977,STORE_06,retail_park,CHK_034,10,6,1,new,card,1,9,0,0,87,0,1,0,2,189,1000,0,90.7,0.0,0,50.75,21.42,low,OK
TX_001978,STORE_02,city,CHK_023,12,6,1,regular,card,1,21,0,1,186,1,0,0,0,188,994,4,206.9,88.89,1,124.05,62.0,high,OPEN_SUPPORT
TX_001979,STORE_06,retail_park,CHK_031,8,5,1,professional,card,1,2,0,0,36,0,2,0,2,194,1000,0,39.1,0.09,0,20.75,4.82,low,OK
TX_001980,STORE_02,city,CHK_036,9,4,0,regular,mobile,0,6,1,0,77,0,0,1,0,205,994,3,71.3,0.07,0,43.25,17.27,low,OK
TX_001981,STORE_05,retail_park,CHK_003,13,3,0,regular,card,1,4,2,0,56,0,0,0,2,195,993,4,59.6,0.07,0,40.199999999999996,15.58,low,OK
TX_001982,STORE_06,retail_park,CHK_014,20,4,0,regular,card,1,10,0,0,109,0,0,0,2,213,1000,0,104.9,0.04,0,58.45,25.69,low,OK
TX_001983,STORE_04,mall,CHK_010,19,6,1,new,gift_card,0,3,0,0,73,0,1,2,1,204,987,1,67.3,3.28,0,35.449999999999996,12.95,low,OK
TX_001984,STORE_08,hyper,CHK_033,17,4,0,new,card,1,8,0,0,101,0,1,0,3,192,982,0,94.5,0.29,0,52.05,22.14,low,OK
TX_001985,STORE_01,city,CHK_019,19,4,0,regular,mobile,1,10,1,0,127,0,0,1,0,187,987,2,117.4,0.0,0,68.7,31.36,low,OK
TX_001986,STORE_06,retail_park,CHK_036,12,3,0,regular,card,1,4,2,0,58,0,0,0,2,205,1000,4,58.3,0.01,0,39.55,15.22,low,OK
TX_001987,STORE_03,mall,CHK_014,17,0,0,regular,card,1,20,1,2,248,1,0,0,1,213,994,10,241.6,98.39,1,152.8,77.91,critical,OPEN_SUPPORT
TX_001988,STORE_06,retail_park,CHK_008,19,0,0,new,card,0,8,1,1,166,1,1,0,2,173,1000,7,156.1,93.8,1,94.85,45.83,medium,OPEN_SUPPORT
TX_001989,STORE_04,mall,CHK_039,12,0,0,professional,mobile,1,8,1,1,149,0,2,1,1,195,987,6,141.7,13.39,0,87.64999999999999,41.85,medium,WATCH
TX_001990,STORE_07,hyper,CHK_012,16,6,1,regular,card,1,7,0,0,67,0,0,0,3,201,1063,0,65.6,0.11,0,37.0,13.81,low,OK
TX_001991,STORE_02,city,CHK_028,17,1,0,regular,mobile,0,9,1,2,198,1,0,1,0,218,994,11,192.2,86.75,1,121.5,60.59,high,OPEN_SUPPORT
TX_001992,STORE_01,city,CHK_022,15,1,0,regular,mobile,0,7,1,0,64,0,0,1,0,223,987,3,72.9,0.03,0,44.650000000000006,18.05,low,OK
TX_001993,STORE_06,retail_park,CHK_039,13,3,0,regular,card,1,6,0,1,122,0,0,0,2,195,1000,4,119.1,8.52,0,71.14999999999999,32.72,low,OK
TX_001994,STORE_03,mall,CHK_021,13,6,1,regular,card,1,5,1,0,70,0,0,0,1,203,994,2,63.9,0.0,0,38.95,14.89,low,OK
TX_001995,STORE_07,hyper,CHK_027,15,5,1,regular,card,1,5,1,0,58,0,0,0,3,200,1063,2,58.3,0.3,0,36.15,13.34,low,OK
TX_001996,STORE_05,retail_park,CHK_021,10,5,1,new,card,1,20,1,0,188,0,1,0,2,203,993,2,207.4,7.28,0,119.7,59.59,high,MONITOR_QUEUE
TX_001997,STORE_02,city,CHK_024,11,0,0,regular,card,1,5,1,0,59,0,0,0,0,217,994,2,56.0,0.0,0,35.0,12.7,low,OK
TX_001998,STORE_07,hyper,CHK_034,20,2,0,regular,card,1,7,0,1,132,0,0,0,3,189,1063,4,129.2,9.87,0,76.8,35.84,medium,WATCH
TX_001999,STORE_03,mall,CHK_007,10,3,0,regular,gift_card,0,12,0,0,139,0,0,2,1,217,994,1,126.3,0.62,0,70.35,32.27,low,OK
TX_002000,STORE_06,retail_park,CHK_019,19,1,0,regular,card,0,12,0,0,136,0,0,0,2,187,1000,1,133.7,3.78,0,74.05,34.32,low,OK
TX_002001,STORE_03,mall,CHK_016,15,1,0,new,mobile,0,6,0,0,65,0,1,1,1,195,994,1,76.2,3.53,0,41.7,16.41,low,OK
TX_002002,STORE_02,city,CHK_040,21,1,0,new,card,0,9,1,0,122,0,1,0,0,193,994,3,117.2,5.24,0,68.0,30.97,low,OK
TX_002003,STORE_08,hyper,CHK_010,21,0,0,regular,card,1,5,0,0,48,0,0,0,3,204,982,0,56.0,0.12,0,31.0,10.49,low,OK
TX_002004,STORE_08,hyper,CHK_004,19,5,1,regular,card,1,14,0,1,210,1,0,0,3,219,982,4,193.2,94.7,1,113.0,55.88,high,OPEN_SUPPORT
TX_002005,STORE_02,city,CHK_024,18,5,1,regular,card,1,14,0,0,128,0,0,0,0,217,994,0,135.8,0.34,0,76.30000000000001,35.57,medium,WATCH
TX_002006,STORE_02,city,CHK_025,20,5,1,regular,mobile,0,2,1,0,46,0,0,1,0,213,994,3,47.1,0.04,0,28.75,9.24,low,OK
TX_002007,STORE_06,retail_park,CHK_012,20,3,0,regular,mobile,1,12,1,0,115,0,0,1,2,201,1000,2,125.6,0.37,0,74.0,34.29,low,OK
TX_002008,STORE_07,hyper,CHK_004,9,5,1,new,card,1,9,0,0,80,0,1,0,3,219,1063,0,86.2,0.0,0,48.5,20.18,low,OK
TX_002009,STORE_02,city,CHK_022,19,5,1,regular,card,0,7,0,1,126,0,0,0,0,223,994,5,132.0,9.83,0,78.2,36.62,medium,WATCH
TX_002010,STORE_08,hyper,CHK_007,13,1,0,professional,card,1,15,1,0,141,0,2,0,3,217,982,2,149.7,3.76,0,87.85,41.96,medium,WATCH
TX_002011,STORE_02,city,CHK_003,12,1,0,new,mobile,0,5,2,0,79,0,1,1,0,195,994,5,78.9,4.27,0,50.45,21.26,low,OK
TX_002012,STORE_03,mall,CHK_015,13,4,0,regular,card,0,6,0,0,67,0,0,0,1,207,994,1,69.3,0.08,0,38.25,14.5,low,OK
TX_002013,STORE_02,city,CHK_038,16,1,0,new,card,1,15,2,0,152,0,1,0,0,194,994,4,162.6,8.21,0,98.3,47.74,medium,WATCH
TX_002014,STORE_03,mall,CHK_017,10,0,0,regular,mobile,1,8,1,0,84,0,0,1,1,202,994,2,81.0,0.0,0,49.3,20.62,low,OK
TX_002015,STORE_03,mall,CHK_035,15,5,1,regular,card,1,14,1,1,170,1,0,0,1,218,994,6,177.1,91.26,1,108.95,53.64,medium,OPEN_SUPPORT
TX_002016,STORE_02,city,CHK_027,14,6,1,regular,mobile,0,17,0,0,148,0,0,1,0,200,994,1,155.2,2.65,0,87.8,41.93,medium,WATCH
TX_002017,STORE_01,city,CHK_034,16,4,0,regular,card,1,6,0,0,58,0,0,0,0,189,987,0,60.4,0.03,0,33.8,12.04,low,OK
TX_002018,STORE_02,city,CHK_014,21,5,1,regular,card,0,12,0,1,152,0,0,0,0,213,994,5,151.4,50.47,1,90.9,43.65,medium,MONITOR_QUEUE
TX_002019,STORE_03,mall,CHK_028,11,5,1,regular,card,1,15,2,0,134,0,0,0,1,218,994,4,146.8,4.69,0,90.4,43.37,medium,WATCH
TX_002020,STORE_02,city,CHK_030,15,1,0,regular,card,0,6,0,0,65,0,0,0,0,197,994,1,64.8,0.24,0,36.0,13.26,low,OK
TX_002021,STORE_07,hyper,CHK_015,13,2,0,regular,card,0,10,0,0,91,0,0,0,3,207,1063,1,107.9,0.31,0,59.95,26.52,low,OK
TX_002022,STORE_07,hyper,CHK_024,21,0,0,new,mobile,1,16,0,1,228,1,1,1,3,217,1063,4,218.4,93.15,1,126.8,63.52,high,OPEN_SUPPORT
TX_002023,STORE_01,city,CHK_026,15,6,1,new,card,1,4,1,0,52,0,1,0,0,183,987,2,64.6,0.63,0,38.699999999999996,14.75,low,OK
TX_002024,STORE_07,hyper,CHK_019,13,6,1,regular,card,0,9,1,0,89,0,0,0,3,187,1063,3,96.4,0.06,0,57.6,25.21,low,OK
TX_002025,STORE_07,hyper,CHK_032,10,3,0,new,card,0,14,0,1,182,1,1,0,3,205,1063,5,209.2,91.43,1,121.0,60.31,high,OPEN_SUPPORT
TX_002026,STORE_06,retail_park,CHK_037,21,2,0,regular,mobile,0,8,2,0,102,0,0,1,2,194,1000,5,98.7,0.82,0,62.15,27.73,low,OK
TX_002027,STORE_01,city,CHK_021,18,4,0,new,card,1,3,0,0,55,0,1,0,0,203,987,0,52.2,0.16,0,27.900000000000002,8.77,low,OK
TX_002028,STORE_06,retail_park,CHK_010,15,6,1,regular,gift_card,0,6,0,0,79,0,0,2,2,204,1000,1,69.8,0.02,0,38.5,14.64,low,OK
TX_002029,STORE_02,city,CHK_002,17,3,0,regular,card,0,10,0,0,85,0,0,0,0,161,994,1,90.3,0.67,0,51.15,21.64,low,OK
TX_002030,STORE_01,city,CHK_032,17,6,1,regular,mobile,1,10,2,0,103,0,0,1,0,205,987,4,94.7,1.67,0,61.35,27.29,low,OK
TX_002031,STORE_05,retail_park,CHK_011,14,0,0,new,card,0,12,0,0,145,0,1,0,2,179,993,1,148.2,38.16,0,81.3,38.33,medium,WATCH
TX_002032,STORE_01,city,CHK_020,9,6,1,regular,card,0,7,0,1,108,0,0,0,0,175,987,5,112.1,26.07,0,68.25,31.11,low,OK
TX_002033,STORE_02,city,CHK_012,12,5,1,regular,card,0,4,0,0,51,0,0,0,0,201,994,1,48.7,0.0,0,26.75,8.14,low,OK
TX_002034,STORE_01,city,CHK_031,21,6,1,regular,card,1,8,0,0,83,0,0,0,0,194,987,0,79.5,0.0,0,44.55,17.99,low,OK
TX_002035,STORE_04,mall,CHK_021,17,2,0,regular,card,0,10,1,1,126,0,0,0,1,203,987,7,138.4,58.05,1,87.2,41.6,medium,MONITOR_QUEUE
TX_002036,STORE_06,retail_park,CHK_018,8,1,0,new,mobile,0,11,0,1,134,1,1,1,2,200,1000,5,145.2,87.26,1,87.19999999999999,41.6,medium,OPEN_SUPPORT
TX_002037,STORE_03,mall,CHK_015,14,4,0,new,gift_card,1,3,1,0,61,0,1,2,1,207,994,2,54.1,0.31,0,32.85,11.51,low,OK
TX_002038,STORE_07,hyper,CHK_015,19,4,0,regular,card,1,15,2,0,180,0,0,0,3,207,1063,4,168.7,1.1,0,101.35,49.43,medium,WATCH
TX_002039,STORE_08,hyper,CHK_035,11,1,0,regular,card,0,12,2,1,178,1,0,0,3,218,982,9,173.8,88.34,1,110.10000000000001,54.28,medium,OPEN_SUPPORT
TX_002040,STORE_04,mall,CHK_025,19,2,0,regular,card,0,9,0,0,117,0,0,0,1,213,987,1,110.1,0.21,0,60.449999999999996,26.79,low,OK
TX_002041,STORE_02,city,CHK_006,8,1,0,regular,card,0,10,1,1,143,0,0,0,0,223,994,7,140.9,28.92,0,88.45,42.29,medium,WATCH
TX_002042,STORE_07,hyper,CHK_022,11,5,1,regular,card,0,13,1,0,123,0,0,0,3,223,1063,3,125.1,3.52,0,74.35,34.49,low,OK
TX_002043,STORE_04,mall,CHK_010,11,0,0,regular,mobile,0,11,2,0,117,0,0,1,1,204,987,5,118.9,1.82,0,74.05,34.32,low,OK
TX_002044,STORE_03,mall,CHK_033,20,3,0,regular,mobile,1,9,0,1,134,0,0,1,1,192,994,4,141.5,23.41,0,84.15,39.91,medium,WATCH
TX_002045,STORE_06,retail_park,CHK_016,15,5,1,professional,card,1,5,0,0,59,0,2,0,2,195,1000,0,64.2,0.15,0,35.1,12.76,low,OK
TX_002046,STORE_01,city,CHK_025,16,1,0,regular,card,1,6,2,0,82,0,0,0,0,213,987,4,78.1,0.07,0,50.65,21.37,low,OK
TX_002047,STORE_02,city,CHK_009,14,3,0,regular,card,0,1,0,0,30,0,0,0,0,211,994,1,28.6,0.08,0,14.9,1.58,low,OK
TX_002048,STORE_04,mall,CHK_008,20,2,0,regular,mobile,0,7,0,2,161,1,0,1,1,173,987,9,165.4,90.18,1,102.9,50.29,medium,OPEN_SUPPORT
TX_002049,STORE_01,city,CHK_007,15,0,0,regular,card,1,6,2,0,79,0,0,0,0,217,987,4,78.0,0.16,0,50.6,21.34,low,OK
TX_002050,STORE_01,city,CHK_024,16,4,0,regular,mobile,1,8,4,0,90,0,0,1,0,217,987,8,94.1,2.9,0,67.85,30.89,low,OK
TX_002051,STORE_02,city,CHK_018,16,4,0,new,mobile,1,6,1,0,67,0,1,1,0,200,994,2,70.8,0.24,0,43.0,17.13,low,OK
TX_002052,STORE_05,retail_park,CHK_007,8,1,0,regular,card,0,5,0,0,60,0,0,0,2,217,993,1,56.7,0.21,0,31.35,10.68,low,OK
TX_002053,STORE_01,city,CHK_012,18,1,0,professional,card,1,6,1,0,74,0,2,0,0,201,987,2,81.9,0.28,0,48.550000000000004,20.2,low,OK
TX_002054,STORE_07,hyper,CHK_032,17,6,1,new,card,0,13,1,0,174,1,1,0,3,205,1063,3,156.1,76.51,1,89.85,43.07,medium,OPEN_SUPPORT
TX_002055,STORE_03,mall,CHK_014,14,4,0,new,card,0,7,0,1,131,1,1,0,1,213,994,5,133.5,91.36,1,78.95,37.03,medium,OPEN_SUPPORT
TX_002056,STORE_07,hyper,CHK_010,8,4,0,professional,card,0,3,0,1,102,0,2,0,3,204,1063,5,99.2,14.29,0,59.4,26.21,low,OK
TX_002057,STORE_01,city,CHK_019,20,4,0,regular,card,1,11,1,1,196,1,0,0,0,187,987,6,187.1,85.13,1,112.14999999999999,55.41,high,OPEN_SUPPORT
TX_002058,STORE_04,mall,CHK_038,8,6,1,regular,card,1,4,2,1,83,0,0,0,1,194,987,8,102.9,18.52,0,69.85000000000001,32.0,low,OK
TX_002059,STORE_01,city,CHK_023,14,1,0,new,card,0,1,1,0,40,0,1,0,0,188,987,3,40.0,2.78,0,24.6,6.95,low,OK
TX_002060,STORE_04,mall,CHK_025,19,2,0,regular,card,0,12,1,0,159,0,0,0,1,213,987,3,150.9,3.51,0,86.65,41.3,medium,WATCH
TX_002061,STORE_04,mall,CHK_038,16,3,0,professional,mobile,0,3,1,0,46,0,2,1,1,194,987,3,50.1,0.99,0,30.85,10.41,low,OK
TX_002062,STORE_07,hyper,CHK_030,12,3,0,regular,card,1,13,0,0,115,0,0,0,3,197,1063,0,120.8,1.09,0,68.2,31.08,low,OK
TX_002063,STORE_03,mall,CHK_012,17,3,0,professional,card,1,12,1,0,120,0,2,0,1,201,994,2,122.5,0.99,0,72.45,33.43,low,OK
TX_002064,STORE_06,retail_park,CHK_022,16,5,1,regular,card,1,13,0,0,116,0,0,0,2,223,1000,0,109.6,0.31,0,62.599999999999994,27.98,low,OK
TX_002065,STORE_07,hyper,CHK_031,19,6,1,regular,gift_card,1,13,0,1,219,1,0,2,3,194,1063,4,204.6,93.44,1,118.1,58.7,high,OPEN_SUPPORT
TX_002066,STORE_02,city,CHK_009,9,5,1,new,card,1,8,0,0,89,0,1,0,0,211,994,0,88.1,0.25,0,48.849999999999994,20.37,low,OK
TX_002067,STORE_08,hyper,CHK_006,13,1,0,regular,card,1,5,1,0,69,0,0,0,3,223,982,2,65.2,0.0,0,39.6,15.25,low,OK
TX_002068,STORE_01,city,CHK_040,21,1,0,regular,card,1,7,3,1,133,1,0,0,0,193,987,10,127.6,89.72,1,88.0,42.04,medium,OPEN_SUPPORT
TX_002069,STORE_05,retail_park,CHK_015,18,2,0,new,card,0,11,0,0,141,0,1,0,2,207,993,1,144.5,38.6,0,78.85,36.98,medium,WATCH
TX_002070,STORE_04,mall,CHK_009,10,3,0,new,card,0,10,0,1,135,1,1,0,1,211,987,5,154.8,84.92,1,91.4,43.92,medium,OPEN_SUPPORT
TX_002071,STORE_01,city,CHK_021,8,1,0,new,card,1,10,0,0,116,0,1,0,0,203,987,0,111.6,0.38,0,61.8,27.54,low,OK
TX_002072,STORE_08,hyper,CHK_011,18,1,0,regular,card,1,13,1,0,136,0,0,0,3,179,982,2,138.6,0.51,0,81.1,38.22,medium,WATCH
TX_002073,STORE_02,city,CHK_016,15,1,0,new,card,1,7,0,0,80,0,1,0,0,195,994,0,80.5,0.28,0,44.45,17.94,low,OK
TX_002074,STORE_01,city,CHK_001,14,2,0,regular,card,0,9,1,0,124,0,0,0,0,209,987,3,109.6,0.16,0,64.2,28.87,low,OK
TX_002075,STORE_02,city,CHK_033,20,4,0,regular,card,1,3,1,1,107,0,0,0,0,192,994,6,102.5,7.78,0,65.05,29.34,low,OK
TX_002076,STORE_07,hyper,CHK_018,20,3,0,regular,card,0,12,2,0,148,0,0,0,3,200,1063,5,148.0,6.65,0,89.2,42.71,medium,WATCH
TX_002077,STORE_06,retail_park,CHK_002,18,5,1,professional,card,0,10,4,1,185,1,2,0,2,161,1000,13,186.3,88.97,1,123.15,61.5,high,OPEN_SUPPORT
TX_002078,STORE_08,hyper,CHK_013,11,2,0,regular,card,1,6,0,0,57,0,0,0,3,192,982,0,62.5,0.1,0,34.85,12.62,low,OK
TX_002079,STORE_04,mall,CHK_033,10,5,1,new,card,1,10,1,0,108,0,1,0,1,192,987,2,108.0,0.19,0,64.0,28.76,low,OK
TX_002080,STORE_05,retail_park,CHK_024,10,4,0,regular,card,1,8,1,0,67,0,0,0,2,217,993,2,78.3,0.0,0,47.949999999999996,19.87,low,OK
TX_002081,STORE_05,retail_park,CHK_018,18,2,0,new,card,0,6,2,0,111,0,1,0,2,200,993,5,102.2,9.52,0,62.7,28.04,low,OK
TX_002082,STORE_02,city,CHK_005,8,6,1,regular,gift_card,1,1,1,0,31,0,0,2,0,205,994,2,31.3,0.0,0,20.25,4.54,low,OK
TX_002083,STORE_08,hyper,CHK_026,14,2,0,regular,mobile,0,8,2,0,93,0,0,1,3,183,982,5,93.1,0.53,0,59.349999999999994,26.18,low,OK
TX_002084,STORE_04,mall,CHK_039,12,5,1,new,card,0,7,1,0,91,0,1,0,1,195,987,3,104.9,4.31,0,60.650000000000006,26.9,low,OK
TX_002085,STORE_04,mall,CHK_013,18,5,1,professional,card,1,4,1,0,72,0,2,0,1,192,987,2,69.5,0.34,0,41.15,16.11,low,OK
TX_002086,STORE_04,mall,CHK_012,14,5,1,new,card,0,13,0,0,156,0,1,0,1,201,987,1,152.8,47.43,0,84.2,39.94,medium,WATCH
TX_002087,STORE_01,city,CHK_032,10,1,0,regular,card,0,5,1,0,60,0,0,0,0,205,987,3,61.1,0.09,0,37.55,14.12,low,OK
TX_002088,STORE_04,mall,CHK_025,11,0,0,new,mobile,1,8,0,0,89,0,1,1,1,213,987,0,89.2,0.0,0,49.4,20.68,low,OK
TX_002089,STORE_07,hyper,CHK_016,19,4,0,professional,card,0,10,0,0,118,0,2,0,3,195,1063,1,131.2,3.48,0,71.6,32.96,low,OK
TX_002090,STORE_07,hyper,CHK_034,8,2,0,professional,card,0,9,0,0,88,0,2,0,3,189,1063,1,96.8,1.8,0,53.8,23.11,low,OK
TX_002091,STORE_02,city,CHK_018,20,5,1,new,card,1,10,2,0,158,0,1,0,0,200,994,4,146.9,6.28,0,87.45,41.74,medium,WATCH
TX_002092,STORE_01,city,CHK_020,11,0,0,professional,mobile,1,20,3,0,192,1,2,1,0,175,987,6,205.1,78.38,1,126.55,63.38,high,OPEN_SUPPORT
TX_002093,STORE_08,hyper,CHK_034,15,6,1,regular,card,0,13,0,0,121,0,0,0,3,189,982,1,120.1,1.81,0,67.85,30.89,low,OK
TX_002094,STORE_04,mall,CHK_029,12,2,0,regular,mobile,1,9,0,0,103,0,0,1,1,211,987,0,90.3,0.01,0,50.55,21.31,low,OK
TX_002095,STORE_05,retail_park,CHK_029,12,2,0,regular,card,0,9,1,0,118,0,0,0,2,211,993,3,108.8,0.47,0,63.8,28.65,low,OK
TX_002096,STORE_06,retail_park,CHK_013,15,6,1,regular,card,0,15,1,0,141,0,0,0,2,192,1000,3,146.6,3.32,0,86.3,41.1,medium,WATCH
TX_002097,STORE_01,city,CHK_001,21,3,0,regular,card,0,7,1,0,89,0,0,0,0,209,987,3,81.8,0.55,0,49.1,20.51,low,OK
TX_002098,STORE_06,retail_park,CHK_036,13,3,0,professional,card,1,6,0,0,77,0,2,0,2,205,1000,0,75.8,0.18,0,41.5,16.3,low,OK
TX_002099,STORE_05,retail_park,CHK_015,19,5,1,regular,card,0,12,0,0,155,0,0,0,2,207,993,1,129.2,2.7,0,71.8,33.08,low,OK
TX_002100,STORE_07,hyper,CHK_022,20,0,0,professional,mobile,0,15,0,1,193,1,2,1,3,223,1063,5,200.9,92.61,1,117.45,58.34,high,OPEN_SUPPORT
TX_002101,STORE_05,retail_park,CHK_030,13,3,0,regular,card,1,14,0,1,189,1,0,0,2,197,993,4,180.9,90.3,1,106.85000000000001,52.48,medium,OPEN_SUPPORT
TX_002102,STORE_06,retail_park,CHK_011,9,0,0,regular,card,0,11,1,0,93,0,0,0,2,179,1000,3,103.7,0.62,0,62.45,27.9,low,OK
TX_002103,STORE_04,mall,CHK_027,20,0,0,regular,card,1,8,0,0,88,0,0,0,1,200,987,0,92.3,0.03,0,50.949999999999996,21.53,low,OK
TX_002104,STORE_04,mall,CHK_029,10,5,1,regular,card,0,12,0,0,114,0,0,0,1,211,987,1,109.3,1.3,0,61.849999999999994,27.57,low,OK
TX_002105,STORE_01,city,CHK_007,8,1,0,regular,mobile,0,11,2,0,119,0,0,1,0,217,987,5,116.6,0.68,0,72.89999999999999,33.68,low,OK
TX_002106,STORE_03,mall,CHK_009,20,2,0,new,mobile,0,14,0,1,214,1,1,1,1,211,994,5,218.1,97.59,1,125.45,62.77,high,OPEN_SUPPORT
TX_002107,STORE_02,city,CHK_031,9,2,0,professional,card,0,6,2,0,80,0,2,0,0,194,994,5,83.2,2.0,0,53.2,22.78,low,OK
TX_002108,STORE_05,retail_park,CHK_037,11,2,0,regular,mobile,0,11,2,0,95,0,0,1,2,194,993,5,118.0,3.05,0,73.6,34.07,low,OK
TX_002109,STORE_02,city,CHK_010,17,6,1,regular,mobile,0,10,0,0,84,0,0,1,0,204,994,1,83.8,0.32,0,47.9,19.85,low,OK
TX_002110,STORE_08,hyper,CHK_006,19,3,0,regular,card,1,7,1,0,86,0,0,0,3,223,982,2,88.0,0.45,0,52.2,22.23,low,OK
TX_002111,STORE_08,hyper,CHK_004,15,3,0,regular,card,1,10,0,0,72,0,0,0,3,219,982,0,90.0,0.08,0,51.0,21.56,low,OK
TX_002112,STORE_05,retail_park,CHK_039,12,5,1,regular,gift_card,1,10,2,0,123,0,0,2,2,195,993,4,112.7,0.75,0,70.35,32.27,low,OK
TX_002113,STORE_03,mall,CHK_019,14,4,0,regular,card,1,8,0,0,83,0,0,0,1,187,994,0,86.9,0.0,0,48.25,20.04,low,OK
TX_002114,STORE_03,mall,CHK_028,14,5,1,regular,card,1,2,0,1,91,0,0,0,1,218,994,4,84.9,7.08,0,51.650000000000006,21.92,low,OK
TX_002115,STORE_03,mall,CHK_022,8,5,1,new,card,1,15,0,0,146,0,1,0,1,223,994,0,145.3,3.64,0,81.65,38.53,medium,WATCH
TX_002116,STORE_05,retail_park,CHK_040,11,1,0,regular,card,1,4,1,1,103,0,0,0,2,193,993,6,106.1,6.82,0,67.45,30.67,low,OK
TX_002117,STORE_08,hyper,CHK_038,19,2,0,regular,card,1,20,0,0,173,0,0,0,3,194,982,0,172.6,0.95,0,98.3,47.74,medium,WATCH
TX_002118,STORE_04,mall,CHK_025,8,1,0,regular,card,0,8,0,0,86,0,0,0,1,213,987,1,80.6,0.12,0,45.099999999999994,18.3,low,OK
TX_002119,STORE_02,city,CHK_019,18,6,1,regular,mobile,1,11,1,0,137,0,0,1,0,187,994,2,121.3,0.11,0,71.25,32.77,low,OK
TX_002120,STORE_02,city,CHK_026,19,4,0,regular,card,1,12,1,0,129,0,0,0,0,183,994,2,129.6,0.44,0,76.0,35.4,medium,WATCH
TX_002121,STORE_05,retail_park,CHK_001,16,2,0,regular,card,0,14,0,0,129,0,0,0,2,209,993,1,126.4,4.7,0,71.60000000000001,32.96,low,OK
TX_002122,STORE_01,city,CHK_022,11,6,1,regular,card,1,2,4,1,103,1,0,0,0,223,987,12,104.2,87.64,1,77.3,36.12,medium,OPEN_SUPPORT
TX_002123,STORE_01,city,CHK_011,18,0,0,regular,mobile,1,15,1,0,140,0,0,1,0,179,987,2,145.2,0.28,0,85.6,40.71,medium,WATCH
TX_002124,STORE_03,mall,CHK_006,8,4,0,regular,card,0,12,1,0,137,0,0,0,1,223,994,3,121.9,2.29,0,72.15,33.27,low,OK
TX_002125,STORE_05,retail_park,CHK_011,15,5,1,regular,mobile,1,9,0,1,124,0,0,1,2,179,993,4,130.6,22.13,0,78.7,36.89,medium,WATCH
TX_002126,STORE_06,retail_park,CHK_032,20,4,0,regular,mobile,1,5,0,0,70,0,0,1,2,205,1000,0,67.0,0.3,0,36.5,13.53,low,OK
TX_002127,STORE_06,retail_park,CHK_029,12,0,0,regular,card,0,11,1,0,105,0,0,0,2,211,1000,3,123.1,1.36,0,72.14999999999999,33.27,low,OK
TX_002128,STORE_07,hyper,CHK_022,12,6,1,regular,card,1,8,1,1,127,0,0,0,3,223,1063,6,131.3,19.33,0,82.45,38.97,medium,WATCH
TX_002129,STORE_03,mall,CHK_026,12,5,1,regular,card,1,8,0,0,93,0,0,0,1,183,994,0,88.8,0.0,0,49.199999999999996,20.56,low,OK
TX_002130,STORE_05,retail_park,CHK_034,8,6,1,regular,card,0,3,0,0,41,0,0,0,2,189,993,1,40.3,0.0,0,21.95,5.48,low,OK
TX_002131,STORE_08,hyper,CHK_028,19,1,0,regular,card,1,9,3,0,97,0,0,0,3,218,982,6,110.3,0.75,0,72.55000000000001,33.49,low,OK
TX_002132,STORE_02,city,CHK_033,13,4,0,regular,card,1,14,0,0,121,0,0,0,0,192,994,0,127.6,0.89,0,72.2,33.3,low,OK
TX_002133,STORE_07,hyper,CHK_030,20,5,1,professional,card,1,10,1,0,129,0,2,0,3,197,1063,2,130.0,0.63,0,75.0,34.85,low,OK
TX_002134,STORE_08,hyper,CHK_023,20,5,1,regular,card,1,16,0,0,146,0,0,0,3,188,982,0,160.7,0.28,0,89.94999999999999,43.12,medium,WATCH
TX_002135,STORE_03,mall,CHK_022,9,5,1,professional,card,1,6,1,0,70,0,2,0,1,223,994,2,70.1,0.14,0,42.65,16.94,low,OK
TX_002136,STORE_02,city,CHK_004,21,0,0,regular,mobile,0,3,1,0,49,0,0,1,0,219,994,3,49.3,0.11,0,30.45,10.19,low,OK
TX_002137,STORE_01,city,CHK_013,20,4,0,regular,mobile,1,10,0,0,118,0,0,1,0,192,987,0,108.5,0.39,0,60.25,26.68,low,OK
TX_002138,STORE_02,city,CHK_033,13,0,0,new,card,0,13,0,0,168,1,1,0,0,192,994,1,158.1,76.28,1,86.85,41.41,medium,OPEN_SUPPORT
TX_002139,STORE_08,hyper,CHK_014,20,3,0,regular,card,1,10,3,0,148,0,0,0,3,213,982,6,123.8,2.73,0,79.9,37.56,medium,WATCH
TX_002140,STORE_01,city,CHK_004,14,3,0,regular,mobile,0,12,2,2,234,1,0,1,0,219,987,13,220.5,91.48,1,141.45,71.63,high,OPEN_SUPPORT
TX_002141,STORE_02,city,CHK_023,15,5,1,new,mobile,1,5,1,1,114,0,1,1,0,188,994,6,115.9,20.11,0,72.95,33.71,low,OK
TX_002142,STORE_08,hyper,CHK_011,17,6,1,regular,mobile,0,10,1,0,84,0,0,1,3,179,982,3,91.3,0.25,0,55.65,24.14,low,OK
TX_002143,STORE_05,retail_park,CHK_038,11,3,0,regular,card,0,9,0,0,101,0,0,0,2,194,993,1,95.2,0.08,0,53.0,22.67,low,OK
TX_002144,STORE_03,mall,CHK_016,18,6,1,professional,card,1,11,1,0,117,0,2,0,1,195,994,2,126.5,0.94,0,73.85,34.21,low,OK
TX_002145,STORE_03,mall,CHK_015,13,1,0,professional,card,1,3,2,0,63,0,2,0,1,207,994,4,63.0,0.1,0,41.3,16.19,low,OK
TX_002146,STORE_06,retail_park,CHK_022,10,2,0,new,card,1,11,3,0,109,0,1,0,2,223,1000,6,121.8,12.71,0,79.5,37.34,medium,WATCH
TX_002147,STORE_07,hyper,CHK_039,19,1,0,regular,card,1,8,2,0,98,0,0,0,3,195,1063,4,99.3,0.01,0,62.449999999999996,27.9,low,OK
TX_002148,STORE_07,hyper,CHK_008,8,5,1,new,card,1,14,1,1,228,1,1,0,3,173,1063,6,204.0,90.48,1,122.4,61.08,high,OPEN_SUPPORT
TX_002149,STORE_06,retail_park,CHK_030,10,3,0,new,card,1,9,2,0,119,0,1,0,2,197,1000,4,113.8,0.51,0,70.30000000000001,32.24,low,OK
TX_002150,STORE_01,city,CHK_020,12,2,0,regular,mobile,1,1,1,0,33,0,0,1,0,175,987,2,32.8,0.01,0,21.0,4.95,low,OK
TX_002151,STORE_02,city,CHK_034,8,2,0,regular,card,0,11,1,0,90,0,0,0,0,189,994,3,104.1,0.16,0,62.65,28.01,low,OK
TX_002152,STORE_01,city,CHK_037,21,4,0,regular,card,0,18,0,0,170,0,0,0,0,194,987,1,170.9,4.65,0,96.25,46.61,medium,WATCH
TX_002153,STORE_05,retail_park,CHK_002,12,0,0,regular,card,0,16,0,0,186,0,0,0,2,161,993,1,168.4,2.41,0,93.8,45.25,medium,WATCH
TX_002154,STORE_07,hyper,CHK_014,17,2,0,regular,card,1,16,0,0,116,0,0,0,3,213,1063,0,127.2,0.0,0,73.2,33.85,low,OK
TX_002155,STORE_01,city,CHK_015,12,1,0,regular,card,1,5,2,1,89,0,0,0,0,207,987,8,102.8,13.9,0,70.4,32.3,low,OK
TX_002156,STORE_04,mall,CHK_027,19,5,1,regular,card,0,8,0,1,147,0,0,0,1,200,987,5,142.5,18.24,0,84.05,39.86,medium,WATCH
TX_002157,STORE_05,retail_park,CHK_014,12,0,0,new,card,0,6,0,0,94,0,1,0,2,213,993,1,86.2,3.54,0,46.7,19.18,low,OK
TX_002158,STORE_08,hyper,CHK_023,15,3,0,regular,mobile,1,9,0,0,83,0,0,1,3,188,982,0,82.4,0.1,0,46.6,19.13,low,OK
TX_002159,STORE_01,city,CHK_025,17,2,0,professional,mobile,0,14,0,0,116,0,2,1,0,213,987,1,129.6,15.86,0,73.2,33.85,low,OK
TX_002160,STORE_01,city,CHK_012,11,4,0,professional,card,1,5,2,0,70,0,2,0,0,201,987,4,69.1,0.31,0,45.55,18.54,low,OK
TX_002161,STORE_07,hyper,CHK_035,9,4,0,regular,mobile,0,10,0,1,146,0,0,1,3,218,1063,5,144.4,24.07,0,86.2,41.05,medium,WATCH
TX_002162,STORE_03,mall,CHK_004,21,6,1,new,card,1,10,1,0,94,0,1,0,1,219,994,2,102.0,0.53,0,61.0,27.1,low,OK
TX_002163,STORE_08,hyper,CHK_008,12,1,0,regular,mobile,0,9,0,0,107,0,0,1,3,173,982,1,106.9,0.0,0,58.85,25.91,low,OK
TX_002164,STORE_01,city,CHK_038,8,1,0,new,card,1,10,1,0,115,0,1,0,0,194,987,2,109.8,0.65,0,64.9,29.26,low,OK
TX_002165,STORE_06,retail_park,CHK_004,18,5,1,professional,card,1,6,1,0,93,0,2,0,2,219,1000,2,83.8,0.46,0,49.5,20.73,low,OK
TX_002166,STORE_06,retail_park,CHK_025,21,5,1,regular,gift_card,0,2,1,1,91,0,0,2,2,213,1000,7,88.6,7.56,0,57.5,25.16,low,OK
TX_002167,STORE_04,mall,CHK_013,20,4,0,professional,card,1,7,0,0,105,0,2,0,1,192,987,0,96.8,0.36,0,52.6,22.45,low,OK
TX_002168,STORE_07,hyper,CHK_021,11,5,1,new,card,0,15,2,1,195,1,1,0,3,203,1063,9,200.7,97.66,1,125.35,62.72,high,OPEN_SUPPORT
TX_002169,STORE_04,mall,CHK_022,21,4,0,regular,card,0,13,0,1,140,0,0,0,1,223,987,5,160.3,54.45,1,95.95,46.44,medium,MONITOR_QUEUE
TX_002170,STORE_07,hyper,CHK_033,8,1,0,professional,mobile,1,13,2,0,117,0,2,1,3,192,1063,4,121.3,3.33,0,76.45,35.65,medium,WATCH
TX_002171,STORE_08,hyper,CHK_027,20,3,0,regular,card,1,8,0,0,79,0,0,0,3,200,982,0,89.6,0.12,0,49.599999999999994,20.79,low,OK
TX_002172,STORE_07,hyper,CHK_015,17,2,0,regular,card,1,13,0,0,121,0,0,0,3,207,1063,0,112.2,0.33,0,63.9,28.7,low,OK
TX_002173,STORE_01,city,CHK_013,15,6,1,regular,gift_card,1,11,0,2,200,1,0,2,0,192,987,8,194.3,87.7,1,119.75,59.62,high,OPEN_SUPPORT
TX_002174,STORE_01,city,CHK_001,8,3,0,regular,card,0,11,0,0,99,0,0,0,0,209,987,1,105.5,1.35,0,59.35,26.18,low,OK
TX_002175,STORE_05,retail_park,CHK_040,9,5,1,regular,card,0,4,2,1,108,0,0,0,2,193,993,9,105.3,22.84,0,71.05000000000001,32.66,low,OK
TX_002176,STORE_02,city,CHK_002,17,3,0,regular,card,1,13,1,0,126,0,0,0,0,161,994,2,119.9,0.4,0,71.75,33.05,low,OK
TX_002177,STORE_08,hyper,CHK_034,19,2,0,regular,card,0,10,0,0,100,0,0,0,3,189,982,1,111.0,0.71,0,61.5,27.37,low,OK
TX_002178,STORE_03,mall,CHK_019,11,3,0,regular,gift_card,0,11,2,0,131,0,0,2,1,187,994,5,115.4,3.85,0,72.3,33.35,low,OK
TX_002179,STORE_02,city,CHK_022,14,1,0,regular,card,1,9,1,0,82,0,0,0,0,223,994,2,91.4,0.01,0,55.1,23.83,low,OK
TX_002180,STORE_02,city,CHK_005,13,1,0,new,mobile,1,6,1,0,76,0,1,1,0,205,994,2,76.9,0.05,0,46.050000000000004,18.82,low,OK
TX_002181,STORE_04,mall,CHK_020,17,5,1,regular,mobile,1,8,1,0,63,0,0,1,1,175,987,2,70.6,0.0,0,44.099999999999994,17.74,low,OK
TX_002182,STORE_08,hyper,CHK_011,18,5,1,regular,mobile,0,19,2,1,252,1,0,1,3,179,982,9,230.5,80.48,1,142.65,72.29,high,OPEN_SUPPORT
TX_002183,STORE_04,mall,CHK_040,13,3,0,regular,card,0,12,1,0,133,0,0,0,1,193,987,3,132.6,2.15,0,77.5,36.23,medium,WATCH
TX_002184,STORE_01,city,CHK_030,11,5,1,regular,card,0,6,1,0,67,0,0,0,0,197,987,3,69.2,0.13,0,42.2,16.69,low,OK
TX_002185,STORE_06,retail_park,CHK_023,18,5,1,regular,card,1,13,1,1,204,1,0,0,2,188,1000,6,185.1,89.76,1,112.35,55.52,high,OPEN_SUPPORT
TX_002186,STORE_07,hyper,CHK_011,16,3,0,new,card,1,20,1,0,157,0,1,0,3,179,1063,2,183.7,4.69,0,107.85,53.03,medium,WATCH
TX_002187,STORE_05,retail_park,CHK_019,17,5,1,new,gift_card,0,1,2,0,45,0,1,2,2,187,993,5,43.8,7.13,0,30.5,10.21,low,OK
TX_002188,STORE_05,retail_park,CHK_007,21,2,0,new,card,1,8,2,0,91,0,1,0,2,217,993,4,98.4,1.24,0,62.0,27.65,low,OK
TX_002189,STORE_07,hyper,CHK_037,13,4,0,new,card,0,12,0,0,139,0,1,0,3,194,1063,1,146.6,35.31,0,80.5,37.89,medium,WATCH
TX_002190,STORE_03,mall,CHK_029,14,5,1,new,card,1,12,2,1,199,1,1,0,1,211,994,8,188.5,96.53,1,117.45,58.34,high,OPEN_SUPPORT
TX_002191,STORE_06,retail_park,CHK_026,21,0,0,new,mobile,0,15,0,0,152,0,1,1,2,183,1000,1,162.2,52.44,1,90.1,43.21,medium,MONITOR_QUEUE
TX_002192,STORE_08,hyper,CHK_006,15,3,0,regular,card,0,8,0,0,76,0,0,0,3,223,982,1,78.1,0.05,0,43.849999999999994,17.6,low,OK
TX_002193,STORE_07,hyper,CHK_019,8,4,0,regular,card,0,16,2,1,150,0,0,0,3,187,1063,9,171.3,49.38,0,111.25,54.91,medium,WATCH
TX_002194,STORE_03,mall,CHK_017,19,3,0,new,mobile,1,12,1,0,131,0,1,1,1,202,994,2,144.9,3.89,0,83.65,39.63,medium,WATCH
TX_002195,STORE_06,retail_park,CHK_001,12,3,0,new,mobile,0,14,2,0,166,1,1,1,2,209,1000,5,170.8,87.24,1,101.80000000000001,49.68,medium,OPEN_SUPPORT
TX_002196,STORE_08,hyper,CHK_030,8,2,0,regular,mobile,1,9,1,0,84,0,0,1,3,197,982,2,83.4,0.18,0,51.1,21.62,low,OK
TX_002197,STORE_01,city,CHK_037,19,4,0,regular,mobile,1,6,2,0,91,0,0,1,0,194,987,4,83.7,0.06,0,53.45,22.92,low,OK
TX_002198,STORE_02,city,CHK_037,13,0,0,new,card,0,12,0,0,167,1,1,0,0,194,994,1,154.0,60.48,1,84.2,39.94,medium,MONITOR_QUEUE
TX_002199,STORE_03,mall,CHK_013,9,5,1,new,card,1,4,1,1,95,0,1,0,1,192,994,6,102.4,21.25,0,65.60000000000001,29.64,low,OK
TX_002200,STORE_04,mall,CHK_023,15,4,0,professional,card,1,7,1,0,91,0,2,0,1,188,987,2,81.4,0.05,0,48.900000000000006,20.4,low,OK
TX_002201,STORE_03,mall,CHK_016,13,6,1,regular,gift_card,0,2,1,0,50,0,0,2,1,195,994,3,47.7,0.25,0,29.05,9.41,low,OK
TX_002202,STORE_07,hyper,CHK_007,10,5,1,regular,card,1,13,0,0,114,0,0,0,3,217,1063,0,112.2,0.0,0,63.9,28.7,low,OK
TX_002203,STORE_06,retail_park,CHK_011,14,1,0,regular,mobile,1,9,0,0,85,0,0,1,2,179,1000,0,86.6,0.01,0,48.699999999999996,20.29,low,OK
TX_002204,STORE_06,retail_park,CHK_029,8,0,0,new,mobile,1,1,1,0,33,0,1,1,2,211,1000,2,32.1,0.0,0,20.650000000000002,4.76,low,OK
TX_002205,STORE_06,retail_park,CHK_032,17,1,0,regular,mobile,1,12,1,0,97,0,0,1,2,205,1000,2,101.2,0.17,0,61.8,27.54,low,OK
TX_002206,STORE_02,city,CHK_039,20,3,0,regular,card,0,5,0,0,79,0,0,0,0,195,994,1,76.1,0.65,0,41.05,16.05,low,OK
TX_002207,STORE_07,hyper,CHK_013,11,4,0,new,mobile,0,11,1,0,109,0,1,1,3,192,1063,3,123.2,21.16,0,72.19999999999999,33.3,low,OK
TX_002208,STORE_06,retail_park,CHK_015,10,2,0,regular,card,0,9,0,0,89,0,0,0,2,207,1000,1,92.2,0.17,0,51.5,21.84,low,OK
TX_002209,STORE_02,city,CHK_021,12,1,0,regular,card,1,9,1,0,98,0,0,0,0,203,994,2,92.9,0.01,0,55.85,24.25,low,OK
TX_002210,STORE_06,retail_park,CHK_033,18,3,0,professional,card,0,12,0,0,142,0,2,0,2,192,1000,1,152.3,23.88,0,83.35000000000001,39.47,medium,WATCH
TX_002211,STORE_08,hyper,CHK_021,20,1,0,regular,card,1,11,0,0,105,0,0,0,3,203,982,0,105.2,0.37,0,59.2,26.1,low,OK
TX_002212,STORE_08,hyper,CHK_013,18,4,0,regular,card,1,8,0,0,83,0,0,0,3,192,982,0,90.1,0.1,0,49.849999999999994,20.92,low,OK
TX_002213,STORE_06,retail_park,CHK_022,15,2,0,regular,mobile,1,7,0,0,64,0,0,1,2,223,1000,0,67.9,0.01,0,38.150000000000006,14.45,low,OK
TX_002214,STORE_05,retail_park,CHK_027,20,0,0,regular,mobile,1,6,1,0,65,0,0,1,2,200,993,2,70.7,0.03,0,42.95,17.1,low,OK
TX_002215,STORE_08,hyper,CHK_009,20,0,0,regular,card,0,14,0,0,145,0,0,0,3,211,982,1,150.9,2.0,0,83.85000000000001,39.75,medium,WATCH
TX_002216,STORE_08,hyper,CHK_040,19,3,0,new,gift_card,0,11,0,0,165,1,1,2,3,193,982,1,153.4,31.49,0,83.3,39.44,medium,WATCH
TX_002217,STORE_05,retail_park,CHK_024,12,3,0,professional,mobile,1,10,1,0,111,0,2,1,2,217,993,2,112.1,0.41,0,66.05,29.89,low,OK
TX_002218,STORE_05,retail_park,CHK_037,17,6,1,new,mobile,1,5,2,0,71,0,1,1,2,194,993,4,70.3,0.25,0,46.15,18.88,low,OK
TX_002219,STORE_08,hyper,CHK_032,20,5,1,regular,card,0,9,1,0,119,0,0,0,3,205,982,3,116.6,0.09,0,67.7,30.81,low,OK
TX_002220,STORE_08,hyper,CHK_030,21,2,0,regular,card,0,4,0,0,52,0,0,0,3,197,982,1,50.9,0.16,0,27.849999999999998,8.75,low,OK
TX_002221,STORE_05,retail_park,CHK_010,12,6,1,new,mobile,0,8,1,1,131,1,1,1,2,204,993,7,135.1,96.5,1,84.35,40.02,medium,OPEN_SUPPORT
TX_002222,STORE_02,city,CHK_040,14,2,0,regular,mobile,1,12,1,0,120,0,0,1,0,193,994,2,117.1,0.2,0,69.75,31.94,low,OK
TX_002223,STORE_08,hyper,CHK_008,13,3,0,regular,mobile,1,14,1,2,177,1,0,1,3,173,982,10,182.8,95.44,1,119.80000000000001,59.65,high,OPEN_SUPPORT
TX_002224,STORE_05,retail_park,CHK_010,17,3,0,regular,mobile,1,10,0,0,80,0,0,1,2,204,993,0,85.2,0.48,0,48.6,20.23,low,OK
TX_002225,STORE_04,mall,CHK_024,21,3,0,new,card,0,13,0,0,146,0,1,0,1,217,987,1,148.4,57.71,1,82.0,38.72,medium,MONITOR_QUEUE
TX_002226,STORE_03,mall,CHK_007,19,6,1,regular,mobile,1,11,0,0,109,0,0,1,1,217,994,0,112.1,0.29,0,62.65,28.01,low,OK
TX_002227,STORE_05,retail_park,CHK_007,8,5,1,new,card,0,10,1,0,138,0,1,0,2,217,993,3,110.4,5.0,0,65.2,29.42,low,OK
TX_002228,STORE_01,city,CHK_021,18,0,0,regular,card,0,7,1,0,95,0,0,0,0,203,987,3,94.4,0.29,0,55.400000000000006,24.0,low,OK
TX_002229,STORE_01,city,CHK_002,9,6,1,professional,card,1,9,0,1,132,0,2,0,0,161,987,4,135.6,14.92,0,81.2,38.28,medium,WATCH
TX_002230,STORE_05,retail_park,CHK_033,13,1,0,regular,card,0,17,2,0,201,0,0,0,2,192,993,5,169.8,7.72,0,103.10000000000001,50.4,medium,WATCH
TX_002231,STORE_02,city,CHK_024,19,6,1,new,mobile,1,7,2,0,106,0,1,1,0,217,994,4,108.8,0.25,0,66.6,30.2,low,OK
TX_002232,STORE_08,hyper,CHK_002,21,4,0,regular,card,1,10,2,1,137,0,0,0,3,161,982,8,139.2,31.54,0,91.6,44.04,medium,WATCH
TX_002233,STORE_06,retail_park,CHK_029,13,0,0,regular,card,1,8,0,0,88,0,0,0,2,211,1000,0,84.5,0.13,0,47.05,19.37,low,OK
TX_002234,STORE_05,retail_park,CHK_025,12,0,0,professional,card,1,5,1,0,68,0,2,0,2,213,993,2,66.5,0.16,0,40.25,15.61,low,OK
TX_002235,STORE_06,retail_park,CHK_017,13,1,0,regular,card,1,10,0,0,105,0,0,0,2,202,1000,0,102.7,0.21,0,57.35,25.08,low,OK
TX_002236,STORE_08,hyper,CHK_026,14,0,0,regular,card,0,13,1,1,199,1,0,0,3,183,982,7,187.3,92.87,1,113.45,56.13,high,OPEN_SUPPORT
TX_002237,STORE_03,mall,CHK_004,21,4,0,regular,card,0,8,0,0,86,0,0,0,1,219,994,1,79.7,0.17,0,44.65,18.05,low,OK
TX_002238,STORE_05,retail_park,CHK_026,17,5,1,professional,mobile,1,11,1,1,146,0,2,1,2,183,993,6,156.5,66.31,1,96.85,46.94,medium,MONITOR_QUEUE
TX_002239,STORE_02,city,CHK_022,18,4,0,regular,card,1,9,0,0,112,0,0,0,0,223,994,0,104.4,0.39,0,57.6,25.21,low,OK
TX_002240,STORE_04,mall,CHK_004,21,5,1,regular,card,1,9,1,0,75,0,0,0,1,219,987,2,80.6,0.25,0,49.699999999999996,20.84,low,OK
TX_002241,STORE_05,retail_park,CHK_032,21,4,0,regular,card,1,13,1,1,177,1,0,0,2,205,993,6,172.5,89.94,1,106.05,52.03,medium,OPEN_SUPPORT
TX_002242,STORE_07,hyper,CHK_020,9,5,1,regular,mobile,0,6,2,0,77,0,0,1,3,175,1063,5,77.3,0.49,0,50.25,21.15,low,OK
TX_002243,STORE_05,retail_park,CHK_023,17,2,0,regular,card,0,10,1,1,164,1,0,0,2,188,993,7,149.4,72.93,1,92.7,44.64,medium,OPEN_SUPPORT
TX_002244,STORE_03,mall,CHK_008,21,2,0,regular,card,0,16,1,0,139,0,0,0,1,173,994,3,145.9,1.95,0,86.55,41.24,medium,WATCH
TX_002245,STORE_05,retail_park,CHK_003,10,2,0,regular,mobile,1,11,2,1,145,0,0,1,2,195,993,8,139.8,57.54,1,92.5,44.53,medium,MONITOR_QUEUE
TX_002246,STORE_01,city,CHK_038,21,6,1,professional,card,1,2,2,0,45,0,2,0,0,194,987,4,56.7,0.37,0,37.550000000000004,14.12,low,OK
TX_002247,STORE_03,mall,CHK_029,17,3,0,regular,mobile,0,12,2,0,102,0,0,1,1,211,994,5,113.4,5.41,0,71.9,33.13,low,OK
TX_002248,STORE_07,hyper,CHK_025,10,5,1,regular,card,1,10,1,1,145,0,0,0,3,213,1063,6,142.8,35.5,0,89.4,42.82,medium,WATCH
TX_002249,STORE_04,mall,CHK_031,12,5,1,new,card,1,7,1,0,106,0,1,0,1,194,987,2,95.6,0.25,0,56.0,24.33,low,OK
TX_002250,STORE_08,hyper,CHK_039,12,1,0,regular,card,0,11,0,0,105,0,0,0,3,195,982,1,113.5,1.53,0,63.35,28.4,low,OK
TX_002251,STORE_05,retail_park,CHK_014,9,6,1,regular,mobile,1,12,3,0,105,0,0,1,2,213,993,6,113.4,3.71,0,75.9,35.34,medium,WATCH
TX_002252,STORE_08,hyper,CHK_021,8,0,0,regular,card,1,17,0,0,150,0,0,0,3,203,982,0,153.2,0.4,0,86.8,41.38,medium,WATCH
TX_002253,STORE_08,hyper,CHK_023,9,4,0,regular,card,1,14,0,0,100,0,0,0,3,188,982,0,121.2,0.0,0,69.0,31.53,low,OK
TX_002254,STORE_04,mall,CHK_023,12,1,0,new,mobile,1,12,1,0,142,0,1,1,1,188,987,2,144.2,2.39,0,83.3,39.44,medium,WATCH
TX_002255,STORE_03,mall,CHK_023,17,4,0,regular,card,1,7,0,0,56,0,0,0,1,188,994,0,61.3,0.0,0,34.85,12.62,low,OK
TX_002256,STORE_01,city,CHK_021,20,0,0,regular,card,0,11,2,0,156,0,0,0,0,203,987,5,146.5,4.03,0,87.85,41.96,medium,WATCH
TX_002257,STORE_07,hyper,CHK_002,20,1,0,new,card,1,13,2,0,180,0,1,0,3,161,1063,4,170.7,4.64,0,101.14999999999999,49.32,medium,WATCH
TX_002258,STORE_04,mall,CHK_040,20,2,0,professional,card,0,7,1,1,152,0,2,0,1,193,987,7,144.8,49.67,0,88.60000000000001,42.37,medium,WATCH
TX_002259,STORE_05,retail_park,CHK_022,21,2,0,regular,card,0,4,1,0,59,0,0,0,2,223,993,3,55.3,0.03,0,34.05,12.18,low,OK
TX_002260,STORE_02,city,CHK_038,8,2,0,regular,card,1,14,1,1,172,1,0,0,0,194,994,6,172.1,80.72,1,106.45,52.26,medium,OPEN_SUPPORT
TX_002261,STORE_04,mall,CHK_035,9,3,0,new,card,1,14,0,0,139,0,1,0,1,218,987,0,134.4,3.15,0,75.60000000000001,35.18,medium,WATCH
TX_002262,STORE_02,city,CHK_031,18,6,1,regular,card,1,3,0,0,51,0,0,0,0,194,994,0,49.5,0.2,0,26.55,8.03,low,OK
TX_002263,STORE_02,city,CHK_015,13,0,0,new,card,1,10,1,0,142,0,1,0,0,207,994,2,125.8,0.86,0,72.9,33.68,low,OK
TX_002264,STORE_04,mall,CHK_029,8,2,0,regular,card,0,5,1,0,59,0,0,0,1,211,987,3,60.6,0.08,0,37.3,13.98,low,OK
TX_002265,STORE_05,retail_park,CHK_014,15,6,1,regular,card,1,9,0,0,76,0,0,0,2,213,993,0,92.4,0.0,0,51.6,21.89,low,OK
TX_002266,STORE_06,retail_park,CHK_030,19,3,0,regular,card,1,7,1,0,83,0,0,0,2,197,1000,2,86.8,0.01,0,51.6,21.89,low,OK
TX_002267,STORE_03,mall,CHK_040,19,3,0,regular,mobile,1,2,0,0,35,0,0,1,1,193,994,0,36.2,0.01,0,19.3,4.01,low,OK
TX_002268,STORE_06,retail_park,CHK_026,12,1,0,regular,card,1,16,0,0,121,0,0,0,2,183,1000,0,133.4,0.16,0,76.3,35.57,medium,WATCH
TX_002269,STORE_01,city,CHK_029,17,4,0,regular,card,1,4,0,0,44,0,0,0,0,211,987,0,45.6,0.0,0,25.2,7.28,low,OK
TX_002270,STORE_05,retail_park,CHK_040,17,4,0,new,mobile,0,8,1,1,118,1,1,1,2,193,993,7,125.6,94.03,1,79.6,37.39,medium,OPEN_SUPPORT
TX_002271,STORE_05,retail_park,CHK_011,12,1,0,new,mobile,0,9,3,0,136,1,1,1,2,179,993,7,130.3,76.01,1,82.55000000000001,39.03,medium,OPEN_SUPPORT
TX_002272,STORE_03,mall,CHK_028,21,2,0,professional,mobile,0,11,0,0,88,0,2,1,1,218,994,1,105.3,11.72,0,59.25,26.13,low,OK
TX_002273,STORE_04,mall,CHK_006,8,1,0,regular,card,1,9,1,0,75,0,0,0,1,223,987,2,84.6,0.0,0,51.699999999999996,21.95,low,OK
TX_002274,STORE_04,mall,CHK_007,18,3,0,regular,mobile,0,7,2,0,85,0,0,1,1,217,987,5,95.8,0.49,0,60.1,26.6,low,OK
TX_002275,STORE_02,city,CHK_016,8,6,1,regular,card,1,12,0,0,88,0,0,0,0,195,994,0,102.0,0.0,0,58.2,25.55,low,OK
TX_002276,STORE_06,retail_park,CHK_028,14,4,0,regular,card,0,8,0,1,154,0,0,0,2,218,1000,5,136.7,15.06,0,81.14999999999999,38.25,medium,WATCH
TX_002277,STORE_05,retail_park,CHK_011,14,2,0,regular,card,0,16,2,0,205,0,0,0,2,179,993,5,155.9,8.8,0,95.55,46.22,medium,WATCH
TX_002278,STORE_02,city,CHK_019,15,5,1,regular,card,1,10,1,0,94,0,0,0,0,187,994,2,90.1,0.0,0,55.05,23.8,low,OK
TX_002279,STORE_07,hyper,CHK_014,8,5,1,professional,card,0,12,0,0,124,0,2,0,3,213,1063,1,124.5,5.16,0,69.45,31.77,low,OK
TX_002280,STORE_02,city,CHK_035,14,6,1,regular,card,1,9,0,0,98,0,0,0,0,218,994,0,94.3,0.0,0,52.55,22.42,low,OK
TX_002281,STORE_01,city,CHK_033,12,3,0,regular,card,1,10,0,0,87,0,0,0,0,192,987,0,102.9,0.22,0,57.45,25.13,low,OK
TX_002282,STORE_07,hyper,CHK_022,18,6,1,new,mobile,1,11,0,1,159,0,1,1,3,223,1063,4,165.1,48.26,0,97.14999999999999,47.11,medium,WATCH
TX_002283,STORE_07,hyper,CHK_003,12,5,1,regular,card,1,13,0,1,166,1,0,0,3,195,1063,4,172.8,93.49,1,102.2,49.9,medium,OPEN_SUPPORT
TX_002284,STORE_05,retail_park,CHK_013,21,1,0,regular,card,1,5,2,0,56,0,0,0,2,192,993,4,68.7,0.03,0,45.35,18.43,low,OK
TX_002285,STORE_04,mall,CHK_023,13,1,0,new,card,1,6,2,1,138,0,1,0,1,188,987,8,136.6,39.35,0,87.89999999999999,41.99,medium,WATCH
TX_002286,STORE_03,mall,CHK_003,13,3,0,regular,card,0,7,2,0,91,0,0,0,1,195,994,5,94.1,0.3,0,59.25,26.13,low,OK
TX_002287,STORE_02,city,CHK_020,21,5,1,regular,card,1,6,0,0,68,0,0,0,0,175,994,0,63.7,0.0,0,35.45,12.95,low,OK
TX_002288,STORE_02,city,CHK_039,20,5,1,regular,card,1,4,0,1,109,0,0,0,0,195,994,4,100.7,7.14,0,60.75,26.96,low,OK
TX_002289,STORE_06,retail_park,CHK_031,11,0,0,regular,card,1,6,0,0,68,0,0,0,2,194,1000,0,62.7,0.0,0,34.95,12.68,low,OK
TX_002290,STORE_06,retail_park,CHK_007,12,1,0,new,card,0,1,2,0,45,0,1,0,2,217,1000,5,45.0,2.81,0,31.1,10.55,low,OK
TX_002291,STORE_07,hyper,CHK_037,17,4,0,regular,mobile,1,13,1,0,124,0,0,1,3,194,1063,2,116.6,0.51,0,70.1,32.13,low,OK
TX_002292,STORE_08,hyper,CHK_007,17,1,0,regular,card,0,9,0,0,79,0,0,0,3,217,982,1,87.1,0.19,0,48.949999999999996,20.43,low,OK
TX_002293,STORE_06,retail_park,CHK_017,20,1,0,new,card,0,6,1,3,190,1,1,0,2,202,1000,15,188.8,97.12,1,126.0,63.08,high,OPEN_SUPPORT
TX_002294,STORE_06,retail_park,CHK_033,12,5,1,new,card,0,4,0,0,67,0,1,0,2,192,1000,1,66.9,5.52,0,35.85,13.17,low,OK
TX_002295,STORE_03,mall,CHK_025,19,6,1,regular,mobile,1,13,0,0,134,0,0,1,1,213,994,0,136.1,0.31,0,75.85,35.32,medium,WATCH
TX_002296,STORE_02,city,CHK_017,21,4,0,regular,mobile,1,4,0,0,43,0,0,1,0,202,994,0,43.4,0.02,0,24.099999999999998,6.67,low,OK
TX_002297,STORE_04,mall,CHK_022,17,2,0,regular,card,1,8,2,3,188,1,0,0,1,223,987,16,195.6,84.97,1,134.60000000000002,67.84,high,OPEN_SUPPORT
TX_002298,STORE_08,hyper,CHK_036,9,5,1,regular,card,0,13,2,0,111,0,0,0,3,205,982,5,118.7,4.22,0,75.14999999999999,34.93,low,OK
TX_002299,STORE_05,retail_park,CHK_025,12,3,0,regular,card,1,11,1,0,117,0,0,0,2,213,993,2,111.9,0.52,0,66.55,30.17,low,OK
TX_002300,STORE_03,mall,CHK_015,20,6,1,regular,card,1,9,1,1,164,1,0,0,1,207,994,6,153.4,55.85,1,94.10000000000001,45.42,medium,MONITOR_QUEUE
TX_002301,STORE_03,mall,CHK_012,13,0,0,regular,card,0,1,0,0,30,0,0,0,1,201,994,1,28.9,0.08,0,15.049999999999999,1.66,low,OK
TX_002302,STORE_05,retail_park,CHK_023,18,5,1,regular,card,1,4,0,1,101,0,0,0,2,188,993,4,99.5,10.4,0,60.15,26.63,low,OK
TX_002303,STORE_03,mall,CHK_033,16,3,0,professional,card,1,11,0,0,95,0,2,0,1,192,994,0,106.5,0.47,0,59.85,26.46,low,OK
TX_002304,STORE_01,city,CHK_013,19,3,0,professional,mobile,0,6,0,0,89,0,2,1,0,192,987,1,89.6,1.39,0,48.4,20.12,low,OK
TX_002305,STORE_05,retail_park,CHK_006,10,4,0,regular,mobile,1,5,1,0,59,0,0,1,2,223,993,2,55.7,0.0,0,34.85,12.62,low,OK
TX_002306,STORE_06,retail_park,CHK_009,10,1,0,regular,card,0,12,2,1,178,1,0,0,2,211,1000,9,170.3,91.22,1,108.35000000000001,53.31,medium,OPEN_SUPPORT
TX_002307,STORE_03,mall,CHK_037,8,1,0,new,card,1,12,1,0,110,0,1,0,1,194,994,2,130.2,1.76,0,76.3,35.57,medium,WATCH
TX_002308,STORE_05,retail_park,CHK_011,10,5,1,regular,mobile,1,14,0,0,103,0,0,1,2,179,993,0,111.6,0.0,0,64.2,28.87,low,OK
TX_002309,STORE_06,retail_park,CHK_017,14,5,1,regular,card,1,11,1,0,99,0,0,0,2,202,1000,2,110.3,0.08,0,65.75,29.73,low,OK
TX_002310,STORE_01,city,CHK_032,11,5,1,regular,mobile,0,5,0,0,59,0,0,1,0,205,987,1,57.9,0.0,0,31.95,11.02,low,OK
TX_002311,STORE_03,mall,CHK_004,15,2,0,regular,mobile,1,5,2,0,62,0,0,1,1,219,994,4,66.2,0.29,0,44.1,17.74,low,OK
TX_002312,STORE_03,mall,CHK_025,18,2,0,regular,card,1,3,0,0,47,0,0,0,1,213,994,0,48.8,0.21,0,26.2,7.83,low,OK
TX_002313,STORE_01,city,CHK_030,14,4,0,professional,mobile,0,12,1,0,152,0,2,1,0,197,987,3,148.0,10.69,0,85.2,40.49,medium,WATCH
TX_002314,STORE_02,city,CHK_004,21,3,0,regular,card,0,8,2,0,87,0,0,0,0,219,994,5,92.4,1.42,0,59.0,25.99,low,OK
TX_002315,STORE_03,mall,CHK_030,9,1,0,professional,mobile,1,14,2,1,191,1,2,1,1,197,994,8,192.8,92.64,1,120.80000000000001,60.2,high,OPEN_SUPPORT
TX_002316,STORE_01,city,CHK_018,10,0,0,new,card,0,4,1,0,62,0,1,0,0,200,987,3,62.7,1.87,0,37.75,14.23,low,OK
TX_002317,STORE_08,hyper,CHK_036,16,6,1,regular,mobile,0,11,1,0,103,0,0,1,3,205,982,3,117.2,0.9,0,69.2,31.64,low,OK
TX_002318,STORE_04,mall,CHK_036,14,6,1,regular,card,1,10,1,0,108,0,0,0,1,205,987,2,103.8,0.0,0,61.9,27.59,low,OK
TX_002319,STORE_08,hyper,CHK_015,16,4,0,new,card,0,9,0,0,114,0,1,0,3,207,982,1,102.9,6.86,0,56.85,24.8,low,OK
TX_002320,STORE_02,city,CHK_024,15,0,0,regular,card,1,7,1,0,81,0,0,0,0,217,994,2,76.1,0.01,0,46.25,18.93,low,OK
TX_002321,STORE_04,mall,CHK_036,20,6,1,regular,mobile,1,5,0,0,56,0,0,1,1,205,987,0,61.0,0.4,0,33.5,11.87,low,OK
TX_002322,STORE_02,city,CHK_008,14,2,0,regular,card,1,12,0,0,136,0,0,0,0,173,994,0,121.3,0.0,0,67.85,30.89,low,OK
TX_002323,STORE_07,hyper,CHK_010,20,0,0,regular,card,1,15,0,0,149,0,0,0,3,204,1063,0,151.4,0.42,0,84.7,40.22,medium,WATCH
TX_002324,STORE_08,hyper,CHK_019,11,5,1,new,card,1,13,0,1,202,1,1,0,3,187,982,4,198.9,91.05,1,115.25,57.13,high,OPEN_SUPPORT
TX_002325,STORE_03,mall,CHK_030,14,4,0,regular,card,0,4,1,0,60,0,0,0,1,197,994,3,58.0,0.31,0,35.4,12.93,low,OK
TX_002326,STORE_07,hyper,CHK_035,16,3,0,professional,gift_card,1,8,1,0,80,0,2,2,3,218,1063,2,87.6,0.85,0,52.599999999999994,22.45,low,OK
TX_002327,STORE_03,mall,CHK_003,13,0,0,regular,card,0,6,0,0,71,0,0,0,1,195,994,1,68.7,0.02,0,37.95,14.34,low,OK
TX_002328,STORE_07,hyper,CHK_029,19,3,0,regular,card,0,8,1,0,97,0,0,0,3,211,1063,3,95.2,0.91,0,56.4,24.55,low,OK
TX_002329,STORE_06,retail_park,CHK_026,11,1,0,regular,card,1,8,0,0,71,0,0,0,2,183,1000,0,79.7,0.06,0,44.65,18.05,low,OK
TX_002330,STORE_03,mall,CHK_018,15,0,0,regular,gift_card,1,5,0,0,50,0,0,2,1,200,994,0,52.5,0.01,0,29.25,9.52,low,OK
TX_002331,STORE_07,hyper,CHK_019,8,0,0,regular,mobile,1,15,1,0,108,0,0,1,3,187,1063,2,120.6,0.71,0,73.3,33.91,low,OK
TX_002332,STORE_05,retail_park,CHK_016,18,3,0,professional,card,0,4,0,0,73,0,2,0,2,195,993,1,70.7,3.19,0,37.75,14.23,low,OK
TX_002333,STORE_01,city,CHK_027,17,3,0,regular,card,0,1,1,1,56,0,0,0,0,200,987,7,62.7,10.2,0,43.95,17.66,low,OK
TX_002334,STORE_03,mall,CHK_027,20,2,0,regular,mobile,0,12,1,0,150,0,0,1,1,200,994,3,147.6,3.46,0,85.0,40.38,medium,WATCH
TX_002335,STORE_08,hyper,CHK_018,18,1,0,new,card,1,5,1,0,85,0,1,0,3,200,982,2,83.9,0.72,0,48.95,20.43,low,OK
TX_002336,STORE_01,city,CHK_036,19,3,0,regular,card,1,2,1,0,39,0,0,0,0,205,987,2,39.6,0.01,0,25.0,7.17,low,OK
TX_002337,STORE_06,retail_park,CHK_037,18,0,0,new,card,1,7,0,0,102,0,1,0,2,194,1000,0,99.4,0.49,0,53.900000000000006,23.17,low,OK
TX_002338,STORE_04,mall,CHK_012,19,4,0,new,gift_card,1,10,2,1,232,1,1,2,1,201,987,8,177.5,78.97,1,110.75,54.64,medium,OPEN_SUPPORT
TX_002339,STORE_01,city,CHK_003,20,0,0,new,card,0,19,2,0,301,1,1,0,0,195,987,5,234.5,71.26,1,136.65,68.97,high,OPEN_SUPPORT
TX_002340,STORE_02,city,CHK_018,13,2,0,new,card,1,6,0,1,117,0,1,0,0,200,994,4,120.5,8.7,0,71.85,33.1,low,OK
TX_002341,STORE_07,hyper,CHK_028,19,4,0,regular,card,1,10,2,0,113,0,0,0,3,218,1063,4,118.4,1.16,0,73.2,33.85,low,OK
TX_002342,STORE_08,hyper,CHK_027,20,0,0,regular,card,0,5,2,0,76,0,0,0,3,200,982,5,80.3,0.44,0,51.15,21.64,low,OK
TX_002343,STORE_04,mall,CHK_027,11,2,0,regular,card,1,8,1,0,79,0,0,0,1,200,987,2,81.9,0.0,0,49.75,20.87,low,OK
TX_002344,STORE_04,mall,CHK_001,17,2,0,new,mobile,0,6,1,1,102,1,1,1,1,209,987,7,113.7,94.11,1,72.44999999999999,33.43,low,OPEN_SUPPORT
TX_002345,STORE_01,city,CHK_003,19,0,0,regular,card,1,7,0,1,119,0,0,0,0,195,987,4,125.4,6.44,0,74.9,34.79,low,OK
TX_002346,STORE_01,city,CHK_035,10,3,0,regular,card,0,13,0,0,125,0,0,0,0,218,987,1,123.9,2.68,0,69.75,31.94,low,OK
TX_002347,STORE_02,city,CHK_037,9,3,0,regular,card,1,11,0,0,83,0,0,0,0,194,994,0,93.0,0.05,0,53.1,22.72,low,OK
TX_002348,STORE_04,mall,CHK_026,9,4,0,new,mobile,0,6,0,0,82,0,1,1,1,183,987,1,78.0,2.85,0,42.6,16.91,low,OK
TX_002349,STORE_04,mall,CHK_015,14,5,1,regular,card,1,11,3,0,144,0,0,0,1,207,987,6,125.9,3.34,0,81.55,38.47,medium,WATCH
TX_002350,STORE_01,city,CHK_004,21,2,0,regular,card,0,1,0,0,26,0,0,0,0,219,987,1,26.5,0.21,0,13.85,1.0,low,OK
TX_002351,STORE_08,hyper,CHK_021,11,3,0,regular,card,0,6,1,0,62,0,0,0,3,203,982,3,68.1,0.15,0,41.65,16.39,low,OK
TX_002352,STORE_01,city,CHK_017,15,0,0,new,card,0,15,1,0,192,1,1,0,0,202,987,3,177.0,53.46,1,101.5,49.52,medium,MONITOR_QUEUE
TX_002353,STORE_01,city,CHK_040,13,4,0,regular,mobile,1,11,1,0,104,0,0,1,0,193,987,2,110.7,0.05,0,65.95,29.84,low,OK
TX_002354,STORE_07,hyper,CHK_008,17,1,0,new,card,1,10,1,0,107,0,1,0,3,173,1063,2,110.1,0.43,0,65.05,29.34,low,OK
TX_002355,STORE_03,mall,CHK_031,8,3,0,regular,card,0,7,0,0,75,0,0,0,1,194,994,1,72.5,0.0,0,40.45,15.72,low,OK
TX_002356,STORE_08,hyper,CHK_016,9,2,0,professional,card,0,7,0,0,88,0,2,0,3,195,982,1,85.4,1.4,0,46.900000000000006,19.29,low,OK
TX_002357,STORE_06,retail_park,CHK_013,13,0,0,regular,card,1,9,0,0,92,0,0,0,2,192,1000,0,88.6,0.01,0,49.699999999999996,20.84,low,OK
TX_002358,STORE_08,hyper,CHK_014,11,2,0,professional,card,0,8,1,1,135,0,2,0,3,213,982,7,144.8,42.95,0,89.2,42.71,medium,WATCH
TX_002359,STORE_05,retail_park,CHK_032,9,4,0,regular,card,0,10,2,0,98,0,0,0,2,205,993,5,102.8,1.44,0,65.4,29.53,low,OK
TX_002360,STORE_01,city,CHK_007,18,1,0,new,card,1,10,0,0,135,0,1,0,0,217,987,0,131.5,1.51,0,71.75,33.05,low,OK
TX_002361,STORE_08,hyper,CHK_013,20,6,1,regular,card,1,23,1,1,303,1,0,0,3,192,982,6,284.0,94.83,1,167.8,86.22,critical,OPEN_SUPPORT
TX_002362,STORE_05,retail_park,CHK_005,16,6,1,new,card,0,8,0,0,109,0,1,0,2,205,993,1,103.3,4.27,0,56.449999999999996,24.58,low,OK
TX_002363,STORE_01,city,CHK_035,10,1,0,regular,card,1,6,0,0,58,0,0,0,0,218,987,0,61.7,0.0,0,34.45,12.4,low,OK
TX_002364,STORE_06,retail_park,CHK_026,21,5,1,new,card,0,10,0,0,133,0,1,0,2,183,1000,1,121.4,6.66,0,66.7,30.25,low,OK
TX_002365,STORE_07,hyper,CHK_019,18,1,0,regular,card,1,10,3,1,142,1,0,0,3,187,1063,10,152.6,92.87,1,102.3,49.96,medium,OPEN_SUPPORT
TX_002366,STORE_06,retail_park,CHK_010,20,6,1,new,gift_card,0,15,1,1,295,1,1,2,2,204,1000,7,265.3,96.93,1,153.65,78.38,critical,OPEN_SUPPORT
TX_002367,STORE_03,mall,CHK_021,12,0,0,new,card,0,3,0,0,58,0,1,0,1,203,994,1,56.6,3.81,0,30.1,9.99,low,OK
TX_002368,STORE_02,city,CHK_012,16,0,0,new,card,0,9,0,0,124,0,1,0,0,201,994,1,111.3,4.49,0,61.05,27.12,low,OK
TX_002369,STORE_04,mall,CHK_023,16,3,0,new,card,0,4,1,0,63,0,1,0,1,188,987,3,66.1,3.2,0,39.449999999999996,15.17,low,OK
TX_002370,STORE_03,mall,CHK_038,9,1,0,new,card,0,6,0,1,133,1,1,0,1,194,994,5,129.6,90.55,1,76.39999999999999,35.62,medium,OPEN_SUPPORT
TX_002371,STORE_07,hyper,CHK_025,12,6,1,new,card,0,11,1,0,165,1,1,0,3,213,1063,3,146.9,57.27,1,84.05,39.86,medium,MONITOR_QUEUE
TX_002372,STORE_01,city,CHK_016,21,3,0,regular,mobile,1,2,0,1,55,0,0,1,0,195,987,4,64.3,4.79,0,41.35,16.22,low,OK
TX_002373,STORE_07,hyper,CHK_012,14,2,0,new,card,0,12,2,0,176,1,1,0,3,201,1063,5,159.3,77.24,1,94.85000000000001,45.83,medium,OPEN_SUPPORT
TX_002374,STORE_07,hyper,CHK_019,12,5,1,regular,gift_card,0,12,1,1,169,1,0,2,3,187,1063,7,164.3,69.73,1,101.35000000000001,49.43,medium,MONITOR_QUEUE
TX_002375,STORE_07,hyper,CHK_027,14,0,0,regular,card,1,14,1,1,179,1,0,0,3,200,1063,6,177.3,90.47,1,109.05000000000001,53.69,medium,OPEN_SUPPORT
TX_002376,STORE_01,city,CHK_003,17,6,1,regular,gift_card,1,11,2,0,98,0,0,2,0,195,987,4,118.6,1.53,0,73.89999999999999,34.24,low,OK
TX_002377,STORE_03,mall,CHK_012,21,6,1,regular,card,1,7,0,0,56,0,0,0,1,201,994,0,60.2,0.0,0,34.300000000000004,12.32,low,OK
TX_002378,STORE_06,retail_park,CHK_035,18,1,0,new,card,0,5,0,0,93,0,1,0,2,218,1000,1,87.7,4.9,0,46.85,19.26,low,OK
TX_002379,STORE_04,mall,CHK_017,19,0,0,regular,card,0,3,1,1,77,0,0,0,1,202,987,7,85.6,13.45,0,56.599999999999994,24.66,low,OK
TX_002380,STORE_03,mall,CHK_014,12,5,1,regular,card,0,6,1,0,70,0,0,0,1,213,994,3,75.8,0.05,0,45.5,18.52,low,OK
TX_002381,STORE_08,hyper,CHK_037,17,5,1,regular,card,0,17,2,0,172,0,0,0,3,194,982,5,163.5,9.57,0,99.95,48.66,medium,WATCH
TX_002382,STORE_08,hyper,CHK_003,16,4,0,regular,card,1,11,1,0,102,0,0,0,3,195,982,2,102.9,0.23,0,62.050000000000004,27.68,low,OK
TX_002383,STORE_04,mall,CHK_026,20,4,0,regular,mobile,0,3,0,1,88,0,0,1,1,183,987,5,92.9,11.61,0,56.25,24.47,low,OK
TX_002384,STORE_03,mall,CHK_002,16,5,1,professional,card,0,4,3,0,73,0,2,0,1,161,994,7,70.8,14.0,0,49.8,20.9,low,OK
TX_002385,STORE_08,hyper,CHK_033,21,4,0,new,card,1,13,0,1,183,1,1,0,3,192,982,4,189.8,95.4,1,110.7,54.61,medium,OPEN_SUPPORT
TX_002386,STORE_01,city,CHK_032,8,5,1,regular,mobile,1,7,2,0,73,0,0,1,0,205,987,4,76.4,0.0,0,50.400000000000006,21.23,low,OK
TX_002387,STORE_04,mall,CHK_023,10,4,0,professional,card,1,14,1,1,173,1,2,0,1,188,987,6,187.4,88.34,1,114.10000000000001,56.49,high,OPEN_SUPPORT
TX_002388,STORE_04,mall,CHK_030,10,0,0,regular,card,0,10,3,0,113,0,0,0,1,197,987,7,111.5,9.69,0,73.75,34.15,low,OK
TX_002389,STORE_02,city,CHK_028,21,5,1,regular,mobile,0,11,0,0,104,0,0,1,0,218,994,1,102.6,1.95,0,57.9,25.38,low,OK
TX_002390,STORE_03,mall,CHK_033,14,1,0,professional,card,1,3,1,0,55,0,2,0,1,192,994,2,53.3,0.34,0,32.449999999999996,11.29,low,OK
TX_002391,STORE_05,retail_park,CHK_009,17,6,1,new,mobile,0,5,1,0,61,0,1,1,2,211,993,3,67.5,3.6,0,40.75,15.89,low,OK
TX_002392,STORE_04,mall,CHK_027,21,6,1,new,card,1,2,0,0,37,0,1,0,1,200,987,0,41.2,0.61,0,21.8,5.4,low,OK
TX_002393,STORE_02,city,CHK_018,17,1,0,regular,card,1,7,0,0,56,0,0,0,0,200,994,0,64.1,0.01,0,36.25,13.4,low,OK
TX_002394,STORE_04,mall,CHK_036,19,5,1,regular,card,0,6,2,0,91,0,0,0,1,205,987,5,86.6,0.33,0,54.9,23.72,low,OK
TX_002395,STORE_04,mall,CHK_035,21,5,1,new,card,1,11,1,0,110,0,1,0,1,218,987,2,118.0,1.64,0,69.6,31.86,low,OK
TX_002396,STORE_05,retail_park,CHK_008,18,5,1,new,mobile,0,4,1,0,66,0,1,1,2,173,993,3,67.0,2.41,0,39.9,15.42,low,OK
TX_002397,STORE_03,mall,CHK_005,9,3,0,new,card,0,12,1,0,127,0,1,0,1,205,994,3,132.3,34.97,0,77.35000000000001,36.15,medium,WATCH
TX_002398,STORE_05,retail_park,CHK_039,9,0,0,regular,gift_card,0,15,1,0,181,0,0,2,2,195,993,3,166.6,4.35,0,96.3,46.64,medium,WATCH
TX_002399,STORE_08,hyper,CHK_016,21,0,0,regular,card,1,15,3,0,129,0,0,0,3,195,982,6,138.8,9.5,0,90.4,43.37,medium,WATCH
TX_002400,STORE_02,city,CHK_033,13,3,0,new,mobile,1,16,1,0,153,0,1,1,0,192,994,2,176.0,6.32,0,101.6,49.57,medium,WATCH
TX_002401,STORE_07,hyper,CHK_008,16,3,0,new,card,1,10,0,0,104,0,1,0,3,173,1063,0,108.6,0.33,0,60.3,26.71,low,OK
TX_002402,STORE_04,mall,CHK_033,21,4,0,regular,card,0,3,0,0,36,0,0,0,1,192,987,1,39.0,0.27,0,21.3,5.12,low,OK
TX_002403,STORE_08,hyper,CHK_032,10,0,0,regular,mobile,1,13,1,0,103,0,0,1,3,205,982,2,115.0,0.09,0,69.3,31.69,low,OK
TX_002404,STORE_06,retail_park,CHK_005,11,2,0,regular,card,0,8,3,0,111,0,0,0,2,205,1000,7,106.6,3.12,0,70.1,32.13,low,OK
TX_002405,STORE_03,mall,CHK_024,11,2,0,new,card,1,3,1,0,52,0,1,0,1,217,994,2,53.8,0.1,0,32.699999999999996,11.43,low,OK
TX_002406,STORE_08,hyper,CHK_017,18,2,0,new,card,0,11,2,0,175,1,1,0,3,202,982,5,154.3,42.05,0,91.75,44.12,medium,WATCH
TX_002407,STORE_01,city,CHK_029,14,3,0,regular,card,1,4,0,0,55,0,0,0,0,211,987,0,46.0,0.01,0,25.4,7.39,low,OK
TX_002408,STORE_04,mall,CHK_037,8,1,0,regular,card,1,7,0,1,121,0,0,0,1,194,987,4,118.4,6.93,0,71.4,32.85,low,OK
TX_002409,STORE_03,mall,CHK_034,12,6,1,new,card,0,15,0,1,238,1,1,0,1,189,994,5,220.9,98.33,1,127.45,63.88,high,OPEN_SUPPORT
TX_002410,STORE_05,retail_park,CHK_016,16,6,1,regular,card,1,7,2,0,69,0,0,0,2,195,993,4,77.3,0.25,0,50.85,21.48,low,OK
TX_002411,STORE_04,mall,CHK_038,14,6,1,regular,card,1,3,1,0,50,0,0,0,1,194,987,2,49.2,0.0,0,30.400000000000002,10.16,low,OK
TX_002412,STORE_06,retail_park,CHK_007,14,4,0,regular,card,0,8,2,3,261,1,0,0,2,217,1000,17,238.1,86.5,1,155.85000000000002,79.6,critical,OPEN_SUPPORT
TX_002413,STORE_06,retail_park,CHK_038,16,4,0,regular,mobile,0,11,0,0,106,0,0,1,2,194,1000,1,103.5,0.92,0,58.35,25.63,low,OK
TX_002414,STORE_03,mall,CHK_024,13,0,0,regular,card,0,10,0,0,123,0,0,0,1,217,994,1,110.3,0.18,0,61.15,27.18,low,OK
TX_002415,STORE_07,hyper,CHK_019,11,0,0,regular,card,1,7,0,1,111,0,0,0,3,187,1063,4,116.4,6.59,0,70.4,32.3,low,OK
TX_002416,STORE_08,hyper,CHK_017,8,2,0,regular,card,0,16,1,0,132,0,0,0,3,202,982,3,137.9,5.11,0,82.55,39.03,medium,WATCH
TX_002417,STORE_08,hyper,CHK_010,15,2,0,regular,card,1,16,0,0,155,0,0,0,3,204,982,0,141.3,0.06,0,80.25,37.75,medium,WATCH
TX_002418,STORE_01,city,CHK_026,13,0,0,new,mobile,1,1,0,0,31,0,1,1,0,183,987,0,30.3,0.0,0,15.75,2.05,low,OK
TX_002419,STORE_07,hyper,CHK_012,8,1,0,new,card,0,8,1,0,108,0,1,0,3,201,1063,3,99.5,5.11,0,58.55,25.74,low,OK
TX_002420,STORE_02,city,CHK_023,8,6,1,regular,card,0,3,0,0,36,0,0,0,0,188,994,1,38.8,0.0,0,21.2,5.07,low,OK
TX_002421,STORE_08,hyper,CHK_035,11,3,0,regular,card,0,7,2,0,87,0,0,0,3,218,982,5,81.5,1.92,0,52.95,22.64,low,OK
TX_002422,STORE_02,city,CHK_025,13,3,0,new,card,1,5,3,0,96,0,1,0,0,213,994,6,89.8,2.79,0,59.9,26.49,low,OK
TX_002423,STORE_08,hyper,CHK_015,17,0,0,regular,card,1,16,0,0,123,0,0,0,3,207,982,0,127.4,0.28,0,73.3,33.91,low,OK
TX_002424,STORE_07,hyper,CHK_031,16,6,1,new,gift_card,0,15,0,0,196,1,1,2,3,194,1063,1,185.8,80.37,1,101.9,49.74,medium,OPEN_SUPPORT
TX_002425,STORE_04,mall,CHK_028,16,1,0,regular,card,0,9,1,0,96,0,0,0,1,218,987,3,96.8,0.42,0,57.8,25.33,low,OK
TX_002426,STORE_06,retail_park,CHK_030,11,6,1,new,card,0,4,1,0,72,0,1,0,2,197,1000,3,67.8,4.07,0,40.3,15.64,low,OK
TX_002427,STORE_02,city,CHK_037,19,5,1,regular,mobile,1,1,1,1,81,0,0,1,0,194,994,6,77.0,7.72,0,51.1,21.62,low,OK
TX_002428,STORE_08,hyper,CHK_024,12,6,1,regular,card,1,11,2,0,118,0,0,0,3,217,982,4,121.3,0.73,0,75.25,34.98,low,OK
TX_002429,STORE_02,city,CHK_014,8,4,0,new,mobile,1,14,1,1,150,0,1,1,0,213,994,6,165.2,46.01,0,103.0,50.35,medium,WATCH
TX_002430,STORE_08,hyper,CHK_016,17,5,1,regular,card,1,12,1,1,146,0,0,0,3,195,982,6,147.4,72.17,1,92.9,44.76,medium,OPEN_SUPPORT
TX_002431,STORE_05,retail_park,CHK_010,9,6,1,regular,card,1,6,1,0,69,0,0,0,2,204,993,2,68.9,0.0,0,42.050000000000004,16.61,low,OK
TX_002432,STORE_01,city,CHK_038,12,1,0,regular,card,0,4,1,1,109,0,0,0,0,194,987,7,107.6,12.92,0,68.2,31.08,low,OK
TX_002433,STORE_02,city,CHK_004,13,0,0,regular,card,0,4,1,1,104,0,0,0,0,219,994,7,104.3,10.07,0,66.55000000000001,30.17,low,OK
TX_002434,STORE_07,hyper,CHK_019,8,4,0,regular,card,1,16,1,1,192,1,0,0,3,187,1063,6,182.7,89.06,1,112.94999999999999,55.85,high,OPEN_SUPPORT
TX_002435,STORE_02,city,CHK_037,14,5,1,new,card,1,1,1,0,37,0,1,0,0,194,994,2,34.8,0.43,0,22.0,5.51,low,OK
TX_002436,STORE_01,city,CHK_005,11,5,1,professional,card,0,4,2,0,64,0,2,0,0,205,987,5,64.4,1.22,0,42.6,16.91,low,OK
TX_002437,STORE_04,mall,CHK_038,19,4,0,regular,card,1,8,1,0,106,0,0,0,1,194,987,2,101.6,0.0,0,59.599999999999994,26.32,low,OK
TX_002438,STORE_01,city,CHK_007,17,2,0,regular,card,1,1,1,1,62,0,0,0,0,217,987,6,66.8,6.35,0,46.0,18.79,low,OK
TX_002439,STORE_04,mall,CHK_022,19,3,0,regular,card,1,9,0,0,87,0,0,0,1,223,987,0,100.6,0.01,0,55.699999999999996,24.16,low,OK
TX_002440,STORE_06,retail_park,CHK_003,14,1,0,new,card,1,13,1,0,179,0,1,0,2,195,1000,2,151.5,5.78,0,87.55,41.79,medium,WATCH
TX_002441,STORE_04,mall,CHK_012,12,1,0,professional,card,0,14,1,0,146,0,2,0,1,201,987,3,152.9,21.24,0,88.85000000000001,42.51,medium,WATCH
TX_002442,STORE_02,city,CHK_015,10,1,0,professional,gift_card,0,3,2,0,67,0,2,2,0,207,994,5,61.4,1.54,0,40.5,15.75,low,OK
TX_002443,STORE_03,mall,CHK_023,9,2,0,regular,card,1,17,1,0,169,0,0,0,1,188,994,2,155.3,0.0,0,91.85000000000001,44.17,medium,WATCH
TX_002444,STORE_03,mall,CHK_020,17,6,1,new,mobile,0,12,1,0,143,0,1,1,1,175,994,3,140.7,23.14,0,81.55,38.47,medium,WATCH
TX_002445,STORE_05,retail_park,CHK_005,14,4,0,regular,card,1,11,1,0,94,0,0,0,2,205,993,2,110.1,0.03,0,65.64999999999999,29.67,low,OK
TX_002446,STORE_05,retail_park,CHK_002,19,4,0,new,card,0,5,0,0,84,0,1,0,2,161,993,1,84.2,4.1,0,45.1,18.3,low,OK
TX_002447,STORE_05,retail_park,CHK_006,16,1,0,regular,card,0,1,0,0,26,0,0,0,2,223,993,1,26.7,0.69,0,13.95,1.05,low,OK
TX_002448,STORE_03,mall,CHK_039,11,5,1,regular,mobile,0,6,3,0,92,0,0,1,1,195,994,7,76.2,4.16,0,53.7,23.06,low,OK
TX_002449,STORE_07,hyper,CHK_007,10,2,0,new,card,1,7,1,0,90,0,1,0,3,217,1063,2,87.0,0.36,0,51.7,21.95,low,OK
TX_002450,STORE_06,retail_park,CHK_001,14,1,0,regular,card,0,5,2,0,74,0,0,0,2,209,1000,5,71.8,0.69,0,46.9,19.29,low,OK
TX_002451,STORE_01,city,CHK_037,14,4,0,regular,card,1,12,0,2,146,0,0,0,0,194,987,8,164.5,72.29,1,105.45,51.7,medium,OPEN_SUPPORT
TX_002452,STORE_01,city,CHK_016,13,5,1,professional,card,1,7,2,0,109,0,2,0,0,195,987,4,100.7,0.69,0,62.550000000000004,27.95,low,OK
TX_002453,STORE_04,mall,CHK_033,21,6,1,regular,mobile,1,14,1,0,130,0,0,1,1,192,987,2,133.5,0.79,0,79.15,37.14,medium,WATCH
TX_002454,STORE_01,city,CHK_006,18,5,1,regular,mobile,1,7,0,0,79,0,0,1,0,223,987,0,81.5,0.0,0,44.95,18.21,low,OK
TX_002455,STORE_06,retail_park,CHK_017,20,4,0,regular,mobile,1,10,0,0,85,0,0,1,2,202,1000,0,98.5,0.37,0,55.25,23.91,low,OK
TX_002456,STORE_02,city,CHK_012,9,3,0,new,card,0,2,0,1,90,1,1,0,0,201,994,5,86.3,89.72,1,52.35,22.31,low,OPEN_SUPPORT
TX_002457,STORE_05,retail_park,CHK_025,15,6,1,regular,mobile,0,9,0,0,87,0,0,1,2,213,993,1,89.5,0.1,0,50.15,21.09,low,OK
TX_002458,STORE_03,mall,CHK_001,8,4,0,regular,card,0,4,1,0,50,0,0,0,1,209,994,3,54.5,0.08,0,33.65,11.96,low,OK
TX_002459,STORE_08,hyper,CHK_030,17,6,1,regular,mobile,1,16,0,0,141,0,0,1,3,197,982,0,126.3,1.27,0,72.75,33.6,low,OK
TX_002460,STORE_06,retail_park,CHK_032,18,5,1,regular,mobile,0,1,0,1,89,0,0,1,2,205,1000,5,83.2,14.19,0,50.2,21.12,low,OK
TX_002461,STORE_06,retail_park,CHK_014,12,1,0,regular,card,1,16,1,0,141,0,0,0,2,213,1000,2,143.4,0.56,0,85.3,40.55,medium,WATCH
TX_002462,STORE_01,city,CHK_001,21,2,0,new,mobile,1,7,2,0,78,0,1,1,0,209,987,4,88.1,1.04,0,56.25,24.47,low,OK
TX_002463,STORE_06,retail_park,CHK_035,12,0,0,professional,card,0,13,6,0,185,1,2,0,2,218,1000,13,146.0,55.97,1,104.8,51.34,medium,MONITOR_QUEUE
TX_002464,STORE_06,retail_park,CHK_028,9,5,1,regular,card,1,5,0,0,50,0,0,0,2,218,1000,0,52.5,0.0,0,29.25,9.52,low,OK
TX_002465,STORE_08,hyper,CHK_014,17,5,1,regular,card,0,17,0,0,133,0,0,0,3,213,982,1,160.0,2.14,0,90.2,43.26,medium,WATCH
TX_002466,STORE_08,hyper,CHK_031,8,2,0,regular,card,1,4,2,0,55,0,0,0,3,194,982,4,57.6,0.0,0,39.199999999999996,15.03,low,OK
TX_002467,STORE_04,mall,CHK_032,19,1,0,regular,card,0,14,0,0,171,0,0,0,1,205,987,1,159.9,4.59,0,88.35000000000001,42.24,medium,WATCH
TX_002468,STORE_03,mall,CHK_007,21,1,0,regular,card,0,7,1,1,105,0,0,0,1,217,994,7,113.2,17.38,0,72.8,33.63,low,OK
TX_002469,STORE_05,retail_park,CHK_013,16,1,0,professional,card,0,5,0,0,53,0,2,0,2,192,993,1,60.7,1.75,0,33.35,11.79,low,OK
TX_002470,STORE_04,mall,CHK_017,13,2,0,regular,card,0,8,0,0,82,0,0,0,1,202,987,1,87.0,0.12,0,48.3,20.07,low,OK
TX_002471,STORE_04,mall,CHK_016,19,4,0,regular,card,0,10,0,0,110,0,0,0,1,195,987,1,113.3,0.95,0,62.65,28.01,low,OK
TX_002472,STORE_05,retail_park,CHK_031,12,5,1,professional,card,1,4,3,0,75,0,2,0,2,194,993,6,67.6,0.57,0,48.199999999999996,20.01,low,OK
TX_002473,STORE_04,mall,CHK_013,13,0,0,regular,card,1,12,0,0,126,0,0,0,1,192,987,0,117.6,0.2,0,66.0,29.86,low,OK
TX_002474,STORE_05,retail_park,CHK_024,15,3,0,new,mobile,0,9,2,0,114,0,1,1,2,217,993,5,122.7,11.0,0,74.75,34.71,low,OK
TX_002475,STORE_04,mall,CHK_035,21,5,1,regular,card,0,1,0,3,107,0,0,0,1,218,987,13,116.3,16.32,0,82.75,39.14,medium,WATCH
TX_002476,STORE_02,city,CHK_035,9,5,1,professional,card,1,9,1,0,104,0,2,0,0,218,994,2,103.3,0.0,0,61.05,27.12,low,OK
TX_002477,STORE_02,city,CHK_019,12,2,0,regular,mobile,1,1,0,0,24,0,0,1,0,187,994,0,25.6,0.01,0,13.4,0.75,low,OK
TX_002478,STORE_05,retail_park,CHK_003,17,3,0,regular,card,1,9,2,1,121,0,0,0,2,195,993,8,136.6,34.14,0,89.7,42.98,medium,WATCH
TX_002479,STORE_06,retail_park,CHK_028,18,1,0,regular,card,1,6,1,0,82,0,0,0,2,218,1000,2,76.6,0.13,0,45.9,18.74,low,OK
TX_002480,STORE_05,retail_park,CHK_031,13,1,0,new,gift_card,1,3,0,0,52,0,1,2,2,194,993,0,52.2,0.0,0,27.900000000000002,8.77,low,OK
TX_002481,STORE_02,city,CHK_004,17,1,0,regular,mobile,0,6,2,0,70,0,0,1,0,219,994,5,73.8,0.48,0,48.5,20.18,low,OK
TX_002482,STORE_05,retail_park,CHK_030,18,6,1,regular,card,1,11,0,1,151,0,0,0,2,197,993,4,176.9,74.83,1,103.05,50.37,medium,OPEN_SUPPORT
TX_002483,STORE_06,retail_park,CHK_014,15,6,1,regular,card,0,8,3,0,95,0,0,0,2,213,1000,7,99.8,2.53,0,66.7,30.25,low,OK
TX_002484,STORE_05,retail_park,CHK_002,17,1,0,professional,mobile,1,14,1,2,205,1,2,1,2,161,993,10,222.7,92.68,1,139.75,70.69,high,OPEN_SUPPORT
TX_002485,STORE_08,hyper,CHK_030,19,3,0,regular,card,0,5,0,0,80,0,0,0,3,197,982,1,76.6,0.51,0,41.3,16.19,low,OK
TX_002486,STORE_02,city,CHK_026,16,3,0,new,card,1,5,2,0,73,0,1,0,0,183,994,4,73.5,0.5,0,47.75,19.76,low,OK
TX_002487,STORE_05,retail_park,CHK_034,19,6,1,regular,card,1,8,2,0,98,0,0,0,2,189,993,4,99.2,0.25,0,62.4,27.87,low,OK
TX_002488,STORE_04,mall,CHK_038,10,3,0,new,card,1,7,0,2,169,1,1,0,1,194,987,8,152.6,59.35,1,96.5,46.75,medium,MONITOR_QUEUE
TX_002489,STORE_03,mall,CHK_005,17,2,0,regular,mobile,1,6,1,0,61,0,0,1,1,205,994,2,63.1,0.01,0,39.15,15.0,low,OK
TX_002490,STORE_05,retail_park,CHK_003,10,0,0,new,card,1,7,0,0,83,0,1,0,2,195,993,0,81.8,0.09,0,45.1,18.3,low,OK
TX_002491,STORE_04,mall,CHK_020,18,1,0,regular,card,1,14,1,0,145,0,0,0,1,175,987,2,144.2,0.2,0,84.5,40.11,medium,WATCH
TX_002492,STORE_08,hyper,CHK_027,20,0,0,regular,card,1,12,0,0,151,0,0,0,3,200,982,0,130.3,0.48,0,72.35000000000001,33.38,low,OK
TX_002493,STORE_02,city,CHK_010,13,3,0,regular,card,1,8,0,0,95,0,0,0,0,204,994,0,83.5,0.01,0,46.55,19.1,low,OK
TX_002494,STORE_02,city,CHK_009,21,5,1,regular,card,0,16,1,0,123,0,0,0,0,211,994,3,136.0,3.83,0,81.6,38.5,medium,WATCH
TX_002495,STORE_08,hyper,CHK_016,18,5,1,regular,card,0,8,0,0,111,0,0,0,3,195,982,1,96.6,0.0,0,53.099999999999994,22.72,low,OK
TX_002496,STORE_01,city,CHK_016,15,6,1,regular,mobile,0,8,0,0,77,0,0,1,0,195,987,1,78.0,0.15,0,43.8,17.58,low,OK
TX_002497,STORE_08,hyper,CHK_005,20,0,0,regular,mobile,0,14,0,0,155,0,0,1,3,205,982,1,150.9,2.37,0,83.85000000000001,39.75,medium,WATCH
TX_002498,STORE_08,hyper,CHK_033,17,6,1,regular,mobile,0,9,3,0,120,0,0,1,3,192,982,7,112.8,5.27,0,73.80000000000001,34.18,low,OK
TX_002499,STORE_04,mall,CHK_036,18,0,0,regular,mobile,1,4,0,1,102,0,0,1,1,205,987,4,97.2,8.7,0,59.0,25.99,low,OK
TX_002500,STORE_06,retail_park,CHK_036,18,0,0,regular,card,0,9,1,1,155,0,0,0,2,205,1000,7,155.3,51.11,1,95.05000000000001,45.95,medium,MONITOR_QUEUE
TX_002501,STORE_06,retail_park,CHK_006,17,3,0,regular,mobile,1,8,1,0,64,0,0,1,2,223,1000,2,68.5,0.01,0,43.05,17.16,low,OK
TX_002502,STORE_06,retail_park,CHK_017,14,2,0,new,card,1,4,1,0,68,0,1,0,2,202,1000,2,67.5,0.24,0,40.15,15.55,low,OK
TX_002503,STORE_04,mall,CHK_023,13,5,1,new,mobile,1,2,0,0,38,0,1,1,1,188,987,0,40.4,0.0,0,21.4,5.18,low,OK
TX_002504,STORE_06,retail_park,CHK_039,17,1,0,professional,card,0,10,1,0,96,0,2,0,2,195,1000,3,104.4,3.74,0,62.2,27.76,low,OK
TX_002505,STORE_05,retail_park,CHK_002,11,0,0,new,card,1,16,2,0,160,0,1,0,2,161,993,4,166.6,3.07,0,100.89999999999999,49.18,medium,WATCH
TX_002506,STORE_03,mall,CHK_031,13,6,1,regular,card,1,14,1,0,136,0,0,0,1,194,994,2,138.7,0.72,0,81.75,38.58,medium,WATCH
TX_002507,STORE_05,retail_park,CHK_037,8,5,1,new,card,1,12,1,0,135,0,1,0,2,194,993,2,130.7,1.48,0,76.55,35.7,medium,WATCH
TX_002508,STORE_08,hyper,CHK_017,16,4,0,regular,card,1,13,0,0,96,0,0,0,3,202,982,0,107.7,0.2,0,61.65,27.46,low,OK
TX_002509,STORE_06,retail_park,CHK_020,19,0,0,regular,card,0,9,4,0,141,0,0,0,2,175,1000,9,134.9,8.03,0,88.85000000000001,42.51,medium,WATCH
TX_002510,STORE_04,mall,CHK_028,19,0,0,regular,card,0,7,1,0,104,0,0,0,1,218,987,3,99.8,0.03,0,58.1,25.49,low,OK
TX_002511,STORE_07,hyper,CHK_027,8,6,1,regular,card,1,18,1,0,127,0,0,0,3,200,1063,2,150.8,0.4,0,90.2,43.26,medium,WATCH
TX_002512,STORE_01,city,CHK_029,17,6,1,regular,card,1,14,0,0,100,0,0,0,0,211,987,0,114.2,0.17,0,65.5,29.59,low,OK
TX_002513,STORE_05,retail_park,CHK_019,9,1,0,regular,card,0,3,2,0,58,0,0,0,2,187,993,5,57.3,0.26,0,38.449999999999996,14.61,low,OK
TX_002514,STORE_03,mall,CHK_037,19,3,0,professional,card,1,10,1,0,111,0,2,0,1,194,994,2,123.5,0.71,0,71.75,33.05,low,OK
TX_002515,STORE_08,hyper,CHK_023,11,4,0,new,card,1,14,0,0,157,0,1,0,3,188,982,0,148.9,1.72,0,82.85000000000001,39.19,medium,WATCH
TX_002516,STORE_08,hyper,CHK_026,20,0,0,new,card,1,11,0,0,116,0,1,0,3,183,982,0,127.4,1.9,0,70.3,32.24,low,OK
TX_002517,STORE_02,city,CHK_033,16,6,1,regular,card,1,13,0,0,115,0,0,0,0,192,994,0,118.8,0.05,0,67.2,30.53,low,OK
TX_002518,STORE_06,retail_park,CHK_010,14,6,1,professional,card,0,5,0,0,67,0,2,0,2,204,1000,1,71.2,1.67,0,38.6,14.7,low,OK
TX_002519,STORE_02,city,CHK_011,20,4,0,regular,card,0,9,0,0,110,0,0,0,0,179,994,1,103.2,0.62,0,57.0,24.88,low,OK
TX_002520,STORE_04,mall,CHK_030,12,4,0,regular,card,1,10,0,0,108,0,0,0,1,197,987,0,105.5,0.05,0,58.75,25.85,low,OK
TX_002521,STORE_04,mall,CHK_023,18,2,0,regular,card,0,9,2,1,174,1,0,0,1,188,987,9,163.6,74.04,1,103.2,50.46,medium,OPEN_SUPPORT
TX_002522,STORE_01,city,CHK_011,10,1,0,professional,card,0,9,0,1,158,0,2,0,0,179,987,5,139.4,42.88,0,83.10000000000001,39.33,medium,WATCH
TX_002523,STORE_02,city,CHK_012,13,0,0,regular,card,0,1,1,0,35,0,0,0,0,201,994,3,34.1,0.11,0,21.650000000000002,5.31,low,OK
TX_002524,STORE_02,city,CHK_040,8,1,0,regular,card,1,9,1,0,90,0,0,0,0,193,994,2,82.0,0.0,0,50.4,21.23,low,OK
TX_002525,STORE_07,hyper,CHK_040,8,2,0,regular,card,1,11,1,0,86,0,0,0,3,193,1063,2,100.8,0.0,0,61.0,27.1,low,OK
TX_002526,STORE_07,hyper,CHK_001,15,0,0,regular,card,1,14,0,0,95,0,0,0,3,209,1063,0,109.4,0.0,0,63.1,28.26,low,OK
TX_002527,STORE_04,mall,CHK_015,8,6,1,regular,card,0,6,1,0,67,0,0,0,1,207,987,3,69.4,0.02,0,42.300000000000004,16.75,low,OK
TX_002528,STORE_07,hyper,CHK_023,16,1,0,professional,card,0,9,3,0,121,0,2,0,3,188,1063,7,120.9,17.29,0,77.85000000000001,36.42,medium,WATCH
TX_002529,STORE_08,hyper,CHK_024,18,2,0,regular,gift_card,1,14,0,0,136,0,0,2,3,217,982,0,144.6,0.4,0,80.7,38.0,medium,WATCH
TX_002530,STORE_05,retail_park,CHK_010,20,0,0,regular,card,1,9,0,0,112,0,0,0,2,204,993,0,108.7,0.46,0,59.75,26.4,low,OK
TX_002531,STORE_07,hyper,CHK_030,15,2,0,new,card,0,11,1,1,160,1,1,0,3,197,1063,7,163.0,98.28,1,100.1,48.74,medium,OPEN_SUPPORT
TX_002532,STORE_05,retail_park,CHK_011,14,0,0,regular,mobile,0,4,2,0,67,0,0,1,2,179,993,5,67.7,0.3,0,44.25,17.82,low,OK
TX_002533,STORE_05,retail_park,CHK_018,8,6,1,regular,card,1,11,2,0,102,0,0,0,2,200,993,4,113.5,0.65,0,71.35,32.83,low,OK
TX_002534,STORE_05,retail_park,CHK_012,20,4,0,new,card,0,4,0,0,72,0,1,0,2,201,993,1,72.1,7.42,0,38.449999999999996,14.61,low,OK
TX_002535,STORE_04,mall,CHK_012,16,3,0,new,card,0,12,1,0,134,0,1,0,1,201,987,3,135.2,37.89,0,78.8,36.95,medium,WATCH
TX_002536,STORE_08,hyper,CHK_024,17,4,0,new,mobile,1,9,1,1,139,0,1,1,3,217,982,6,142.4,33.13,0,88.60000000000001,42.37,medium,WATCH
TX_002537,STORE_06,retail_park,CHK_005,20,2,0,new,card,1,6,0,0,79,0,1,0,2,205,1000,0,85.9,0.29,0,46.550000000000004,19.1,low,OK
TX_002538,STORE_04,mall,CHK_035,9,1,0,regular,card,0,9,1,0,105,0,0,0,1,218,987,3,92.7,0.25,0,55.75,24.19,low,OK
TX_002539,STORE_02,city,CHK_029,13,2,0,regular,card,0,11,1,0,147,0,0,0,0,211,994,3,129.1,2.2,0,75.14999999999999,34.93,low,OK
TX_002540,STORE_01,city,CHK_011,17,6,1,new,mobile,0,1,2,0,39,0,1,1,0,179,987,5,41.9,5.13,0,29.55,9.69,low,OK
TX_002541,STORE_04,mall,CHK_003,17,1,0,new,card,1,12,0,0,141,0,1,0,1,195,987,0,121.9,1.25,0,68.15,31.05,low,OK
TX_002542,STORE_06,retail_park,CHK_039,9,3,0,regular,card,0,3,0,0,37,0,0,0,2,195,1000,1,39.7,0.0,0,21.650000000000002,5.31,low,OK
TX_002543,STORE_07,hyper,CHK_014,8,0,0,regular,card,0,5,0,0,54,0,0,0,3,213,1063,1,54.7,0.4,0,30.35,10.13,low,OK
TX_002544,STORE_08,hyper,CHK_023,15,4,0,regular,card,0,14,1,0,142,0,0,0,3,188,982,3,141.9,2.92,0,83.35000000000001,39.47,medium,WATCH
TX_002545,STORE_06,retail_park,CHK_036,11,3,0,new,card,1,11,1,0,105,0,1,0,2,205,1000,2,119.0,1.11,0,70.1,32.13,low,OK
TX_002546,STORE_06,retail_park,CHK_002,17,1,0,new,card,0,6,1,1,119,1,1,0,2,161,1000,7,116.9,95.34,1,74.05,34.32,low,OPEN_SUPPORT
TX_002547,STORE_02,city,CHK_006,11,5,1,regular,card,1,5,0,1,83,0,0,0,0,223,994,4,91.6,6.23,0,56.8,24.77,low,OK
TX_002548,STORE_04,mall,CHK_034,15,5,1,regular,mobile,1,5,1,0,61,0,0,1,1,189,987,2,59.2,0.0,0,36.6,13.59,low,OK
TX_002549,STORE_03,mall,CHK_002,16,2,0,regular,card,1,3,3,0,52,0,0,0,1,161,994,6,55.0,1.36,0,41.3,16.19,low,OK
TX_002550,STORE_05,retail_park,CHK_009,19,3,0,new,card,0,4,5,0,102,1,1,0,2,211,993,11,80.0,68.48,1,62.4,27.87,low,MONITOR_QUEUE
TX_002551,STORE_02,city,CHK_009,16,4,0,new,card,0,10,0,1,126,1,1,0,0,211,994,5,167.7,88.45,1,97.85,47.5,medium,OPEN_SUPPORT
TX_002552,STORE_07,hyper,CHK_015,12,4,0,new,card,0,14,1,1,229,1,1,0,3,207,1063,7,218.1,99.12,1,129.45,64.99,high,OPEN_SUPPORT
TX_002553,STORE_04,mall,CHK_038,17,4,0,new,gift_card,1,11,1,1,191,1,1,2,1,194,987,6,178.1,86.81,1,107.64999999999999,52.92,medium,OPEN_SUPPORT
TX_002554,STORE_06,retail_park,CHK_021,16,4,0,regular,mobile,1,6,1,0,57,0,0,1,2,203,1000,2,61.8,0.03,0,38.5,14.64,low,OK
TX_002555,STORE_04,mall,CHK_014,19,1,0,regular,card,1,4,1,1,106,0,0,0,1,213,987,6,107.0,8.85,0,67.9,30.92,low,OK
TX_002556,STORE_04,mall,CHK_030,20,1,0,professional,card,1,7,1,0,88,0,2,0,1,197,987,2,93.3,0.46,0,54.85,23.69,low,OK
TX_002557,STORE_02,city,CHK_004,13,4,0,regular,card,0,12,0,0,142,0,0,0,0,219,994,1,129.6,2.36,0,72.0,33.19,low,OK
TX_002558,STORE_02,city,CHK_020,10,1,0,professional,card,0,13,0,0,147,0,2,0,0,175,994,1,136.9,12.88,0,76.25,35.54,medium,WATCH
TX_002559,STORE_04,mall,CHK_024,18,2,0,new,gift_card,1,13,0,1,226,1,1,2,1,217,987,4,221.3,93.36,1,126.45,63.33,high,OPEN_SUPPORT
TX_002560,STORE_05,retail_park,CHK_003,12,6,1,new,card,0,12,0,0,142,0,1,0,2,195,993,1,146.9,23.95,0,80.65,37.97,medium,WATCH
TX_002561,STORE_06,retail_park,CHK_008,12,6,1,regular,card,1,18,0,0,190,0,0,0,2,173,1000,0,174.7,0.34,0,98.14999999999999,47.66,medium,WATCH
TX_002562,STORE_04,mall,CHK_024,9,5,1,regular,gift_card,1,2,1,0,38,0,0,2,1,217,987,2,37.6,0.0,0,24.0,6.62,low,OK
TX_002563,STORE_02,city,CHK_020,20,2,0,regular,card,1,8,0,0,98,0,0,0,0,175,994,0,96.3,0.03,0,52.949999999999996,22.64,low,OK
TX_002564,STORE_03,mall,CHK_024,8,0,0,regular,card,0,13,1,0,106,0,0,0,1,217,994,3,120.4,3.25,0,72.0,33.19,low,OK
TX_002565,STORE_01,city,CHK_027,9,0,0,regular,card,1,2,1,0,34,0,0,0,0,200,987,2,35.7,0.0,0,23.05,6.09,low,OK
TX_002566,STORE_03,mall,CHK_022,13,1,0,regular,mobile,0,8,0,1,129,0,0,1,1,223,994,5,131.6,8.55,0,78.6,36.84,medium,WATCH
TX_002567,STORE_07,hyper,CHK_002,17,5,1,regular,card,1,10,0,0,100,0,0,0,3,161,1063,0,93.7,0.0,0,52.85,22.59,low,OK
TX_002568,STORE_01,city,CHK_032,18,2,0,new,card,1,5,0,0,73,0,1,0,0,205,987,0,75.1,0.16,0,40.55,15.78,low,OK
TX_002569,STORE_05,retail_park,CHK_019,14,6,1,regular,card,1,2,3,0,51,0,0,0,2,187,993,6,50.0,0.25,0,38.2,14.48,low,OK
TX_002570,STORE_03,mall,CHK_007,17,6,1,regular,card,0,7,0,0,60,0,0,0,1,217,994,1,73.0,0.0,0,40.7,15.86,low,OK
TX_002571,STORE_07,hyper,CHK_016,20,1,0,regular,card,1,4,1,0,62,0,0,0,3,195,1063,2,60.8,0.01,0,36.8,13.7,low,OK
TX_002572,STORE_03,mall,CHK_033,12,2,0,new,card,1,1,0,0,33,0,1,0,1,192,994,0,29.6,0.29,0,15.4,1.85,low,OK
TX_002573,STORE_06,retail_park,CHK_003,8,6,1,regular,mobile,1,10,0,0,97,0,0,1,2,195,1000,0,85.2,0.0,0,48.6,20.23,low,OK
TX_002574,STORE_02,city,CHK_033,17,5,1,professional,card,0,13,1,0,157,0,2,0,0,192,994,3,145.5,18.38,0,84.55,40.13,medium,WATCH
TX_002575,STORE_03,mall,CHK_011,17,1,0,regular,card,0,12,0,0,93,0,0,0,1,179,994,1,102.4,3.55,0,58.400000000000006,25.66,low,OK
TX_002576,STORE_04,mall,CHK_014,8,5,1,professional,card,0,8,1,0,92,0,2,0,1,213,987,3,93.4,1.01,0,55.5,24.05,low,OK
TX_002577,STORE_03,mall,CHK_010,19,6,1,regular,card,0,3,2,0,68,0,0,0,1,204,994,5,61.7,0.0,0,40.65,15.83,low,OK
TX_002578,STORE_08,hyper,CHK_007,20,3,0,regular,card,1,14,2,0,148,0,0,0,3,217,982,4,148.8,1.28,0,90.80000000000001,43.59,medium,WATCH
TX_002579,STORE_03,mall,CHK_027,17,0,0,regular,card,1,6,1,1,124,0,0,0,1,200,994,6,120.8,7.77,0,76.0,35.4,medium,WATCH
TX_002580,STORE_07,hyper,CHK_021,17,4,0,regular,card,0,10,1,0,96,0,0,0,3,203,1063,3,97.2,0.89,0,58.6,25.77,low,OK
TX_002581,STORE_03,mall,CHK_004,11,0,0,professional,card,0,10,1,0,124,0,2,0,1,219,994,3,114.2,2.01,0,67.1,30.47,low,OK
TX_002582,STORE_04,mall,CHK_018,14,1,0,new,card,0,11,0,0,163,1,1,0,1,200,987,1,147.8,46.6,0,80.5,37.89,medium,WATCH
TX_002583,STORE_02,city,CHK_033,15,0,0,regular,card,0,8,0,0,68,0,0,0,0,192,994,1,84.2,0.16,0,46.9,19.29,low,OK
TX_002584,STORE_02,city,CHK_001,15,1,0,regular,card,1,9,2,0,77,0,0,0,0,209,994,4,91.4,0.49,0,59.1,26.04,low,OK
TX_002585,STORE_02,city,CHK_006,13,1,0,professional,gift_card,0,12,1,0,146,0,2,2,0,223,994,3,141.5,9.48,0,81.95,38.69,medium,WATCH
TX_002586,STORE_06,retail_park,CHK_013,15,1,0,professional,card,1,14,0,0,126,0,2,0,2,192,1000,0,134.6,1.46,0,75.7,35.23,medium,WATCH
TX_002587,STORE_07,hyper,CHK_027,18,2,0,regular,card,0,17,1,0,183,0,0,0,3,200,1063,3,180.5,4.64,0,104.45,51.15,medium,WATCH
TX_002588,STORE_06,retail_park,CHK_005,17,3,0,new,card,0,7,0,1,123,1,1,0,2,205,1000,5,127.5,91.56,1,75.95,35.37,medium,OPEN_SUPPORT
TX_002589,STORE_02,city,CHK_039,21,2,0,regular,card,0,6,1,0,67,0,0,0,0,195,994,3,68.7,0.3,0,41.95,16.55,low,OK
TX_002590,STORE_03,mall,CHK_019,15,4,0,new,gift_card,0,14,1,0,173,1,1,2,1,187,994,3,182.8,66.12,1,103.80000000000001,50.79,medium,MONITOR_QUEUE
TX_002591,STORE_06,retail_park,CHK_035,14,3,0,professional,card,1,10,0,1,142,0,2,0,2,218,1000,4,146.5,51.16,1,87.25,41.63,medium,MONITOR_QUEUE
TX_002592,STORE_06,retail_park,CHK_019,15,2,0,new,card,0,10,1,0,131,0,1,0,2,187,1000,3,118.9,7.99,0,69.45,31.77,low,OK
TX_002593,STORE_08,hyper,CHK_011,17,4,0,regular,card,0,14,1,0,145,0,0,0,3,179,982,3,142.0,3.03,0,83.4,39.5,medium,WATCH
TX_002594,STORE_07,hyper,CHK_013,19,1,0,regular,card,0,12,0,0,141,0,0,0,3,192,1063,1,135.0,2.73,0,74.7,34.68,low,OK
TX_002595,STORE_08,hyper,CHK_006,21,6,1,regular,card,1,16,0,1,200,1,0,0,3,223,982,4,201.4,92.35,1,118.3,58.82,high,OPEN_SUPPORT
TX_002596,STORE_05,retail_park,CHK_006,10,5,1,regular,card,1,11,0,1,171,1,0,0,2,223,993,4,156.8,66.97,1,93.0,44.81,medium,MONITOR_QUEUE
TX_002597,STORE_04,mall,CHK_032,18,5,1,professional,mobile,1,12,0,0,111,0,2,1,1,205,987,0,129.6,0.29,0,72.0,33.19,low,OK
TX_002598,STORE_04,mall,CHK_023,14,2,0,regular,card,1,15,0,0,159,0,0,0,1,188,987,0,144.3,0.0,0,81.15,38.25,medium,WATCH
TX_002599,STORE_02,city,CHK_035,18,6,1,new,card,1,6,0,1,134,0,1,0,0,218,994,4,125.0,10.56,0,74.1,34.35,low,OK
TX_002600,STORE_02,city,CHK_020,8,2,0,regular,card,1,13,0,0,89,0,0,0,0,175,994,0,105.1,0.0,0,60.349999999999994,26.74,low,OK
TX_002601,STORE_02,city,CHK_032,21,4,0,regular,card,1,6,0,0,50,0,0,0,0,205,994,0,57.0,0.3,0,32.1,11.1,low,OK
TX_002602,STORE_08,hyper,CHK_007,15,3,0,regular,mobile,1,11,1,0,83,0,0,1,3,217,982,2,95.2,0.07,0,58.2,25.55,low,OK
TX_002603,STORE_03,mall,CHK_038,21,5,1,professional,card,1,18,0,0,137,0,2,0,1,194,994,0,210.8,0.89,0,116.2,57.65,high,MONITOR_QUEUE
TX_002604,STORE_02,city,CHK_006,19,3,0,new,mobile,0,4,1,0,73,0,1,1,0,223,994,3,71.2,3.8,0,42.0,16.58,low,OK
TX_002605,STORE_05,retail_park,CHK_024,11,0,0,regular,gift_card,0,9,0,0,109,0,0,2,2,217,993,1,99.8,0.52,0,55.3,23.94,low,OK
TX_002606,STORE_08,hyper,CHK_035,21,2,0,regular,card,1,11,0,0,100,0,0,0,3,218,982,0,98.4,0.0,0,55.800000000000004,24.22,low,OK
TX_002607,STORE_01,city,CHK_025,10,3,0,new,card,1,7,1,0,87,0,1,0,0,213,987,2,85.2,0.0,0,50.800000000000004,21.45,low,OK
TX_002608,STORE_01,city,CHK_009,20,0,0,regular,card,1,11,1,0,144,0,0,0,0,211,987,2,126.1,0.0,0,73.64999999999999,34.1,low,OK
TX_002609,STORE_04,mall,CHK_012,12,2,0,regular,card,1,13,1,0,123,0,0,0,1,201,987,2,126.2,0.15,0,74.89999999999999,34.79,low,OK
TX_002610,STORE_05,retail_park,CHK_012,21,1,0,new,gift_card,1,11,1,0,131,0,1,2,2,201,993,2,123.2,2.41,0,72.19999999999999,33.3,low,OK
TX_002611,STORE_04,mall,CHK_037,16,3,0,new,card,1,10,2,1,163,1,1,0,1,194,987,8,164.6,85.75,1,104.3,51.07,medium,OPEN_SUPPORT
TX_002612,STORE_05,retail_park,CHK_020,10,5,1,new,card,1,8,0,0,87,0,1,0,2,175,993,0,87.4,0.05,0,48.5,20.18,low,OK
TX_002613,STORE_03,mall,CHK_039,12,5,1,regular,card,0,4,1,0,65,0,0,0,1,195,994,3,59.0,0.09,0,35.9,13.2,low,OK
TX_002614,STORE_07,hyper,CHK_015,9,6,1,regular,card,0,16,0,0,116,0,0,0,3,207,1063,1,131.2,1.93,0,75.19999999999999,34.96,low,OK
TX_002615,STORE_01,city,CHK_022,15,2,0,new,mobile,1,5,0,0,63,0,1,1,0,223,987,0,67.8,0.0,0,36.9,13.76,low,OK
TX_002616,STORE_07,hyper,CHK_039,20,1,0,regular,mobile,0,15,0,0,144,0,0,1,3,195,1063,1,152.0,4.83,0,85.0,40.38,medium,WATCH
TX_002617,STORE_05,retail_park,CHK_036,16,3,0,new,card,0,13,1,0,123,0,1,0,2,205,993,3,140.6,57.43,1,82.1,38.78,medium,MONITOR_QUEUE
TX_002618,STORE_05,retail_park,CHK_004,8,4,0,new,mobile,0,6,1,0,80,0,1,1,2,219,993,3,80.2,2.37,0,47.7,19.73,low,OK
TX_002619,STORE_08,hyper,CHK_038,18,2,0,regular,card,1,16,1,1,191,1,0,0,3,194,982,6,196.7,96.1,1,119.94999999999999,59.73,high,OPEN_SUPPORT
TX_002620,STORE_08,hyper,CHK_005,21,0,0,regular,card,0,8,0,0,83,0,0,0,3,205,982,1,80.4,0.5,0,45.0,18.24,low,OK
TX_002621,STORE_01,city,CHK_017,20,1,0,new,card,0,11,0,0,139,0,1,0,0,202,987,1,146.1,34.77,0,79.64999999999999,37.42,medium,WATCH
TX_002622,STORE_05,retail_park,CHK_006,11,6,1,regular,card,1,1,0,0,22,0,0,0,2,223,993,0,24.2,0.0,0,12.7,0.36,low,OK
TX_002623,STORE_01,city,CHK_027,16,1,0,regular,card,0,11,2,1,134,0,0,0,0,200,987,9,142.3,69.59,1,93.75,45.23,medium,MONITOR_QUEUE
TX_002624,STORE_07,hyper,CHK_011,21,5,1,regular,card,0,8,0,1,125,0,0,0,3,179,1063,5,123.6,25.21,0,74.6,34.62,low,OK
TX_002625,STORE_02,city,CHK_036,14,1,0,regular,card,1,3,2,0,61,0,0,0,0,205,994,4,59.2,0.07,0,39.4,15.14,low,OK
TX_002626,STORE_07,hyper,CHK_031,8,6,1,regular,card,1,16,0,0,109,0,0,0,3,194,1063,0,125.7,0.16,0,72.45,33.43,low,OK
TX_002627,STORE_05,retail_park,CHK_012,17,2,0,regular,card,0,9,0,0,83,0,0,0,2,201,993,1,87.8,0.28,0,49.3,20.62,low,OK
TX_002628,STORE_03,mall,CHK_023,8,5,1,regular,mobile,1,5,0,1,99,0,0,1,1,188,994,4,98.0,5.69,0,60.0,26.54,low,OK
TX_002629,STORE_02,city,CHK_014,21,1,0,professional,mobile,0,6,1,0,75,0,2,1,0,213,994,3,78.2,1.26,0,46.7,19.18,low,OK
TX_002630,STORE_04,mall,CHK_038,11,5,1,professional,mobile,1,4,2,0,53,0,2,1,1,194,987,4,63.3,0.06,0,42.05,16.61,low,OK
TX_002631,STORE_07,hyper,CHK_011,21,4,0,regular,card,1,11,1,1,167,1,0,0,3,179,1063,6,158.3,80.65,1,97.75,47.44,medium,OPEN_SUPPORT
TX_002632,STORE_07,hyper,CHK_007,19,1,0,regular,card,1,16,0,0,172,0,0,0,3,217,1063,0,161.6,0.0,0,90.39999999999999,43.37,medium,WATCH
TX_002633,STORE_05,retail_park,CHK_003,18,4,0,regular,card,1,9,2,0,122,0,0,0,2,195,993,4,115.1,1.24,0,70.95,32.6,low,OK
TX_002634,STORE_05,retail_park,CHK_036,9,3,0,regular,mobile,1,1,3,0,34,0,0,1,2,205,993,6,38.6,0.06,0,31.900000000000002,10.99,low,OK
TX_002635,STORE_01,city,CHK_002,18,0,0,regular,card,0,2,1,0,51,0,0,0,0,161,987,3,49.1,0.18,0,29.75,9.8,low,OK
TX_002636,STORE_01,city,CHK_006,12,3,0,regular,mobile,1,4,4,2,140,1,0,1,0,223,987,16,154.8,89.69,1,111.80000000000001,55.22,high,OPEN_SUPPORT
TX_002637,STORE_07,hyper,CHK_019,21,1,0,professional,card,1,8,3,1,114,1,2,0,3,187,1063,10,131.2,88.74,1,90.39999999999999,43.37,medium,OPEN_SUPPORT
TX_002638,STORE_05,retail_park,CHK_003,11,1,0,regular,card,0,7,0,0,81,0,0,0,2,195,993,1,77.8,0.1,0,43.1,17.19,low,OK
TX_002639,STORE_04,mall,CHK_029,15,4,0,professional,card,1,4,1,1,106,0,2,0,1,211,987,6,110.5,11.05,0,69.65,31.88,low,OK
TX_002640,STORE_01,city,CHK_022,21,1,0,regular,card,1,7,0,0,56,0,0,0,0,223,987,0,61.2,0.01,0,34.800000000000004,12.59,low,OK
TX_002641,STORE_04,mall,CHK_017,20,2,0,professional,card,0,10,0,0,149,0,2,0,1,202,987,1,136.6,4.67,0,74.3,34.46,low,OK
TX_002642,STORE_02,city,CHK_037,21,3,0,new,card,1,8,2,1,132,0,1,0,0,194,994,8,143.7,49.31,0,92.64999999999999,44.62,medium,WATCH
TX_002643,STORE_01,city,CHK_014,10,0,0,regular,card,1,7,2,0,76,0,0,0,0,213,987,4,77.4,0.15,0,50.900000000000006,21.51,low,OK
TX_002644,STORE_07,hyper,CHK_013,11,5,1,regular,gift_card,1,14,1,0,114,0,0,2,3,192,1063,2,116.8,1.02,0,70.8,32.52,low,OK
TX_002645,STORE_01,city,CHK_011,9,2,0,regular,card,1,12,0,0,119,0,0,0,0,179,987,0,103.5,0.31,0,58.95,25.96,low,OK
TX_002646,STORE_05,retail_park,CHK_019,10,2,0,regular,mobile,0,8,1,0,89,0,0,1,2,187,993,3,87.0,0.03,0,52.3,22.28,low,OK
TX_002647,STORE_07,hyper,CHK_006,16,5,1,new,card,0,11,0,0,145,0,1,0,3,223,1063,1,134.5,14.94,0,73.85,34.21,low,OK
TX_002648,STORE_07,hyper,CHK_017,9,2,0,new,card,1,9,0,1,145,0,1,0,3,202,1063,4,142.3,26.95,0,84.55000000000001,40.13,medium,WATCH
TX_002649,STORE_03,mall,CHK_034,11,0,0,regular,mobile,0,18,1,0,132,0,0,1,1,189,994,3,158.0,3.68,0,93.8,45.25,medium,WATCH
TX_002650,STORE_08,hyper,CHK_036,15,4,0,regular,card,1,13,0,0,118,0,0,0,3,205,982,0,115.5,0.19,0,65.55,29.62,low,OK
TX_002651,STORE_01,city,CHK_008,20,4,0,regular,mobile,0,5,1,0,81,0,0,1,0,173,987,3,74.6,0.36,0,44.3,17.85,low,OK
TX_002652,STORE_01,city,CHK_009,17,0,0,regular,card,1,18,1,0,173,0,0,0,0,211,987,2,153.5,0.0,0,91.55,44.01,medium,WATCH
TX_002653,STORE_07,hyper,CHK_009,12,1,0,new,card,1,13,2,1,213,1,1,0,3,211,1063,8,206.3,93.13,1,126.95,63.6,high,OPEN_SUPPORT
TX_002654,STORE_04,mall,CHK_029,11,1,0,regular,card,1,6,1,0,65,0,0,0,1,211,987,2,70.5,0.0,0,42.85,17.05,low,OK
TX_002655,STORE_03,mall,CHK_014,18,1,0,professional,mobile,1,7,0,1,128,0,2,1,1,213,994,4,128.2,6.38,0,76.3,35.57,medium,WATCH
TX_002656,STORE_03,mall,CHK_002,19,6,1,regular,mobile,1,11,0,1,176,1,0,1,1,161,994,4,168.4,83.81,1,98.8,48.02,medium,OPEN_SUPPORT
TX_002657,STORE_07,hyper,CHK_015,10,6,1,regular,card,1,11,0,1,121,0,0,0,3,207,1063,4,139.0,49.91,0,84.1,39.88,medium,WATCH
TX_002658,STORE_07,hyper,CHK_028,15,3,0,regular,mobile,0,9,2,0,104,0,0,1,3,218,1063,5,99.3,1.25,0,63.05,28.23,low,OK
TX_002659,STORE_08,hyper,CHK_037,12,4,0,new,mobile,1,13,0,0,157,0,1,1,3,194,982,0,152.6,1.83,0,84.1,39.88,medium,WATCH
TX_002660,STORE_01,city,CHK_022,14,4,0,regular,mobile,1,1,0,0,24,0,0,1,0,223,987,0,24.1,0.0,0,12.65,0.33,low,OK
TX_002661,STORE_06,retail_park,CHK_038,18,2,0,regular,card,1,6,1,0,81,0,0,0,2,194,1000,2,79.4,0.01,0,47.300000000000004,19.51,low,OK
TX_002662,STORE_03,mall,CHK_011,11,1,0,regular,card,0,6,1,0,69,0,0,0,1,179,994,3,69.9,0.0,0,42.550000000000004,16.88,low,OK
TX_002663,STORE_05,retail_park,CHK_017,17,0,0,professional,card,1,1,2,0,39,0,2,0,2,202,993,4,42.3,0.1,0,29.75,9.8,low,OK
TX_002664,STORE_04,mall,CHK_030,12,3,0,regular,card,1,6,1,0,84,0,0,0,1,197,987,2,71.3,0.01,0,43.25,17.27,low,OK
TX_002665,STORE_01,city,CHK_007,8,5,1,new,card,0,9,2,0,124,0,1,0,0,217,987,5,118.0,7.45,0,72.4,33.41,low,OK
TX_002666,STORE_07,hyper,CHK_020,11,6,1,regular,card,1,12,2,0,115,0,0,0,3,175,1063,4,116.6,1.13,0,73.5,34.02,low,OK
TX_002667,STORE_07,hyper,CHK_001,9,2,0,regular,card,0,8,1,1,113,0,0,0,3,209,1063,7,121.6,20.03,0,77.6,36.29,medium,WATCH
TX_002668,STORE_05,retail_park,CHK_032,15,1,0,regular,card,0,10,0,0,87,0,0,0,2,205,993,1,90.8,0.8,0,51.4,21.78,low,OK
TX_002669,STORE_04,mall,CHK_040,17,4,0,regular,mobile,0,11,2,0,124,0,0,1,1,193,987,5,119.4,1.9,0,74.3,34.46,low,OK
TX_002670,STORE_03,mall,CHK_029,8,5,1,professional,card,1,5,1,0,72,0,2,0,1,211,994,2,63.8,0.14,0,38.9,14.86,low,OK
TX_002671,STORE_05,retail_park,CHK_030,17,6,1,regular,card,0,9,2,0,115,0,0,0,2,197,993,5,98.0,2.22,0,62.4,27.87,low,OK
TX_002672,STORE_01,city,CHK_030,16,5,1,professional,card,1,9,1,0,109,0,2,0,0,197,987,2,102.7,0.38,0,60.75,26.96,low,OK
TX_002673,STORE_07,hyper,CHK_027,10,6,1,regular,mobile,1,14,0,0,125,0,0,1,3,200,1063,0,118.8,0.38,0,67.8,30.86,low,OK
TX_002674,STORE_05,retail_park,CHK_021,14,0,0,regular,card,1,9,0,0,84,0,0,0,2,203,993,0,87.6,0.2,0,49.199999999999996,20.56,low,OK
TX_002675,STORE_05,retail_park,CHK_017,18,5,1,regular,card,0,11,1,0,151,0,0,0,2,202,993,3,134.1,2.99,0,77.64999999999999,36.31,medium,WATCH
TX_002676,STORE_01,city,CHK_019,17,3,0,regular,card,1,16,0,0,106,0,0,0,0,187,987,0,123.7,0.57,0,71.45,32.88,low,OK
TX_002677,STORE_01,city,CHK_025,20,5,1,regular,card,0,10,0,0,137,0,0,0,0,213,987,1,117.0,1.56,0,64.5,29.03,low,OK
TX_002678,STORE_04,mall,CHK_028,10,3,0,regular,card,1,9,2,1,142,0,0,0,1,218,987,8,138.9,25.26,0,90.85000000000001,43.62,medium,WATCH
TX_002679,STORE_03,mall,CHK_018,9,5,1,new,card,0,10,0,0,117,0,1,0,1,200,994,1,110.2,5.04,0,61.1,27.15,low,OK
TX_002680,STORE_03,mall,CHK_003,11,5,1,regular,mobile,1,10,0,0,77,0,0,1,1,195,994,0,83.6,0.05,0,47.8,19.79,low,OK
TX_002681,STORE_02,city,CHK_001,17,5,1,regular,mobile,1,7,0,1,107,0,0,1,0,209,994,4,108.8,6.5,0,66.6,30.2,low,OK
TX_002682,STORE_08,hyper,CHK_031,17,5,1,new,card,1,8,3,1,144,1,1,0,3,194,982,10,146.7,92.76,1,98.14999999999999,47.66,medium,OPEN_SUPPORT
TX_002683,STORE_02,city,CHK_006,13,5,1,regular,card,0,1,2,0,39,0,0,0,0,223,994,5,39.7,0.04,0,28.450000000000003,9.08,low,OK
TX_002684,STORE_08,hyper,CHK_006,12,2,0,new,card,1,17,1,0,159,0,1,0,3,223,982,2,178.9,6.65,0,103.65,50.71,medium,WATCH
TX_002685,STORE_08,hyper,CHK_013,21,3,0,regular,gift_card,0,9,0,0,84,0,0,2,3,192,982,1,83.5,1.47,0,47.15,19.43,low,OK
TX_002686,STORE_04,mall,CHK_010,18,0,0,regular,card,1,11,2,0,147,0,0,0,1,204,987,4,128.3,1.83,0,78.75,36.92,medium,WATCH
TX_002687,STORE_03,mall,CHK_024,10,4,0,new,card,1,3,1,0,53,0,1,0,1,217,994,2,52.4,0.39,0,32.0,11.04,low,OK
TX_002688,STORE_07,hyper,CHK_001,20,0,0,regular,card,1,7,0,0,71,0,0,0,3,209,1063,0,76.7,0.01,0,42.550000000000004,16.88,low,OK
TX_002689,STORE_02,city,CHK_007,19,2,0,regular,card,1,12,0,0,116,0,0,0,0,217,994,0,132.1,0.0,0,73.25,33.88,low,OK
TX_002690,STORE_04,mall,CHK_035,15,2,0,professional,mobile,1,12,1,0,93,0,2,1,1,218,987,2,111.4,0.1,0,66.9,30.36,low,OK
TX_002691,STORE_05,retail_park,CHK_028,10,3,0,regular,card,0,7,0,0,66,0,0,0,2,218,993,1,71.4,0.18,0,39.900000000000006,15.42,low,OK
TX_002692,STORE_01,city,CHK_014,16,3,0,regular,card,0,3,2,0,51,0,0,0,0,213,987,5,59.5,0.16,0,39.55,15.22,low,OK
TX_002693,STORE_03,mall,CHK_031,21,0,0,regular,card,1,4,1,0,51,0,0,0,1,194,994,2,50.4,0.03,0,31.599999999999998,10.82,low,OK
TX_002694,STORE_05,retail_park,CHK_029,16,1,0,regular,card,0,9,1,1,161,1,0,0,2,211,993,7,147.3,53.34,1,91.05000000000001,43.73,medium,MONITOR_QUEUE
TX_002695,STORE_03,mall,CHK_031,12,0,0,regular,mobile,0,9,0,0,111,0,0,1,1,194,994,1,106.5,0.01,0,58.65,25.8,low,OK
TX_002696,STORE_06,retail_park,CHK_012,14,5,1,regular,card,1,14,1,1,180,1,0,0,2,201,1000,6,179.0,94.69,1,109.9,54.17,medium,OPEN_SUPPORT
TX_002697,STORE_06,retail_park,CHK_004,11,2,0,regular,mobile,0,11,0,0,87,0,0,1,2,219,1000,1,99.5,0.54,0,56.35,24.52,low,OK
TX_002698,STORE_01,city,CHK_003,19,0,0,regular,card,1,5,2,0,76,0,0,0,0,195,987,4,79.1,0.07,0,50.55,21.31,low,OK
TX_002699,STORE_04,mall,CHK_018,20,5,1,regular,card,1,4,0,1,110,0,0,0,1,200,987,4,103.9,8.75,0,62.35,27.84,low,OK
TX_002700,STORE_07,hyper,CHK_038,10,5,1,new,card,1,10,1,0,129,0,1,0,3,194,1063,2,114.8,0.48,0,67.4,30.64,low,OK
TX_002701,STORE_08,hyper,CHK_007,14,5,1,professional,card,0,21,2,1,261,1,2,0,3,217,982,9,255.4,93.25,1,156.29999999999998,79.85,critical,OPEN_SUPPORT
TX_002702,STORE_05,retail_park,CHK_032,21,2,0,regular,card,0,6,1,0,79,0,0,0,2,205,993,3,71.9,0.14,0,43.550000000000004,17.44,low,OK
TX_002703,STORE_07,hyper,CHK_019,19,2,0,regular,card,1,11,1,2,218,1,0,0,3,187,1063,10,214.8,97.98,1,134.0,67.51,high,OPEN_SUPPORT
TX_002704,STORE_05,retail_park,CHK_002,15,4,0,new,card,1,9,0,0,82,0,1,0,2,161,993,0,96.7,0.0,0,53.75,23.08,low,OK
TX_002705,STORE_04,mall,CHK_025,12,4,0,professional,gift_card,0,10,0,0,110,0,2,2,1,213,987,1,114.9,0.86,0,63.45,28.45,low,OK
TX_002706,STORE_04,mall,CHK_013,10,2,0,regular,mobile,1,11,1,1,145,0,0,1,1,192,987,6,139.5,42.64,0,88.35,42.24,medium,WATCH
TX_002707,STORE_08,hyper,CHK_023,9,1,0,regular,card,0,9,1,0,109,0,0,0,3,188,982,3,93.2,0.07,0,56.0,24.33,low,OK
TX_002708,STORE_01,city,CHK_006,12,3,0,regular,card,1,13,2,0,121,0,0,0,0,223,987,4,130.4,0.99,0,81.0,38.17,medium,WATCH
TX_002709,STORE_08,hyper,CHK_031,9,0,0,new,mobile,1,9,1,0,98,0,1,1,3,194,982,2,99.1,0.42,0,58.949999999999996,25.96,low,OK
TX_002710,STORE_08,hyper,CHK_032,19,5,1,regular,card,0,12,0,1,185,1,0,0,3,205,982,5,184.8,91.35,1,107.60000000000001,52.89,medium,OPEN_SUPPORT
TX_002711,STORE_04,mall,CHK_025,18,0,0,regular,card,0,1,0,0,32,0,0,0,1,213,987,1,29.2,0.14,0,15.2,1.74,low,OK
TX_002712,STORE_02,city,CHK_037,18,3,0,professional,card,0,7,1,0,89,0,2,0,0,194,994,3,95.9,2.23,0,56.150000000000006,24.41,low,OK
TX_002713,STORE_02,city,CHK_015,13,4,0,regular,card,1,10,0,2,151,0,0,0,0,207,994,8,161.2,71.72,1,102.6,50.12,medium,OPEN_SUPPORT
TX_002714,STORE_08,hyper,CHK_030,17,4,0,regular,mobile,0,9,0,0,75,0,0,1,3,197,982,1,81.6,0.13,0,46.199999999999996,18.9,low,OK
TX_002715,STORE_05,retail_park,CHK_035,10,4,0,new,card,0,4,1,0,57,0,1,0,2,218,993,3,61.5,4.92,0,37.15,13.89,low,OK
TX_002716,STORE_04,mall,CHK_008,16,3,0,regular,card,0,10,0,0,94,0,0,0,1,173,987,1,92.6,0.95,0,52.3,22.28,low,OK
TX_002717,STORE_02,city,CHK_037,15,5,1,regular,card,0,16,1,0,129,0,0,0,0,194,994,3,146.0,4.26,0,86.6,41.27,medium,WATCH
TX_002718,STORE_01,city,CHK_013,21,1,0,regular,card,0,7,1,0,67,0,0,0,0,192,987,3,75.8,0.13,0,46.1,18.85,low,OK
TX_002719,STORE_05,retail_park,CHK_004,12,4,0,regular,mobile,0,12,1,1,165,1,0,1,2,219,993,7,158.8,61.59,1,98.60000000000001,47.91,medium,MONITOR_QUEUE
TX_002720,STORE_03,mall,CHK_018,21,0,0,professional,card,1,16,2,0,162,0,2,0,1,200,994,4,168.5,4.47,0,101.85,49.71,medium,WATCH
TX_002721,STORE_01,city,CHK_023,16,0,0,regular,mobile,1,11,1,0,104,0,0,1,0,188,987,2,102.6,0.0,0,61.9,27.59,low,OK
TX_002722,STORE_08,hyper,CHK_021,13,5,1,new,card,1,7,3,0,112,0,1,0,3,203,982,6,109.5,2.16,0,70.95,32.6,low,OK
TX_002723,STORE_06,retail_park,CHK_037,11,1,0,regular,card,1,9,0,0,89,0,0,0,2,194,1000,0,82.7,0.0,0,46.75,19.21,low,OK
TX_002724,STORE_01,city,CHK_008,14,2,0,new,card,1,7,2,0,117,0,1,0,0,173,987,4,109.9,0.53,0,67.15,30.5,low,OK
TX_002725,STORE_01,city,CHK_022,11,2,0,new,card,0,11,0,0,144,0,1,0,0,223,987,1,134.7,16.0,0,73.94999999999999,34.27,low,OK
TX_002726,STORE_08,hyper,CHK_016,17,5,1,regular,card,0,9,0,0,73,0,0,0,3,195,982,1,85.3,0.0,0,48.05,19.93,low,OK
TX_002727,STORE_04,mall,CHK_016,10,4,0,new,card,1,2,0,0,38,0,1,0,1,195,987,0,39.3,0.23,0,20.849999999999998,4.87,low,OK
TX_002728,STORE_03,mall,CHK_001,15,2,0,regular,card,1,7,1,0,74,0,0,0,1,209,994,2,75.5,0.01,0,45.95,18.77,low,OK
TX_002729,STORE_05,retail_park,CHK_032,15,4,0,regular,gift_card,1,11,0,0,111,0,0,2,2,205,993,0,103.8,0.03,0,58.5,25.71,low,OK
TX_002730,STORE_05,retail_park,CHK_017,11,5,1,regular,card,1,10,1,0,97,0,0,0,2,202,993,2,92.3,0.05,0,56.15,24.41,low,OK
TX_002731,STORE_05,retail_park,CHK_036,19,0,0,professional,card,1,4,0,1,89,0,2,0,2,205,993,4,95.3,9.41,0,58.05,25.46,low,OK
TX_002732,STORE_04,mall,CHK_008,17,0,0,new,card,0,14,1,0,141,0,1,0,1,173,987,3,157.0,27.57,0,90.9,43.65,medium,WATCH
TX_002733,STORE_05,retail_park,CHK_018,21,1,0,new,card,0,2,1,1,82,1,1,0,2,200,993,7,85.2,85.36,1,55.800000000000004,24.22,low,OPEN_SUPPORT
TX_002734,STORE_02,city,CHK_005,10,3,0,regular,mobile,1,11,4,0,98,0,0,1,0,205,994,8,110.5,8.38,0,77.85,36.42,medium,WATCH
TX_002735,STORE_05,retail_park,CHK_007,15,0,0,new,card,0,10,0,0,105,0,1,0,2,217,993,1,110.5,6.21,0,61.25,27.23,low,OK
TX_002736,STORE_02,city,CHK_027,16,1,0,new,mobile,1,9,0,0,100,0,1,1,0,200,994,0,103.7,0.2,0,57.25,25.02,low,OK
TX_002737,STORE_01,city,CHK_038,9,2,0,regular,mobile,0,5,3,0,62,0,0,1,0,194,987,7,65.7,1.88,0,47.85,19.82,low,OK
TX_002738,STORE_07,hyper,CHK_035,19,3,0,new,mobile,0,12,1,0,193,1,1,1,3,218,1063,3,175.2,68.76,1,98.8,48.02,medium,MONITOR_QUEUE
TX_002739,STORE_07,hyper,CHK_023,19,5,1,regular,card,0,10,0,0,111,0,0,0,3,188,1063,1,112.2,0.33,0,62.1,27.71,low,OK
TX_002740,STORE_06,retail_park,CHK_009,14,4,0,regular,card,0,7,2,0,110,0,0,0,2,211,1000,5,99.5,1.09,0,61.95,27.62,low,OK
TX_002741,STORE_05,retail_park,CHK_004,8,2,0,regular,card,1,7,0,0,57,0,0,0,2,219,993,0,62.8,0.0,0,35.6,13.04,low,OK
TX_002742,STORE_08,hyper,CHK_005,9,2,0,new,gift_card,1,14,2,0,191,0,1,2,3,205,982,4,180.6,7.23,0,106.7,52.39,medium,WATCH
TX_002743,STORE_06,retail_park,CHK_036,13,3,0,regular,card,0,4,1,1,86,0,0,0,2,205,1000,7,96.6,19.44,0,62.699999999999996,28.04,low,OK
TX_002744,STORE_06,retail_park,CHK_019,16,0,0,regular,card,1,14,1,0,115,0,0,0,2,187,1000,2,120.9,0.31,0,72.85000000000001,33.66,low,OK
TX_002745,STORE_08,hyper,CHK_027,17,0,0,regular,gift_card,1,12,1,0,116,0,0,2,3,200,982,2,110.4,0.85,0,66.4,30.09,low,OK
TX_002746,STORE_02,city,CHK_009,9,0,0,regular,gift_card,0,14,0,0,120,0,0,2,0,211,994,1,124.1,1.15,0,70.45,32.33,low,OK
TX_002747,STORE_04,mall,CHK_022,10,1,0,regular,card,0,6,0,0,68,0,0,0,1,223,987,1,63.6,0.46,0,35.4,12.93,low,OK
TX_002748,STORE_05,retail_park,CHK_023,14,3,0,regular,gift_card,0,9,1,0,133,0,0,2,2,188,993,3,117.4,0.05,0,68.10000000000001,31.03,low,OK
TX_002749,STORE_05,retail_park,CHK_028,16,4,0,regular,mobile,1,5,0,0,42,0,0,1,2,218,993,0,48.3,0.03,0,27.15,8.36,low,OK
TX_002750,STORE_04,mall,CHK_027,8,5,1,regular,card,0,8,0,0,85,0,0,0,1,200,987,1,82.1,0.02,0,45.849999999999994,18.71,low,OK
TX_002751,STORE_08,hyper,CHK_021,19,4,0,new,card,1,12,1,0,152,0,1,0,3,203,982,2,152.5,4.31,0,87.45,41.74,medium,WATCH
TX_002752,STORE_05,retail_park,CHK_013,10,4,0,regular,card,1,8,0,0,85,0,0,0,2,192,993,0,76.6,0.06,0,43.099999999999994,17.19,low,OK
TX_002753,STORE_07,hyper,CHK_021,12,4,0,new,card,0,14,1,0,182,1,1,0,3,203,1063,3,173.7,89.44,1,99.25,48.27,medium,OPEN_SUPPORT
TX_002754,STORE_01,city,CHK_037,21,5,1,regular,card,1,7,1,0,72,0,0,0,0,194,987,2,71.4,0.0,0,43.900000000000006,17.63,low,OK
TX_002755,STORE_05,retail_park,CHK_020,19,0,0,regular,card,0,9,0,0,121,0,0,0,2,175,993,1,113.0,0.11,0,61.9,27.59,low,OK
TX_002756,STORE_01,city,CHK_019,17,1,0,new,mobile,1,14,3,1,194,1,1,1,0,187,987,10,199.9,87.46,1,128.35,64.38,high,OPEN_SUPPORT
TX_002757,STORE_01,city,CHK_015,16,4,0,new,card,1,5,1,0,72,0,1,0,0,207,987,2,71.3,0.22,0,42.65,16.94,low,OK
TX_002758,STORE_08,hyper,CHK_005,13,6,1,regular,card,1,9,0,0,86,0,0,0,3,205,982,0,92.5,0.11,0,51.65,21.92,low,OK
TX_002759,STORE_07,hyper,CHK_008,12,6,1,regular,card,1,7,1,0,79,0,0,0,3,173,1063,2,79.7,0.0,0,48.050000000000004,19.93,low,OK
TX_002760,STORE_07,hyper,CHK_007,20,4,0,regular,card,1,15,0,1,194,1,0,0,3,217,1063,4,189.8,93.24,1,111.9,55.27,high,OPEN_SUPPORT
TX_002761,STORE_02,city,CHK_001,9,6,1,regular,card,0,14,1,0,115,0,0,0,0,209,994,3,125.6,2.77,0,75.2,34.96,low,OK
TX_002762,STORE_01,city,CHK_015,20,5,1,new,card,1,7,0,1,116,0,1,0,0,207,987,4,128.8,8.38,0,76.60000000000001,35.73,medium,WATCH
TX_002763,STORE_07,hyper,CHK_003,21,2,0,regular,card,0,14,0,0,119,0,0,0,3,195,1063,1,122.0,4.62,0,69.4,31.75,low,OK
TX_002764,STORE_05,retail_park,CHK_009,12,3,0,regular,card,0,9,0,0,115,0,0,0,2,211,993,1,107.1,0.19,0,58.949999999999996,25.96,low,OK
TX_002765,STORE_02,city,CHK_040,14,2,0,new,card,0,6,1,0,90,0,1,0,0,193,994,3,85.4,6.54,0,50.300000000000004,21.17,low,OK
TX_002766,STORE_08,hyper,CHK_010,9,0,0,professional,card,1,6,0,0,67,0,2,0,3,204,982,0,66.5,0.49,0,36.85,13.73,low,OK
TX_002767,STORE_01,city,CHK_007,10,1,0,professional,card,1,7,0,0,68,0,2,0,0,217,987,0,74.0,0.06,0,41.2,16.14,low,OK
TX_002768,STORE_08,hyper,CHK_006,18,4,0,regular,card,0,11,0,0,130,0,0,0,3,223,982,1,123.2,1.34,0,68.2,31.08,low,OK
TX_002769,STORE_06,retail_park,CHK_023,15,0,0,regular,card,1,17,0,0,138,0,0,0,2,188,1000,0,147.9,0.28,0,84.15,39.91,medium,WATCH
TX_002770,STORE_06,retail_park,CHK_009,18,4,0,regular,card,1,6,1,1,129,0,0,0,2,211,1000,6,124.3,10.28,0,77.75,36.37,medium,WATCH
TX_002771,STORE_08,hyper,CHK_017,13,1,0,new,card,1,5,0,1,117,0,1,0,3,202,982,4,107.7,10.87,0,64.85,29.23,low,OK
TX_002772,STORE_01,city,CHK_032,15,0,0,regular,mobile,1,8,2,0,86,0,0,1,0,205,987,4,84.9,0.36,0,55.25,23.91,low,OK
TX_002773,STORE_02,city,CHK_012,16,1,0,regular,card,0,5,1,1,90,0,0,0,0,201,994,7,99.9,14.65,0,64.95,29.28,low,OK
TX_002774,STORE_01,city,CHK_025,15,0,0,regular,card,1,3,0,0,36,0,0,0,0,213,987,0,39.0,0.01,0,21.3,5.12,low,OK
TX_002775,STORE_02,city,CHK_020,12,0,0,regular,card,1,6,1,1,116,0,0,0,0,175,994,6,119.1,7.68,0,75.14999999999999,34.93,low,OK
TX_002776,STORE_08,hyper,CHK_012,17,6,1,regular,card,1,12,1,0,104,0,0,0,3,201,982,2,105.0,0.31,0,63.7,28.59,low,OK
TX_002777,STORE_06,retail_park,CHK_011,18,4,0,regular,card,0,3,1,1,95,0,0,0,2,179,1000,7,98.9,19.23,0,63.25,28.34,low,OK
TX_002778,STORE_03,mall,CHK_028,12,4,0,regular,card,1,1,1,0,36,0,0,0,1,218,994,2,33.8,0.0,0,21.5,5.23,low,OK
TX_002779,STORE_03,mall,CHK_004,21,1,0,new,card,0,5,1,1,142,1,1,0,1,219,994,7,108.9,81.78,1,69.45,31.77,low,OPEN_SUPPORT
TX_002780,STORE_05,retail_park,CHK_021,12,4,0,regular,card,1,10,1,0,122,0,0,0,2,203,993,2,109.1,0.09,0,64.55,29.06,low,OK
TX_002781,STORE_04,mall,CHK_022,18,4,0,regular,mobile,1,8,1,1,138,0,0,1,1,223,987,6,135.9,6.91,0,84.75,40.24,medium,WATCH
TX_002782,STORE_04,mall,CHK_038,8,4,0,professional,gift_card,1,4,1,0,62,0,2,2,1,194,987,2,61.1,0.31,0,36.949999999999996,13.78,low,OK
TX_002783,STORE_01,city,CHK_016,11,4,0,regular,card,1,3,0,0,40,0,0,0,0,195,987,0,40.2,0.0,0,21.900000000000002,5.45,low,OK
TX_002784,STORE_04,mall,CHK_014,16,4,0,regular,mobile,0,1,4,0,46,0,0,1,1,213,987,9,46.0,6.41,0,39.6,15.25,low,OK
TX_002785,STORE_08,hyper,CHK_004,21,3,0,regular,card,1,8,0,0,63,0,0,0,3,219,982,0,69.2,0.4,0,39.4,15.14,low,OK
TX_002786,STORE_06,retail_park,CHK_030,12,2,0,new,card,1,4,0,0,57,0,1,0,2,197,1000,0,58.1,0.24,0,31.45,10.74,low,OK
TX_002787,STORE_06,retail_park,CHK_003,20,3,0,new,card,1,13,1,0,156,0,1,0,2,195,1000,2,154.1,5.05,0,88.85,42.51,medium,WATCH
TX_002788,STORE_03,mall,CHK_006,11,4,0,regular,card,0,4,0,0,44,0,0,0,1,223,994,1,46.7,0.15,0,25.75,7.58,low,OK
TX_002789,STORE_08,hyper,CHK_027,11,5,1,new,card,1,16,1,0,184,0,1,0,3,200,982,2,175.9,8.62,0,101.55,49.54,medium,WATCH
TX_002790,STORE_06,retail_park,CHK_039,12,5,1,regular,card,0,11,0,0,127,0,0,0,2,195,1000,1,112.8,0.92,0,63.0,28.2,low,OK
TX_002791,STORE_08,hyper,CHK_031,12,4,0,new,card,1,7,3,0,109,0,1,0,3,194,982,6,108.3,2.12,0,70.35000000000001,32.27,low,OK
TX_002792,STORE_07,hyper,CHK_034,8,5,1,new,card,0,10,1,0,113,0,1,0,3,189,1063,3,111.4,5.22,0,65.7,29.7,low,OK
TX_002793,STORE_07,hyper,CHK_036,20,5,1,regular,card,1,7,2,0,105,0,0,0,3,205,1063,4,97.5,0.0,0,60.95,27.07,low,OK
TX_002794,STORE_03,mall,CHK_031,13,4,0,regular,card,1,8,0,0,72,0,0,0,1,194,994,0,83.4,0.0,0,46.5,19.07,low,OK
TX_002795,STORE_05,retail_park,CHK_014,10,4,0,new,mobile,0,2,1,0,46,0,1,1,2,213,993,3,45.2,3.8,0,27.8,8.72,low,OK
TX_002796,STORE_06,retail_park,CHK_014,15,6,1,regular,card,1,4,3,0,71,0,0,0,2,213,1000,6,65.7,0.77,0,47.25,19.49,low,OK
TX_002797,STORE_01,city,CHK_005,11,2,0,regular,card,1,2,0,0,33,0,0,0,0,205,987,0,32.5,0.0,0,17.45,2.99,low,OK
TX_002798,STORE_07,hyper,CHK_026,20,0,0,regular,card,1,14,0,0,141,0,0,0,3,183,1063,0,141.4,0.38,0,79.10000000000001,37.12,medium,WATCH
TX_002799,STORE_08,hyper,CHK_004,14,1,0,regular,gift_card,0,8,1,0,118,0,0,2,3,219,982,3,104.4,0.49,0,61.0,27.1,low,OK
TX_002800,STORE_04,mall,CHK_001,13,1,0,professional,card,0,9,0,2,194,1,2,0,1,209,987,9,192.1,88.09,1,117.45,58.34,high,OPEN_SUPPORT
TX_002801,STORE_04,mall,CHK_006,9,6,1,professional,card,0,12,1,0,117,0,2,0,1,223,987,3,121.1,5.05,0,71.75,33.05,low,OK
TX_002802,STORE_06,retail_park,CHK_015,14,5,1,new,mobile,0,11,2,0,167,1,1,1,2,207,1000,5,150.5,70.63,1,89.85,43.07,medium,OPEN_SUPPORT
TX_002803,STORE_08,hyper,CHK_001,20,2,0,professional,mobile,0,16,0,1,200,1,2,1,3,209,982,5,227.8,91.76,1,131.5,66.12,high,OPEN_SUPPORT
TX_002804,STORE_01,city,CHK_009,15,6,1,regular,card,0,8,0,0,73,0,0,0,0,211,987,1,77.9,0.05,0,43.75,17.55,low,OK
TX_002805,STORE_05,retail_park,CHK_037,15,1,0,new,card,0,6,0,0,87,0,1,0,2,194,993,1,79.8,5.28,0,43.5,17.41,low,OK
TX_002806,STORE_03,mall,CHK_024,21,4,0,regular,card,0,8,0,0,70,0,0,0,1,217,994,1,77.2,0.19,0,43.4,17.35,low,OK
TX_002807,STORE_05,retail_park,CHK_005,17,0,0,regular,card,1,11,0,1,119,0,0,0,2,205,993,4,130.3,58.49,1,79.75,37.48,medium,MONITOR_QUEUE
TX_002808,STORE_05,retail_park,CHK_040,9,0,0,regular,card,1,7,1,0,79,0,0,0,2,193,993,2,77.6,0.0,0,47.0,19.35,low,OK
TX_002809,STORE_06,retail_park,CHK_029,12,1,0,regular,card,1,7,1,1,145,0,0,0,2,211,1000,6,129.6,7.44,0,81.0,38.17,medium,WATCH
TX_002810,STORE_01,city,CHK_020,18,5,1,regular,card,0,11,0,1,147,0,0,0,0,175,987,5,164.6,67.32,1,96.89999999999999,46.97,medium,MONITOR_QUEUE
TX_002811,STORE_04,mall,CHK_039,11,3,0,regular,card,0,14,1,0,127,0,0,0,1,195,987,3,129.9,4.48,0,77.35000000000001,36.15,medium,WATCH
TX_002812,STORE_05,retail_park,CHK_034,15,1,0,regular,card,0,12,1,0,134,0,0,0,2,189,993,3,123.2,2.24,0,72.8,33.63,low,OK
TX_002813,STORE_02,city,CHK_035,14,1,0,regular,card,1,11,0,1,133,0,0,0,0,218,994,4,144.6,62.09,1,86.89999999999999,41.43,medium,MONITOR_QUEUE
TX_002814,STORE_02,city,CHK_026,18,5,1,new,card,1,4,3,2,186,1,1,0,0,183,994,14,170.6,85.38,1,115.7,57.38,high,OPEN_SUPPORT
TX_002815,STORE_05,retail_park,CHK_002,8,5,1,regular,mobile,0,6,1,0,74,0,0,1,2,161,993,3,71.0,0.0,0,43.1,17.19,low,OK
TX_002816,STORE_03,mall,CHK_001,17,0,0,regular,card,1,5,1,0,52,0,0,0,1,209,994,2,55.2,0.01,0,34.6,12.48,low,OK
TX_002817,STORE_02,city,CHK_007,10,5,1,regular,card,0,2,1,0,38,0,0,0,0,217,994,3,39.4,0.07,0,24.9,7.11,low,OK
TX_002818,STORE_01,city,CHK_023,12,3,0,new,card,1,12,0,2,242,1,1,0,0,188,987,8,233.7,95.73,1,140.04999999999998,70.86,high,OPEN_SUPPORT
TX_002819,STORE_07,hyper,CHK_027,12,3,0,regular,card,0,7,0,0,80,0,0,0,3,200,1063,1,81.4,0.33,0,44.900000000000006,18.18,low,OK
TX_002820,STORE_01,city,CHK_040,18,5,1,new,card,0,6,3,0,122,1,1,0,0,193,987,7,114.7,81.05,1,72.94999999999999,33.71,low,OPEN_SUPPORT
TX_002821,STORE_07,hyper,CHK_022,20,0,0,regular,card,0,10,0,0,138,0,0,0,3,223,1063,1,125.4,0.74,0,68.7,31.36,low,OK
TX_002822,STORE_07,hyper,CHK_030,8,1,0,regular,card,0,14,1,0,155,0,0,0,3,197,1063,3,131.1,7.51,0,77.95,36.48,medium,WATCH
TX_002823,STORE_05,retail_park,CHK_006,18,5,1,regular,card,1,9,0,0,93,0,0,0,2,223,993,0,99.5,0.39,0,55.15,23.86,low,OK
TX_002824,STORE_05,retail_park,CHK_009,17,3,0,regular,card,0,8,1,0,73,0,0,0,2,211,993,3,81.3,0.43,0,49.449999999999996,20.7,low,OK
TX_002825,STORE_01,city,CHK_037,9,0,0,regular,card,1,9,1,0,72,0,0,0,0,194,987,2,82.4,0.0,0,50.6,21.34,low,OK
TX_002826,STORE_01,city,CHK_033,10,4,0,regular,card,0,8,0,0,83,0,0,0,0,192,987,1,82.6,0.14,0,46.099999999999994,18.85,low,OK
TX_002827,STORE_05,retail_park,CHK_034,11,4,0,professional,card,1,13,0,0,108,0,2,0,2,189,993,0,116.0,0.05,0,65.8,29.75,low,OK
TX_002828,STORE_07,hyper,CHK_010,13,1,0,new,mobile,1,7,2,0,97,0,1,1,3,204,1063,4,99.4,0.04,0,61.900000000000006,27.59,low,OK
TX_002829,STORE_01,city,CHK_028,12,2,0,new,card,0,5,2,2,179,1,1,0,0,218,987,13,170.8,92.01,1,112.4,55.55,high,OPEN_SUPPORT
TX_002830,STORE_02,city,CHK_031,12,4,0,new,card,1,8,0,0,97,0,1,0,0,194,994,0,94.9,0.15,0,52.25,22.25,low,OK
TX_002831,STORE_04,mall,CHK_003,12,5,1,regular,mobile,1,7,0,0,63,0,0,1,1,195,987,0,66.8,0.0,0,37.6,14.14,low,OK
TX_002832,STORE_02,city,CHK_017,8,0,0,regular,card,1,11,0,0,107,0,0,0,0,202,994,0,98.2,0.0,0,55.7,24.16,low,OK
TX_002833,STORE_06,retail_park,CHK_027,18,3,0,regular,card,0,11,1,1,177,1,0,0,2,200,1000,7,178.4,82.59,1,107.8,53.0,medium,OPEN_SUPPORT
TX_002834,STORE_04,mall,CHK_022,15,5,1,regular,card,0,15,1,0,158,0,0,0,1,223,987,3,150.8,4.34,0,88.4,42.26,medium,WATCH
TX_002835,STORE_02,city,CHK_026,14,5,1,regular,card,1,6,0,0,76,0,0,0,0,183,994,0,68.2,0.0,0,37.7,14.2,low,OK
TX_002836,STORE_05,retail_park,CHK_008,14,5,1,regular,mobile,0,6,0,2,164,1,0,1,2,173,993,9,160.2,71.94,1,99.69999999999999,48.52,medium,OPEN_SUPPORT
TX_002837,STORE_08,hyper,CHK_019,19,0,0,regular,card,1,4,0,1,84,0,0,0,3,187,982,4,101.7,10.52,0,61.25,27.23,low,OK
TX_002838,STORE_08,hyper,CHK_018,21,0,0,regular,card,1,6,2,0,62,0,0,0,3,200,982,4,66.4,0.02,0,44.800000000000004,18.13,low,OK
TX_002839,STORE_04,mall,CHK_013,19,5,1,regular,mobile,0,5,1,0,75,0,0,1,1,192,987,3,75.8,0.01,0,44.9,18.18,low,OK
TX_002840,STORE_03,mall,CHK_029,19,4,0,regular,mobile,0,1,1,0,37,0,0,1,1,211,994,3,37.3,0.42,0,23.25,6.2,low,OK
TX_002841,STORE_07,hyper,CHK_037,16,6,1,regular,card,1,12,2,0,116,0,0,0,3,194,1063,4,115.9,2.83,0,73.15,33.82,low,OK
TX_002842,STORE_06,retail_park,CHK_013,14,4,0,professional,card,1,14,0,0,123,0,2,0,2,192,1000,0,132.6,1.78,0,74.7,34.68,low,OK
TX_002843,STORE_05,retail_park,CHK_035,9,5,1,regular,card,1,8,0,0,68,0,0,0,2,218,993,0,73.0,0.0,0,41.3,16.19,low,OK
TX_002844,STORE_01,city,CHK_027,9,0,0,new,card,0,11,0,0,128,0,1,0,0,200,987,1,129.6,20.12,0,71.39999999999999,32.85,low,OK
TX_002845,STORE_03,mall,CHK_016,8,5,1,new,card,1,8,0,0,82,0,1,0,1,195,994,0,86.4,0.39,0,48.0,19.9,low,OK
TX_002846,STORE_06,retail_park,CHK_006,13,5,1,regular,mobile,0,11,0,0,116,0,0,1,2,223,1000,1,110.7,0.63,0,61.95,27.62,low,OK
TX_002847,STORE_04,mall,CHK_003,17,3,0,new,card,0,5,0,0,63,0,1,0,1,195,987,1,67.7,5.76,0,36.85,13.73,low,OK
TX_002848,STORE_02,city,CHK_026,12,4,0,new,card,0,11,1,1,178,1,1,0,0,183,994,7,173.4,91.48,1,105.3,51.62,medium,OPEN_SUPPORT
TX_002849,STORE_01,city,CHK_022,13,4,0,new,card,1,5,1,0,85,0,1,0,0,223,987,2,77.2,0.22,0,45.6,18.57,low,OK
TX_002850,STORE_06,retail_park,CHK_008,11,4,0,regular,card,0,3,0,0,39,0,0,0,2,173,1000,1,41.5,0.0,0,22.55,5.81,low,OK
TX_002851,STORE_05,retail_park,CHK_032,19,0,0,new,card,0,2,0,1,99,1,1,0,2,205,993,5,90.5,82.13,1,54.45,23.47,low,OPEN_SUPPORT
TX_002852,STORE_05,retail_park,CHK_002,10,4,0,professional,card,0,4,0,0,55,0,2,0,2,161,993,1,55.6,0.63,0,30.2,10.05,low,OK
TX_002853,STORE_05,retail_park,CHK_001,12,0,0,regular,card,0,6,1,0,71,0,0,0,2,209,993,3,75.8,0.12,0,45.5,18.52,low,OK
TX_002854,STORE_05,retail_park,CHK_011,18,6,1,new,card,0,7,1,0,116,0,1,0,2,179,993,3,114.0,4.56,0,65.2,29.42,low,OK
TX_002855,STORE_04,mall,CHK_012,10,2,0,regular,mobile,1,14,2,0,104,0,0,1,1,201,987,4,115.1,1.73,0,73.95,34.27,low,OK
TX_002856,STORE_07,hyper,CHK_006,9,0,0,regular,card,1,14,1,0,111,0,0,0,3,223,1063,2,115.3,0.31,0,70.05,32.11,low,OK
TX_002857,STORE_06,retail_park,CHK_004,9,2,0,regular,card,0,7,0,1,130,0,0,0,2,219,1000,5,125.8,10.07,0,75.10000000000001,34.9,low,OK
TX_002858,STORE_01,city,CHK_030,13,3,0,regular,card,1,9,0,2,164,1,0,0,0,197,987,8,172.6,83.87,1,107.7,52.95,medium,OPEN_SUPPORT
TX_002859,STORE_08,hyper,CHK_007,8,3,0,regular,card,0,2,0,0,30,0,0,0,3,217,982,1,30.2,0.05,0,16.3,2.35,low,OK
TX_002860,STORE_06,retail_park,CHK_012,16,6,1,regular,card,1,10,1,0,81,0,0,0,2,201,1000,2,90.7,0.05,0,55.35,23.97,low,OK
TX_002861,STORE_05,retail_park,CHK_024,16,1,0,regular,card,0,5,0,0,53,0,0,0,2,217,993,1,53.8,0.43,0,29.9,9.88,low,OK
TX_002862,STORE_06,retail_park,CHK_037,12,0,0,regular,card,0,3,1,0,52,0,0,0,2,194,1000,3,51.1,0.01,0,31.35,10.68,low,OK
TX_002863,STORE_05,retail_park,CHK_036,17,3,0,professional,card,0,11,1,2,183,1,2,0,2,205,993,11,183.6,96.2,1,118.39999999999999,58.87,high,OPEN_SUPPORT
TX_002864,STORE_07,hyper,CHK_027,8,0,0,regular,card,1,9,0,0,81,0,0,0,3,200,1063,0,79.8,0.0,0,45.3,18.41,low,OK
TX_002865,STORE_02,city,CHK_008,8,4,0,regular,gift_card,1,8,1,0,79,0,0,2,0,173,994,2,81.3,0.0,0,49.449999999999996,20.7,low,OK
TX_002866,STORE_08,hyper,CHK_029,10,3,0,regular,mobile,1,15,2,0,137,0,0,1,3,211,982,4,141.8,2.4,0,87.9,41.99,medium,WATCH
TX_002867,STORE_02,city,CHK_007,19,5,1,new,card,0,10,0,0,143,0,1,0,0,217,994,1,132.5,9.22,0,72.25,33.32,low,OK
TX_002868,STORE_07,hyper,CHK_021,21,4,0,regular,card,0,3,0,0,42,0,0,0,3,203,1063,1,42.3,0.19,0,22.95,6.03,low,OK
TX_002869,STORE_04,mall,CHK_023,14,0,0,regular,card,1,1,0,0,25,0,0,0,1,188,987,0,25.8,0.1,0,13.5,0.8,low,OK
TX_002870,STORE_02,city,CHK_021,15,6,1,regular,card,1,6,3,0,76,0,0,0,0,203,994,6,75.6,1.17,0,53.4,22.89,low,OK
TX_002871,STORE_02,city,CHK_038,10,4,0,new,mobile,0,16,1,0,163,1,1,1,0,194,994,3,176.0,73.72,1,101.6,49.57,medium,OPEN_SUPPORT
TX_002872,STORE_07,hyper,CHK_032,12,2,0,professional,card,0,7,2,0,101,0,2,0,3,205,1063,5,97.2,3.49,0,60.800000000000004,26.99,low,OK
TX_002873,STORE_05,retail_park,CHK_016,8,0,0,professional,mobile,0,15,0,0,141,0,2,1,2,195,993,1,147.6,13.77,0,82.8,39.16,medium,WATCH
TX_002874,STORE_03,mall,CHK_037,14,6,1,professional,card,1,11,0,0,100,0,2,0,1,194,994,0,115.3,0.38,0,64.25,28.9,low,OK
TX_002875,STORE_01,city,CHK_014,21,2,0,new,card,0,3,1,0,59,0,1,0,0,213,987,3,59.6,2.37,0,35.599999999999994,13.04,low,OK
TX_002876,STORE_08,hyper,CHK_030,17,5,1,regular,mobile,1,15,0,0,100,0,0,1,3,197,982,0,119.1,0.48,0,68.55,31.28,low,OK
TX_002877,STORE_04,mall,CHK_014,9,0,0,regular,card,0,12,0,0,92,0,0,0,1,213,987,1,106.1,1.45,0,60.25,26.68,low,OK
TX_002878,STORE_06,retail_park,CHK_032,14,0,0,regular,card,1,9,0,2,176,1,0,0,2,205,1000,8,177.2,64.42,1,110.0,54.22,medium,MONITOR_QUEUE
TX_002879,STORE_03,mall,CHK_028,13,3,0,regular,card,0,5,2,0,76,0,0,0,1,218,994,5,71.6,0.41,0,46.8,19.24,low,OK
TX_002880,STORE_08,hyper,CHK_013,15,2,0,professional,card,0,17,0,0,163,0,2,0,3,192,982,1,178.9,31.94,0,99.65,48.49,medium,WATCH
TX_002881,STORE_06,retail_park,CHK_025,14,0,0,regular,mobile,0,4,0,0,49,0,0,1,2,213,1000,1,48.6,0.08,0,26.7,8.11,low,OK
TX_002882,STORE_03,mall,CHK_028,13,6,1,regular,mobile,1,10,0,1,152,0,0,1,1,218,994,4,147.4,42.27,0,87.7,41.88,medium,WATCH
TX_002883,STORE_01,city,CHK_022,11,3,0,regular,mobile,1,13,1,0,107,0,0,1,0,223,987,2,123.0,0.09,0,73.3,33.91,low,OK
TX_002884,STORE_06,retail_park,CHK_006,18,1,0,regular,card,1,15,1,1,220,1,0,0,2,223,1000,6,203.6,92.54,1,122.8,61.31,high,OPEN_SUPPORT
TX_002885,STORE_07,hyper,CHK_024,21,6,1,regular,mobile,1,4,0,0,47,0,0,1,3,217,1063,0,49.2,0.31,0,27.0,8.28,low,OK
TX_002886,STORE_07,hyper,CHK_036,19,4,0,professional,card,0,10,0,0,150,0,2,0,3,205,1063,1,135.0,3.25,0,73.5,34.02,low,OK
TX_002887,STORE_02,city,CHK_032,14,0,0,regular,gift_card,1,4,3,0,62,0,0,2,0,205,994,6,63.7,2.82,0,46.25,18.93,low,OK
TX_002888,STORE_07,hyper,CHK_032,9,6,1,new,mobile,1,12,0,0,107,0,1,1,3,205,1063,0,117.6,1.22,0,66.0,29.86,low,OK
TX_002889,STORE_06,retail_park,CHK_001,8,5,1,regular,card,1,12,1,1,139,0,0,0,2,209,1000,6,151.9,48.05,0,95.15,46.0,medium,WATCH
TX_002890,STORE_06,retail_park,CHK_022,21,3,0,new,card,0,15,0,1,194,1,1,0,2,223,1000,5,202.9,93.74,1,118.45,58.9,high,OPEN_SUPPORT
TX_002891,STORE_07,hyper,CHK_009,20,2,0,new,card,1,18,0,3,344,1,1,0,3,211,1063,12,315.8,97.96,1,192.70000000000002,100.0,critical,OPEN_SUPPORT
TX_002892,STORE_08,hyper,CHK_018,15,6,1,new,mobile,1,11,2,0,125,0,1,1,3,200,982,4,126.0,2.26,0,77.6,36.29,medium,WATCH
TX_002893,STORE_05,retail_park,CHK_019,20,1,0,new,card,0,14,1,0,195,1,1,0,2,187,993,3,182.1,67.91,1,103.45,50.6,medium,MONITOR_QUEUE
TX_002894,STORE_06,retail_park,CHK_004,9,3,0,regular,card,0,5,0,0,52,0,0,0,2,219,1000,1,54.0,0.02,0,30.0,9.94,low,OK
TX_002895,STORE_08,hyper,CHK_017,16,2,0,regular,card,1,12,1,0,125,0,0,0,3,202,982,2,103.5,0.61,0,62.95,28.18,low,OK
TX_002896,STORE_07,hyper,CHK_004,16,3,0,new,card,0,11,0,1,131,1,1,0,3,219,1063,5,145.6,86.16,1,87.39999999999999,41.71,medium,OPEN_SUPPORT
TX_002897,STORE_04,mall,CHK_002,12,5,1,regular,card,1,17,0,1,163,1,0,0,1,161,987,4,180.9,89.91,1,108.65,53.47,medium,OPEN_SUPPORT
TX_002898,STORE_07,hyper,CHK_015,13,2,0,professional,card,1,14,0,1,194,1,2,0,3,207,1063,4,207.2,88.45,1,120.0,59.76,high,OPEN_SUPPORT
TX_002899,STORE_06,retail_park,CHK_004,11,4,0,new,card,1,10,1,0,95,0,1,0,2,219,1000,2,101.6,0.64,0,60.8,26.99,low,OK
TX_002900,STORE_05,retail_park,CHK_014,10,3,0,new,card,0,12,0,1,209,1,1,0,2,213,993,5,170.7,89.36,1,100.55,48.99,medium,OPEN_SUPPORT
TX_002901,STORE_02,city,CHK_009,15,3,0,regular,card,0,11,0,0,87,0,0,0,0,211,994,1,98.7,1.39,0,55.95,24.3,low,OK
TX_002902,STORE_02,city,CHK_040,14,0,0,regular,card,0,1,3,0,52,0,0,0,0,193,994,7,47.5,4.4,0,36.35,13.45,low,OK
TX_002903,STORE_08,hyper,CHK_016,12,6,1,professional,card,0,7,1,0,86,0,2,0,3,195,982,3,92.1,2.04,0,54.25,23.36,low,OK
TX_002904,STORE_02,city,CHK_005,18,3,0,regular,mobile,1,7,1,0,82,0,0,1,0,205,994,2,85.4,0.01,0,50.900000000000006,21.51,low,OK
TX_002905,STORE_08,hyper,CHK_019,13,0,0,regular,mobile,1,10,0,0,97,0,0,1,3,187,982,0,100.3,0.1,0,56.15,24.41,low,OK
TX_002906,STORE_06,retail_park,CHK_038,15,5,1,regular,card,1,5,2,0,71,0,0,0,2,194,1000,4,68.1,0.0,0,45.05,18.27,low,OK
TX_002907,STORE_07,hyper,CHK_029,19,3,0,regular,mobile,1,10,0,0,93,0,0,1,3,211,1063,0,101.0,0.28,0,56.5,24.61,low,OK
TX_002908,STORE_03,mall,CHK_004,9,5,1,regular,card,1,11,1,1,137,0,0,0,1,219,994,6,143.8,52.91,1,90.5,43.43,medium,MONITOR_QUEUE
TX_002909,STORE_05,retail_park,CHK_027,8,0,0,new,card,1,9,1,0,100,0,1,0,2,200,993,2,103.9,0.14,0,61.35,27.29,low,OK
TX_002910,STORE_05,retail_park,CHK_016,14,6,1,new,card,1,10,1,0,131,0,1,0,2,195,993,2,122.9,0.4,0,71.45,32.88,low,OK
TX_002911,STORE_01,city,CHK_008,17,2,0,professional,card,1,7,0,0,73,0,2,0,0,173,987,0,73.2,0.0,0,40.800000000000004,15.91,low,OK
TX_002912,STORE_01,city,CHK_012,13,3,0,regular,card,0,1,0,0,30,0,0,0,0,201,987,1,28.7,0.09,0,14.95,1.61,low,OK
TX_002913,STORE_08,hyper,CHK_029,18,4,0,regular,mobile,0,8,1,0,88,0,0,1,3,211,982,3,94.4,0.05,0,56.0,24.33,low,OK
TX_002914,STORE_04,mall,CHK_021,18,1,0,regular,mobile,1,5,1,0,64,0,0,1,1,203,987,2,72.1,0.01,0,43.05,17.16,low,OK
TX_002915,STORE_01,city,CHK_006,21,6,1,regular,mobile,1,8,2,0,91,0,0,1,0,223,987,4,90.4,0.54,0,58.0,25.44,low,OK
TX_002916,STORE_05,retail_park,CHK_036,18,3,0,professional,card,1,10,0,0,140,0,2,0,2,205,993,0,127.5,0.55,0,69.75,31.94,low,OK
TX_002917,STORE_05,retail_park,CHK_031,19,2,0,professional,mobile,0,4,1,0,59,0,2,1,2,194,993,3,64.2,0.94,0,38.5,14.64,low,OK
TX_002918,STORE_03,mall,CHK_018,18,4,0,regular,card,0,8,2,0,102,0,0,0,1,200,994,5,100.1,0.57,0,62.849999999999994,28.12,low,OK
TX_002919,STORE_08,hyper,CHK_009,19,5,1,regular,card,0,20,0,0,188,0,0,0,3,211,982,1,190.1,3.35,0,107.05,52.59,medium,WATCH
TX_002920,STORE_08,hyper,CHK_008,8,6,1,regular,card,1,13,0,0,121,0,0,0,3,173,982,0,115.0,0.0,0,65.3,29.48,low,OK
TX_002921,STORE_02,city,CHK_007,12,3,0,regular,card,0,7,0,0,82,0,0,0,0,217,994,1,81.8,0.15,0,45.1,18.3,low,OK
TX_002922,STORE_05,retail_park,CHK_006,14,2,0,regular,card,0,5,0,0,57,0,0,0,2,223,993,1,59.0,0.31,0,32.5,11.32,low,OK
TX_002923,STORE_03,mall,CHK_028,13,3,0,regular,card,1,3,0,0,44,0,0,0,1,218,994,0,41.8,0.01,0,22.7,5.9,low,OK
TX_002924,STORE_01,city,CHK_019,16,0,0,professional,card,1,6,0,1,123,0,2,0,0,187,987,4,124.5,6.34,0,73.85,34.21,low,OK
TX_002925,STORE_01,city,CHK_036,17,0,0,regular,card,1,13,1,0,97,0,0,0,0,205,987,2,104.6,0.58,0,64.1,28.81,low,OK
TX_002926,STORE_05,retail_park,CHK_029,13,4,0,professional,card,1,12,1,1,196,1,2,0,2,211,993,6,176.1,80.3,1,107.25,52.7,medium,OPEN_SUPPORT
TX_002927,STORE_08,hyper,CHK_016,19,3,0,new,mobile,0,10,2,0,129,0,1,1,3,195,982,5,137.3,22.52,0,82.65,39.08,medium,WATCH
TX_002928,STORE_06,retail_park,CHK_012,18,3,0,regular,card,1,9,2,0,109,0,0,0,2,201,1000,4,113.5,1.85,0,70.15,32.16,low,OK
TX_002929,STORE_04,mall,CHK_035,13,4,0,regular,card,1,9,0,0,104,0,0,0,1,218,987,0,91.8,0.0,0,51.3,21.73,low,OK
TX_002930,STORE_02,city,CHK_011,18,6,1,regular,card,0,3,0,0,55,0,0,0,0,179,994,1,49.3,0.23,0,26.45,7.97,low,OK
TX_002931,STORE_06,retail_park,CHK_040,20,6,1,new,card,1,1,1,0,42,0,1,0,2,193,1000,2,38.5,0.15,0,23.85,6.53,low,OK
TX_002932,STORE_03,mall,CHK_021,12,2,0,regular,card,0,11,1,0,123,0,0,0,1,203,994,3,123.6,1.09,0,72.39999999999999,33.41,low,OK
TX_002933,STORE_03,mall,CHK_010,17,6,1,regular,card,1,4,1,0,54,0,0,0,1,204,994,2,55.0,0.0,0,33.9,12.1,low,OK
TX_002934,STORE_08,hyper,CHK_026,15,5,1,new,gift_card,0,4,1,1,89,1,1,2,3,183,982,7,99.3,84.58,1,64.05,28.78,low,OPEN_SUPPORT
TX_002935,STORE_01,city,CHK_032,20,6,1,regular,mobile,0,6,0,0,66,0,0,1,0,205,987,1,71.8,0.38,0,39.5,15.2,low,OK
TX_002936,STORE_06,retail_park,CHK_036,12,1,0,new,mobile,1,11,1,0,119,0,1,1,2,205,1000,2,126.3,0.73,0,73.75,34.15,low,OK
TX_002937,STORE_05,retail_park,CHK_008,11,2,0,professional,card,0,14,0,0,117,0,2,0,2,173,993,1,129.9,13.94,0,73.35000000000001,33.93,low,OK
TX_002938,STORE_08,hyper,CHK_031,19,4,0,regular,mobile,1,12,0,0,126,0,0,1,3,194,982,0,125.5,0.41,0,69.95,32.05,low,OK
TX_002939,STORE_07,hyper,CHK_021,14,4,0,new,card,1,12,0,0,142,0,1,0,3,203,1063,0,141.6,1.81,0,78.0,36.51,medium,WATCH
TX_002940,STORE_08,hyper,CHK_003,10,1,0,professional,mobile,0,6,0,0,66,0,2,1,3,195,982,1,77.3,1.46,0,42.25,16.72,low,OK
TX_002941,STORE_02,city,CHK_023,21,5,1,regular,mobile,1,12,0,1,122,0,0,1,0,188,994,4,131.6,38.52,0,81.0,38.17,medium,WATCH
TX_002942,STORE_08,hyper,CHK_002,8,0,0,regular,card,0,17,0,0,129,0,0,0,3,161,982,1,161.6,2.11,0,91.0,43.7,medium,WATCH
TX_002943,STORE_02,city,CHK_019,13,0,0,new,card,1,13,2,0,155,0,1,0,0,187,994,4,155.4,7.6,0,93.5,45.09,medium,WATCH
TX_002944,STORE_07,hyper,CHK_001,19,1,0,regular,card,1,8,0,0,94,0,0,0,3,209,1063,0,92.8,0.01,0,51.199999999999996,21.67,low,OK
TX_002945,STORE_04,mall,CHK_029,12,0,0,regular,gift_card,1,5,1,0,64,0,0,2,1,211,987,2,62.4,0.01,0,38.2,14.48,low,OK
TX_002946,STORE_07,hyper,CHK_025,19,5,1,new,card,1,15,0,0,214,0,1,0,3,213,1063,0,163.9,5.77,0,90.95,43.68,medium,WATCH
TX_002947,STORE_08,hyper,CHK_029,17,0,0,new,mobile,1,15,0,0,155,0,1,1,3,211,982,0,146.9,3.12,0,82.45,38.97,medium,WATCH
TX_002948,STORE_08,hyper,CHK_004,18,2,0,regular,card,0,15,1,0,152,0,0,0,3,219,982,3,157.8,4.87,0,91.9,44.2,medium,WATCH
TX_002949,STORE_06,retail_park,CHK_008,20,3,0,regular,card,0,7,1,0,106,0,0,0,2,173,1000,3,98.1,0.04,0,57.25,25.02,low,OK
TX_002950,STORE_02,city,CHK_014,18,5,1,regular,card,0,5,0,0,67,0,0,0,0,213,994,1,68.7,0.0,0,37.35,14.0,low,OK
TX_002951,STORE_02,city,CHK_030,20,6,1,professional,mobile,0,7,2,0,97,0,2,1,0,197,994,5,99.3,3.13,0,61.85,27.57,low,OK
TX_002952,STORE_06,retail_park,CHK_022,16,0,0,regular,mobile,0,2,0,0,34,0,0,1,2,223,1000,1,33.4,0.11,0,17.9,3.24,low,OK
TX_002953,STORE_05,retail_park,CHK_006,16,4,0,regular,gift_card,1,6,1,0,61,0,0,2,2,223,993,2,63.4,0.03,0,39.300000000000004,15.08,low,OK
TX_002954,STORE_04,mall,CHK_003,8,6,1,regular,card,0,7,1,0,89,0,0,0,1,195,987,3,80.4,0.0,0,48.400000000000006,20.12,low,OK
TX_002955,STORE_03,mall,CHK_038,16,1,0,professional,card,1,8,1,0,80,0,2,0,1,194,994,2,90.0,0.2,0,53.8,23.11,low,OK
TX_002956,STORE_03,mall,CHK_005,20,3,0,professional,card,1,10,0,1,183,1,2,0,1,205,994,4,165.2,69.01,1,96.6,46.8,medium,MONITOR_QUEUE
TX_002957,STORE_01,city,CHK_030,16,6,1,regular,card,1,3,0,0,40,0,0,0,0,197,987,0,39.5,0.03,0,21.55,5.26,low,OK
TX_002958,STORE_03,mall,CHK_017,14,3,0,regular,mobile,1,2,1,0,40,0,0,1,1,202,994,2,40.4,0.01,0,25.4,7.39,low,OK
TX_002959,STORE_06,retail_park,CHK_021,13,5,1,regular,mobile,0,2,0,0,36,0,0,1,2,203,1000,1,34.3,0.02,0,18.349999999999998,3.49,low,OK
TX_002960,STORE_03,mall,CHK_025,13,1,0,professional,card,1,7,2,0,80,0,2,0,1,213,994,4,88.7,0.66,0,56.550000000000004,24.63,low,OK
TX_002961,STORE_08,hyper,CHK_034,9,2,0,regular,card,0,8,1,1,126,0,0,0,3,189,982,7,123.6,13.78,0,78.6,36.84,medium,WATCH
TX_002962,STORE_02,city,CHK_036,14,2,0,new,mobile,1,10,1,0,141,0,1,1,0,205,994,2,126.6,0.72,0,73.3,33.91,low,OK
TX_002963,STORE_02,city,CHK_002,12,2,0,regular,mobile,1,7,0,0,75,0,0,1,0,161,994,0,70.5,0.01,0,39.45,15.17,low,OK
TX_002964,STORE_05,retail_park,CHK_035,8,5,1,professional,card,0,6,1,1,103,0,2,0,2,218,993,7,109.9,30.53,0,70.55,32.38,low,OK
TX_002965,STORE_06,retail_park,CHK_032,16,1,0,regular,card,1,9,0,0,87,0,0,0,2,205,1000,0,83.4,0.23,0,47.1,19.4,low,OK
TX_002966,STORE_06,retail_park,CHK_027,21,0,0,regular,card,0,7,2,1,115,0,0,0,2,200,1000,9,122.7,31.41,0,81.55,38.47,medium,WATCH
TX_002967,STORE_05,retail_park,CHK_013,9,1,0,regular,mobile,1,2,1,0,34,0,0,1,2,192,993,2,37.8,0.0,0,24.099999999999998,6.67,low,OK
TX_002968,STORE_06,retail_park,CHK_032,14,2,0,new,card,0,11,1,0,135,0,1,0,2,205,1000,3,144.7,31.57,0,82.94999999999999,39.25,medium,WATCH
TX_002969,STORE_06,retail_park,CHK_018,11,5,1,regular,card,0,9,0,0,97,0,0,0,2,200,1000,1,93.3,0.02,0,52.05,22.14,low,OK
TX_002970,STORE_04,mall,CHK_028,11,4,0,regular,mobile,0,8,1,1,114,0,0,1,1,218,987,7,120.8,15.29,0,77.2,36.06,medium,WATCH
TX_002971,STORE_05,retail_park,CHK_001,18,6,1,regular,card,0,2,1,0,50,0,0,0,2,209,993,3,46.9,0.15,0,28.65,9.19,low,OK
TX_002972,STORE_01,city,CHK_018,17,1,0,new,gift_card,0,14,0,1,199,1,1,2,0,200,987,5,197.0,97.39,1,114.9,56.93,high,OPEN_SUPPORT
TX_002973,STORE_08,hyper,CHK_034,14,6,1,professional,card,0,11,0,0,152,0,2,0,3,189,982,1,141.7,4.33,0,77.44999999999999,36.2,medium,WATCH
TX_002974,STORE_01,city,CHK_040,15,2,0,regular,mobile,0,4,0,0,45,0,0,1,0,193,987,1,48.0,0.26,0,26.4,7.94,low,OK
TX_002975,STORE_04,mall,CHK_038,13,2,0,regular,mobile,1,6,1,0,69,0,0,1,1,194,987,2,70.0,0.01,0,42.6,16.91,low,OK
TX_002976,STORE_08,hyper,CHK_035,14,4,0,regular,card,1,2,2,1,79,0,0,0,3,218,982,8,84.3,9.26,0,59.35,26.18,low,OK
TX_002977,STORE_05,retail_park,CHK_004,18,6,1,new,card,0,8,2,0,126,0,1,0,2,219,993,5,122.2,16.37,0,73.89999999999999,34.24,low,OK
TX_002978,STORE_03,mall,CHK_024,21,6,1,professional,card,1,12,1,0,141,0,2,0,1,217,994,2,134.5,1.02,0,78.45,36.76,medium,WATCH
TX_002979,STORE_04,mall,CHK_033,17,6,1,regular,card,1,11,1,0,104,0,0,0,1,192,987,2,104.0,0.2,0,62.6,27.98,low,OK
TX_002980,STORE_02,city,CHK_034,15,5,1,professional,card,1,2,4,0,64,0,2,0,0,189,994,8,60.1,4.43,0,47.25,19.49,low,OK
TX_002981,STORE_07,hyper,CHK_011,14,5,1,regular,card,0,16,0,2,274,1,0,0,3,179,1063,9,250.7,95.39,1,150.95,76.89,critical,OPEN_SUPPORT
TX_002982,STORE_01,city,CHK_019,13,5,1,regular,card,0,5,1,0,64,0,0,0,0,187,987,3,66.5,0.12,0,40.25,15.61,low,OK
TX_002983,STORE_08,hyper,CHK_002,21,4,0,regular,card,1,8,1,0,74,0,0,0,3,161,982,2,76.6,0.2,0,47.099999999999994,19.4,low,OK
TX_002984,STORE_02,city,CHK_030,16,5,1,regular,mobile,1,12,0,2,164,1,0,1,0,197,994,8,171.3,87.64,1,108.85000000000001,53.58,medium,OPEN_SUPPORT
TX_002985,STORE_04,mall,CHK_008,8,1,0,new,card,0,10,2,0,144,0,1,0,1,173,987,5,136.0,8.42,0,82.0,38.72,medium,WATCH
TX_002986,STORE_08,hyper,CHK_040,19,4,0,professional,card,0,14,1,1,215,1,2,0,3,193,982,7,214.0,95.63,1,127.4,63.85,high,OPEN_SUPPORT
TX_002987,STORE_01,city,CHK_033,21,5,1,regular,mobile,1,5,0,2,133,0,0,1,0,192,987,8,137.4,45.94,0,87.7,41.88,medium,WATCH
TX_002988,STORE_04,mall,CHK_022,10,1,0,regular,mobile,0,9,1,0,75,0,0,1,1,223,987,3,85.9,0.2,0,52.35,22.31,low,OK
TX_002989,STORE_02,city,CHK_039,16,5,1,regular,card,0,10,1,0,97,0,0,0,0,195,994,3,96.7,0.96,0,58.35,25.63,low,OK
TX_002990,STORE_01,city,CHK_029,8,6,1,regular,card,0,9,0,0,95,0,0,0,0,211,987,1,88.4,0.0,0,49.6,20.79,low,OK
TX_002991,STORE_07,hyper,CHK_002,11,5,1,regular,card,0,11,1,0,94,0,0,0,3,161,1063,3,105.2,0.76,0,63.2,28.31,low,OK
TX_002992,STORE_08,hyper,CHK_028,11,1,0,regular,card,1,11,0,0,111,0,0,0,3,218,982,0,94.6,0.3,0,53.9,23.17,low,OK
TX_002993,STORE_02,city,CHK_003,10,0,0,new,gift_card,0,6,2,0,91,0,1,2,0,195,994,5,90.0,4.24,0,56.6,24.66,low,OK
TX_002994,STORE_06,retail_park,CHK_028,15,5,1,new,mobile,0,8,1,0,85,0,1,1,2,218,1000,3,96.4,2.76,0,57.0,24.88,low,OK
TX_002995,STORE_06,retail_park,CHK_015,12,4,0,regular,card,1,6,1,0,80,0,0,0,2,207,1000,2,73.8,0.0,0,44.5,17.96,low,OK
TX_002996,STORE_01,city,CHK_025,8,0,0,regular,mobile,1,1,0,0,23,0,0,1,0,213,987,0,24.3,0.0,0,12.75,0.39,low,OK
TX_002997,STORE_05,retail_park,CHK_020,14,6,1,new,mobile,1,5,2,0,72,0,1,1,2,175,993,4,76.9,0.25,0,49.45,20.7,low,OK
TX_002998,STORE_06,retail_park,CHK_023,8,3,0,regular,card,1,7,0,1,113,0,0,0,2,188,1000,4,112.9,6.89,0,68.65,31.33,low,OK
TX_002999,STORE_03,mall,CHK_004,15,5,1,regular,card,1,5,2,0,67,0,0,0,1,219,994,4,66.8,0.06,0,44.4,17.91,low,OK
TX_003000,STORE_07,hyper,CHK_018,15,2,0,new,card,0,16,0,0,144,0,1,0,3,200,1063,1,158.8,72.03,1,89.0,42.6,medium,OPEN_SUPPORT
TX_003001,STORE_04,mall,CHK_033,17,6,1,regular,card,0,6,4,0,85,0,0,0,1,192,987,9,95.5,16.66,0,67.35,30.61,low,OK
TX_003002,STORE_03,mall,CHK_006,21,5,1,regular,card,1,18,1,0,151,0,0,0,1,223,994,2,158.0,0.74,0,93.8,45.25,medium,WATCH
TX_003003,STORE_05,retail_park,CHK_022,18,2,0,regular,card,1,17,2,1,195,1,0,0,2,223,993,8,206.7,92.99,1,129.54999999999998,65.04,high,OPEN_SUPPORT
TX_003004,STORE_05,retail_park,CHK_008,10,6,1,regular,mobile,0,11,2,1,137,0,0,1,2,173,993,9,143.5,42.89,0,94.35,45.56,medium,WATCH
TX_003005,STORE_02,city,CHK_039,10,1,0,new,mobile,1,9,1,0,87,0,1,1,0,195,994,2,97.2,0.05,0,58.0,25.44,low,OK
TX_003006,STORE_02,city,CHK_003,14,0,0,regular,card,0,9,0,0,111,0,0,0,0,195,994,1,103.9,0.16,0,57.35,25.08,low,OK
TX_003007,STORE_03,mall,CHK_018,20,5,1,new,card,0,13,2,0,180,1,1,0,1,200,994,5,185.7,78.95,1,108.64999999999999,53.47,medium,OPEN_SUPPORT
TX_003008,STORE_08,hyper,CHK_039,11,1,0,professional,mobile,1,20,0,0,173,0,2,1,3,195,982,0,189.8,1.47,0,106.9,52.5,medium,WATCH
TX_003009,STORE_03,mall,CHK_026,15,2,0,new,card,1,13,0,0,114,0,1,0,1,183,994,0,122.8,2.27,0,69.2,31.64,low,OK
TX_003010,STORE_06,retail_park,CHK_005,21,1,0,regular,card,1,7,2,0,71,0,0,0,2,205,1000,4,75.5,0.31,0,49.95,20.98,low,OK
TX_003011,STORE_01,city,CHK_030,20,3,0,professional,card,1,10,1,0,139,0,2,0,0,197,987,2,134.6,0.84,0,77.3,36.12,medium,WATCH
TX_003012,STORE_07,hyper,CHK_037,16,5,1,new,card,0,13,2,0,160,1,1,0,3,194,1063,5,157.1,79.15,1,94.35,45.56,medium,OPEN_SUPPORT
TX_003013,STORE_03,mall,CHK_003,15,0,0,new,gift_card,1,9,0,0,113,0,1,2,1,195,994,0,118.0,0.0,0,64.4,28.98,low,OK
TX_003014,STORE_08,hyper,CHK_017,16,6,1,regular,mobile,0,6,1,0,67,0,0,1,3,202,982,3,69.1,0.09,0,42.15,16.66,low,OK
TX_003015,STORE_04,mall,CHK_013,10,5,1,regular,card,0,11,0,0,95,0,0,0,1,192,987,1,106.8,0.41,0,60.0,26.54,low,OK
TX_003016,STORE_08,hyper,CHK_026,12,0,0,regular,mobile,0,12,0,0,110,0,0,1,3,183,982,1,114.6,1.45,0,64.5,29.03,low,OK
TX_003017,STORE_01,city,CHK_017,21,3,0,regular,card,1,11,2,2,220,1,0,0,0,202,987,12,208.0,92.88,1,134.6,67.84,high,OPEN_SUPPORT
TX_003018,STORE_03,mall,CHK_010,8,2,0,new,mobile,1,8,0,0,94,0,1,1,1,204,994,0,90.2,0.0,0,49.9,20.95,low,OK
TX_003019,STORE_08,hyper,CHK_009,15,5,1,regular,mobile,0,14,0,0,141,0,0,1,3,211,982,1,134.4,1.57,0,75.60000000000001,35.18,medium,WATCH
TX_003020,STORE_04,mall,CHK_003,20,2,0,regular,card,0,7,1,0,106,0,0,0,1,195,987,3,99.5,0.15,0,57.95,25.41,low,OK
TX_003021,STORE_06,retail_park,CHK_035,8,3,0,regular,card,0,7,0,0,63,0,0,0,2,218,1000,1,69.2,0.02,0,38.800000000000004,14.81,low,OK
TX_003022,STORE_08,hyper,CHK_008,13,4,0,regular,card,0,7,0,0,73,0,0,0,3,173,982,1,79.1,0.0,0,43.75,17.55,low,OK
TX_003023,STORE_01,city,CHK_040,18,5,1,regular,card,1,7,0,0,74,0,0,0,0,193,987,0,78.0,0.0,0,43.2,17.24,low,OK
TX_003024,STORE_07,hyper,CHK_014,14,4,0,regular,card,0,11,1,1,191,1,0,0,3,213,1063,7,171.4,84.17,1,104.3,51.07,medium,OPEN_SUPPORT
TX_003025,STORE_02,city,CHK_037,18,0,0,regular,gift_card,1,6,2,2,204,1,0,2,0,194,994,12,194.6,83.38,1,124.89999999999999,62.47,high,OPEN_SUPPORT
TX_003026,STORE_06,retail_park,CHK_026,10,5,1,new,card,0,8,0,0,86,0,1,0,2,183,1000,1,97.7,3.36,0,53.65,23.03,low,OK
TX_003027,STORE_01,city,CHK_022,11,0,0,new,mobile,0,11,2,0,129,0,1,1,0,223,987,5,132.9,19.37,0,81.05,38.2,medium,WATCH
TX_003028,STORE_03,mall,CHK_001,16,6,1,new,card,1,1,1,0,33,0,1,0,1,209,994,2,34.7,0.2,0,21.950000000000003,5.48,low,OK
TX_003029,STORE_08,hyper,CHK_003,21,4,0,regular,card,1,3,0,0,38,0,0,0,3,195,982,0,40.1,0.12,0,21.85,5.42,low,OK
TX_003030,STORE_01,city,CHK_040,9,6,1,regular,card,0,5,1,0,67,0,0,0,0,193,987,3,62.3,0.0,0,38.15,14.45,low,OK
TX_003031,STORE_07,hyper,CHK_040,17,1,0,regular,card,1,17,0,1,202,1,0,0,3,193,1063,4,197.8,86.62,1,117.10000000000001,58.15,high,OPEN_SUPPORT
TX_003032,STORE_03,mall,CHK_030,8,2,0,regular,card,1,5,0,2,123,0,0,0,1,197,994,8,127.8,22.68,0,82.9,39.22,medium,WATCH
TX_003033,STORE_01,city,CHK_007,19,5,1,new,card,0,12,1,0,181,1,1,0,0,217,987,3,170.5,35.68,0,96.45,46.72,medium,WATCH
TX_003034,STORE_03,mall,CHK_040,13,2,0,regular,card,1,6,1,0,71,0,0,0,1,193,994,2,71.1,0.01,0,43.15,17.22,low,OK
TX_003035,STORE_06,retail_park,CHK_032,15,0,0,regular,mobile,1,4,1,0,52,0,0,1,2,205,1000,2,53.9,0.01,0,33.35,11.79,low,OK
TX_003036,STORE_04,mall,CHK_025,13,5,1,new,card,1,6,0,1,125,0,1,0,1,213,987,4,123.5,9.18,0,73.35,33.93,low,OK
TX_003037,STORE_05,retail_park,CHK_006,19,2,0,professional,card,1,8,0,0,97,0,2,0,2,223,993,0,99.3,0.16,0,54.449999999999996,23.47,low,OK
TX_003038,STORE_04,mall,CHK_013,11,3,0,regular,card,1,10,1,0,90,0,0,0,1,192,987,2,91.3,0.11,0,55.65,24.14,low,OK
TX_003039,STORE_05,retail_park,CHK_039,19,0,0,regular,card,1,9,0,0,92,0,0,0,2,195,993,0,107.9,0.19,0,59.35,26.18,low,OK
TX_003040,STORE_05,retail_park,CHK_017,13,6,1,regular,card,0,12,0,0,141,0,0,0,2,202,993,1,120.8,2.43,0,67.6,30.75,low,OK
TX_003041,STORE_08,hyper,CHK_029,12,5,1,regular,gift_card,0,9,1,0,110,0,0,2,3,211,982,3,110.2,0.8,0,64.5,29.03,low,OK
TX_003042,STORE_04,mall,CHK_017,18,5,1,new,mobile,0,9,1,0,119,0,1,1,1,202,987,3,124.8,4.05,0,71.80000000000001,33.08,low,OK
TX_003043,STORE_01,city,CHK_009,19,1,0,new,card,0,4,2,0,90,0,1,0,0,211,987,5,81.3,7.23,0,51.05,21.59,low,OK
TX_003044,STORE_06,retail_park,CHK_022,10,0,0,regular,mobile,0,10,1,0,83,0,0,1,2,223,1000,3,90.6,0.52,0,55.3,23.94,low,OK
TX_003045,STORE_08,hyper,CHK_008,18,3,0,regular,card,1,7,0,0,95,0,0,0,3,173,982,0,82.5,0.1,0,45.45,18.49,low,OK
TX_003046,STORE_04,mall,CHK_015,20,1,0,regular,card,1,8,0,1,158,0,0,0,1,207,987,4,134.1,10.97,0,79.85,37.53,medium,WATCH
TX_003047,STORE_06,retail_park,CHK_017,9,2,0,regular,card,0,16,1,0,125,0,0,0,2,202,1000,3,133.8,7.32,0,80.5,37.89,medium,WATCH
TX_003048,STORE_07,hyper,CHK_004,12,5,1,regular,mobile,1,16,1,0,127,0,0,1,3,219,1063,2,140.5,0.0,0,83.85,39.75,medium,WATCH
TX_003049,STORE_07,hyper,CHK_032,17,5,1,professional,mobile,0,13,0,0,104,0,2,1,3,205,1063,1,119.7,18.0,0,67.65,30.78,low,OK
TX_003050,STORE_07,hyper,CHK_017,12,5,1,regular,mobile,0,14,0,0,161,0,0,1,3,202,1063,1,142.4,4.95,0,79.60000000000001,37.39,medium,WATCH
TX_003051,STORE_05,retail_park,CHK_025,21,5,1,regular,card,1,13,0,0,100,0,0,0,2,213,993,0,103.4,0.0,0,59.5,26.27,low,OK
TX_003052,STORE_06,retail_park,CHK_020,17,0,0,regular,card,1,2,0,0,32,0,0,0,2,175,1000,0,33.0,0.01,0,17.7,3.13,low,OK
TX_003053,STORE_02,city,CHK_022,17,6,1,professional,mobile,0,9,0,0,106,0,2,1,0,223,994,1,103.0,0.46,0,56.9,24.83,low,OK
TX_003054,STORE_02,city,CHK_005,10,6,1,new,card,0,13,1,0,134,0,1,0,0,205,994,3,137.3,49.43,0,80.45,37.86,medium,WATCH
TX_003055,STORE_04,mall,CHK_027,17,6,1,new,card,0,15,1,0,186,1,1,0,1,200,987,3,182.0,75.25,1,104.0,50.9,medium,OPEN_SUPPORT
TX_003056,STORE_01,city,CHK_004,8,1,0,regular,card,0,10,0,0,84,0,0,0,0,219,987,1,94.0,0.28,0,53.0,22.67,low,OK
TX_003057,STORE_07,hyper,CHK_001,17,0,0,regular,card,0,12,1,0,123,0,0,0,3,209,1063,3,117.2,2.87,0,69.8,31.97,low,OK
TX_003058,STORE_05,retail_park,CHK_020,13,3,0,regular,mobile,0,13,1,0,157,0,0,1,2,175,993,3,139.9,2.32,0,81.75,38.58,medium,WATCH
TX_003059,STORE_01,city,CHK_008,9,5,1,regular,mobile,0,7,1,0,69,0,0,1,0,173,987,3,74.5,0.0,0,45.45,18.49,low,OK
TX_003060,STORE_08,hyper,CHK_012,18,5,1,professional,card,1,10,2,0,116,0,2,0,3,201,982,4,124.9,1.56,0,76.45,35.65,medium,WATCH
TX_003061,STORE_08,hyper,CHK_014,11,2,0,new,mobile,1,11,1,0,127,0,1,1,3,213,982,2,123.9,1.56,0,72.55,33.49,low,OK
TX_003062,STORE_03,mall,CHK_023,21,4,0,new,card,0,4,1,1,119,1,1,0,1,188,994,7,115.5,90.17,1,72.15,33.27,low,OPEN_SUPPORT
TX_003063,STORE_03,mall,CHK_010,12,2,0,regular,card,0,12,4,0,168,1,0,0,1,204,994,9,150.6,68.04,1,98.5,47.85,medium,MONITOR_QUEUE
TX_003064,STORE_02,city,CHK_005,13,3,0,regular,card,0,8,1,0,84,0,0,0,0,205,994,3,89.1,0.24,0,53.349999999999994,22.86,low,OK
TX_003065,STORE_01,city,CHK_018,18,3,0,regular,card,1,15,0,0,158,0,0,0,0,200,987,0,155.2,0.48,0,86.6,41.27,medium,WATCH
TX_003066,STORE_03,mall,CHK_010,16,0,0,new,card,0,2,2,0,50,0,1,0,1,204,994,5,52.8,4.83,0,35.6,13.04,low,OK
TX_003067,STORE_04,mall,CHK_023,11,4,0,professional,mobile,1,11,2,0,114,0,2,1,1,188,987,4,117.7,1.12,0,73.44999999999999,33.99,low,OK
TX_003068,STORE_04,mall,CHK_012,12,0,0,new,card,1,14,1,1,195,1,1,0,1,201,987,6,203.8,93.0,1,122.30000000000001,61.03,high,OPEN_SUPPORT
TX_003069,STORE_04,mall,CHK_016,17,6,1,regular,card,0,12,1,0,118,0,0,0,1,195,987,3,118.2,2.15,0,70.3,32.24,low,OK
TX_003070,STORE_02,city,CHK_035,16,3,0,regular,card,0,4,1,0,47,0,0,0,0,218,994,3,53.0,0.14,0,32.9,11.54,low,OK
TX_003071,STORE_05,retail_park,CHK_013,11,0,0,new,card,0,13,1,0,171,1,1,0,2,192,993,3,142.4,49.75,0,83.0,39.27,medium,WATCH
TX_003072,STORE_03,mall,CHK_018,20,3,0,professional,card,0,4,0,0,67,0,2,0,1,200,994,1,70.7,3.24,0,37.75,14.23,low,OK
TX_003073,STORE_01,city,CHK_039,18,5,1,regular,gift_card,0,11,0,1,190,1,0,2,0,195,987,5,181.5,77.94,1,105.35,51.65,medium,OPEN_SUPPORT
TX_003074,STORE_04,mall,CHK_010,15,2,0,regular,card,1,7,0,0,70,0,0,0,1,204,987,0,65.2,0.01,0,36.800000000000004,13.7,low,OK
TX_003075,STORE_02,city,CHK_004,20,2,0,regular,card,0,10,0,0,134,0,0,0,0,219,994,1,122.5,0.78,0,67.25,30.56,low,OK
TX_003076,STORE_08,hyper,CHK_012,14,4,0,regular,card,1,9,0,0,78,0,0,0,3,201,982,0,87.2,0.3,0,49.0,20.45,low,OK
TX_003077,STORE_05,retail_park,CHK_031,21,2,0,new,mobile,1,15,0,0,122,0,1,1,2,194,993,0,139.0,1.95,0,78.5,36.78,medium,WATCH
TX_003078,STORE_08,hyper,CHK_006,15,2,0,regular,card,1,15,1,0,136,0,0,0,3,223,982,2,134.6,0.5,0,80.3,37.78,medium,WATCH
TX_003079,STORE_07,hyper,CHK_010,9,5,1,regular,card,1,12,0,1,125,0,0,0,3,204,1063,4,164.7,75.69,1,97.55,47.33,medium,OPEN_SUPPORT
TX_003080,STORE_06,retail_park,CHK_037,12,5,1,regular,gift_card,1,14,1,1,171,1,0,2,2,194,1000,6,176.5,93.64,1,108.65,53.47,medium,OPEN_SUPPORT
TX_003081,STORE_08,hyper,CHK_009,13,2,0,regular,card,0,11,0,1,142,0,0,0,3,211,982,5,143.9,64.51,1,86.55,41.24,medium,MONITOR_QUEUE
TX_003082,STORE_02,city,CHK_013,21,2,0,regular,card,1,7,0,0,68,0,0,0,0,192,994,0,66.1,0.03,0,37.25,13.95,low,OK
TX_003083,STORE_05,retail_park,CHK_030,14,3,0,new,mobile,0,9,2,0,134,0,1,1,2,197,993,5,126.6,11.94,0,76.7,35.79,medium,WATCH
TX_003084,STORE_03,mall,CHK_040,14,3,0,professional,card,0,2,1,1,100,0,2,0,1,193,994,7,93.7,40.6,0,60.050000000000004,26.57,low,OK
TX_003085,STORE_01,city,CHK_023,14,3,0,new,mobile,1,4,1,0,68,0,1,1,0,188,987,2,65.7,0.1,0,39.25,15.06,low,OK
TX_003086,STORE_05,retail_park,CHK_019,10,1,0,new,card,0,4,2,1,108,1,1,0,2,187,993,9,108.5,90.78,1,72.65,33.55,low,OPEN_SUPPORT
TX_003087,STORE_08,hyper,CHK_019,19,3,0,regular,card,0,15,1,0,177,0,0,0,3,187,982,3,172.2,2.95,0,99.1,48.19,medium,WATCH
TX_003088,STORE_04,mall,CHK_016,21,5,1,professional,mobile,1,14,0,0,128,0,2,1,1,195,987,0,134.0,1.06,0,75.4,35.07,medium,WATCH
TX_003089,STORE_03,mall,CHK_007,10,2,0,new,mobile,1,7,0,1,125,0,1,1,1,217,994,4,129.3,7.03,0,76.85000000000001,35.87,medium,WATCH
TX_003090,STORE_08,hyper,CHK_029,9,1,0,regular,card,0,8,0,1,124,0,0,0,3,211,982,5,126.5,8.94,0,76.05,35.43,medium,WATCH
TX_003091,STORE_04,mall,CHK_037,12,2,0,new,card,1,8,0,1,143,0,1,0,1,194,987,4,139.7,9.88,0,82.64999999999999,39.08,medium,WATCH
TX_003092,STORE_08,hyper,CHK_009,13,6,1,regular,card,0,14,1,0,138,0,0,0,3,211,982,3,144.0,4.07,0,84.4,40.05,medium,WATCH
TX_003093,STORE_03,mall,CHK_024,19,2,0,professional,card,1,9,1,0,124,0,2,0,1,217,994,2,122.5,0.22,0,70.65,32.44,low,OK
TX_003094,STORE_07,hyper,CHK_030,11,2,0,professional,gift_card,1,18,1,0,166,0,2,2,3,197,1063,2,177.6,3.12,0,103.6,50.68,medium,WATCH
TX_003095,STORE_08,hyper,CHK_018,20,4,0,regular,card,1,13,0,0,154,0,0,0,3,200,982,0,129.4,0.45,0,72.5,33.46,low,OK
TX_003096,STORE_06,retail_park,CHK_032,13,2,0,regular,card,1,11,2,0,113,0,0,0,2,205,1000,4,122.6,1.62,0,75.89999999999999,35.34,medium,WATCH
TX_003097,STORE_07,hyper,CHK_032,13,6,1,regular,mobile,0,6,0,0,64,0,0,1,3,205,1063,1,67.8,0.06,0,37.5,14.09,low,OK
TX_003098,STORE_05,retail_park,CHK_022,14,0,0,new,card,0,5,1,0,77,0,1,0,2,223,993,3,76.6,2.85,0,45.3,18.41,low,OK
TX_003099,STORE_08,hyper,CHK_022,11,4,0,new,card,1,3,0,0,45,0,1,0,3,223,982,0,46.9,0.1,0,25.25,7.31,low,OK
TX_003100,STORE_02,city,CHK_025,12,4,0,regular,mobile,0,6,0,0,62,0,0,1,0,213,994,1,67.1,0.14,0,37.15,13.89,low,OK
TX_003101,STORE_07,hyper,CHK_004,9,3,0,new,card,0,6,1,0,80,0,1,0,3,219,1063,3,80.8,5.18,0,48.0,19.9,low,OK
TX_003102,STORE_06,retail_park,CHK_026,10,6,1,regular,card,0,13,1,0,108,0,0,0,2,183,1000,3,117.4,4.13,0,70.5,32.36,low,OK
TX_003103,STORE_01,city,CHK_026,14,5,1,new,card,0,4,0,1,89,1,1,0,0,183,987,5,98.0,91.17,1,59.4,26.21,low,OPEN_SUPPORT
TX_003104,STORE_05,retail_park,CHK_019,9,1,0,new,card,1,13,0,0,131,0,1,0,2,187,993,0,123.4,2.59,0,69.5,31.8,low,OK
TX_003105,STORE_03,mall,CHK_019,9,2,0,regular,card,1,9,1,0,75,0,0,0,1,187,994,2,82.7,0.06,0,50.75,21.42,low,OK
TX_003106,STORE_06,retail_park,CHK_013,14,0,0,regular,mobile,1,9,2,0,110,0,0,1,2,192,1000,4,98.7,0.71,0,62.75,28.07,low,OK
TX_003107,STORE_05,retail_park,CHK_020,8,3,0,regular,mobile,0,7,1,1,116,0,0,1,2,175,993,7,115.4,15.6,0,73.9,34.24,low,OK
TX_003108,STORE_07,hyper,CHK_013,8,0,0,regular,mobile,0,18,0,0,169,0,0,1,3,192,1063,1,157.7,5.89,0,89.64999999999999,42.96,medium,WATCH
TX_003109,STORE_05,retail_park,CHK_022,14,4,0,regular,card,1,7,2,0,77,0,0,0,2,223,993,4,79.3,0.06,0,51.85,22.03,low,OK
TX_003110,STORE_03,mall,CHK_006,8,5,1,new,card,1,7,0,0,66,0,1,0,1,223,994,0,74.7,0.39,0,41.550000000000004,16.33,low,OK
TX_003111,STORE_03,mall,CHK_024,9,1,0,new,mobile,0,14,2,1,196,1,1,1,1,217,994,9,195.1,97.53,1,121.95,60.84,high,OPEN_SUPPORT
TX_003112,STORE_05,retail_park,CHK_015,16,6,1,regular,card,1,11,2,2,176,1,0,0,2,207,993,12,182.2,93.73,1,121.69999999999999,60.7,high,OPEN_SUPPORT
TX_003113,STORE_04,mall,CHK_003,14,1,0,regular,card,0,8,0,0,80,0,0,0,1,195,987,1,88.1,0.28,0,48.849999999999994,20.37,low,OK
TX_003114,STORE_05,retail_park,CHK_014,11,0,0,new,card,1,12,2,0,138,0,1,0,2,213,993,4,134.8,4.42,0,82.60000000000001,39.05,medium,WATCH
TX_003115,STORE_06,retail_park,CHK_031,18,2,0,regular,card,1,5,1,1,93,0,0,0,2,194,1000,6,111.2,8.98,0,70.6,32.41,low,OK
TX_003116,STORE_04,mall,CHK_028,8,4,0,regular,mobile,1,16,0,0,140,0,0,1,1,218,987,0,136.7,0.0,0,77.94999999999999,36.48,medium,WATCH
TX_003117,STORE_04,mall,CHK_013,11,2,0,new,mobile,0,10,0,0,91,0,1,1,1,192,987,1,100.8,4.76,0,56.4,24.55,low,OK
TX_003118,STORE_05,retail_park,CHK_025,11,3,0,regular,card,1,6,1,0,72,0,0,0,2,213,993,2,70.1,0.0,0,42.65,16.94,low,OK
TX_003119,STORE_06,retail_park,CHK_015,15,0,0,professional,card,1,6,1,1,96,0,2,0,2,207,1000,6,107.4,10.17,0,69.3,31.69,low,OK
TX_003120,STORE_01,city,CHK_024,14,0,0,regular,card,1,18,1,0,139,0,0,0,0,217,987,2,153.6,0.0,0,91.6,44.04,medium,WATCH
TX_003121,STORE_03,mall,CHK_036,11,6,1,new,card,1,10,3,0,127,0,1,0,1,205,994,6,125.5,10.12,0,80.75,38.03,medium,WATCH
TX_003122,STORE_03,mall,CHK_040,16,0,0,regular,card,1,1,0,0,25,0,0,0,1,193,994,0,25.0,0.04,0,13.1,0.58,low,OK
TX_003123,STORE_04,mall,CHK_035,18,2,0,regular,card,1,7,1,1,150,0,0,0,1,218,987,6,134.7,8.49,0,83.55,39.58,medium,WATCH
TX_003124,STORE_07,hyper,CHK_025,15,1,0,regular,card,0,7,1,1,115,0,0,0,3,213,1063,7,120.4,28.95,0,76.4,35.62,medium,WATCH
TX_003125,STORE_07,hyper,CHK_035,14,2,0,regular,gift_card,0,10,0,0,99,0,0,2,3,218,1063,1,105.6,0.42,0,58.8,25.88,low,OK
TX_003126,STORE_04,mall,CHK_040,20,2,0,new,mobile,1,4,2,0,70,0,1,1,1,193,987,4,69.4,0.37,0,45.1,18.3,low,OK
TX_003127,STORE_06,retail_park,CHK_014,8,4,0,regular,mobile,0,16,2,1,193,1,0,1,2,213,1000,9,179.8,68.23,1,115.5,57.27,high,MONITOR_QUEUE
TX_003128,STORE_06,retail_park,CHK_033,17,1,0,professional,card,1,3,0,0,39,0,2,0,2,192,1000,0,43.7,0.29,0,23.650000000000002,6.42,low,OK
TX_003129,STORE_05,retail_park,CHK_028,21,5,1,regular,card,0,12,0,0,97,0,0,0,2,218,993,1,98.4,1.31,0,56.400000000000006,24.55,low,OK
TX_003130,STORE_07,hyper,CHK_016,12,2,0,regular,card,0,8,3,0,126,0,0,0,3,195,1063,7,120.2,3.76,0,76.89999999999999,35.9,medium,WATCH
TX_003131,STORE_01,city,CHK_001,10,1,0,new,mobile,1,5,1,1,121,0,1,1,0,209,987,6,114.3,16.19,0,72.15,33.27,low,OK
TX_003132,STORE_07,hyper,CHK_012,8,5,1,regular,card,0,17,0,0,151,0,0,0,3,201,1063,1,150.9,1.77,0,85.65,40.74,medium,WATCH
TX_003133,STORE_01,city,CHK_034,11,0,0,regular,card,0,13,0,1,130,0,0,0,0,189,987,5,171.0,80.3,1,101.3,49.4,medium,OPEN_SUPPORT
TX_003134,STORE_07,hyper,CHK_028,16,1,0,new,card,0,6,1,1,100,1,1,0,3,218,1063,7,107.7,85.48,1,69.44999999999999,31.77,low,OPEN_SUPPORT
TX_003135,STORE_07,hyper,CHK_020,18,0,0,regular,card,0,6,0,0,89,0,0,0,3,175,1063,1,83.1,0.13,0,45.15,18.32,low,OK
TX_003136,STORE_07,hyper,CHK_022,8,6,1,new,card,1,16,0,1,195,1,1,0,3,223,1063,4,189.9,71.01,1,112.55,55.63,high,OPEN_SUPPORT
TX_003137,STORE_03,mall,CHK_040,16,0,0,new,card,1,11,0,0,127,0,1,0,1,193,994,0,116.4,1.38,0,64.8,29.2,low,OK
TX_003138,STORE_03,mall,CHK_038,8,3,0,new,card,0,11,2,0,138,0,1,0,1,194,994,5,137.6,29.35,0,83.39999999999999,39.5,medium,WATCH
TX_003139,STORE_01,city,CHK_015,20,5,1,regular,card,0,3,0,0,45,0,0,0,0,207,987,1,48.9,0.61,0,26.25,7.86,low,OK
TX_003140,STORE_02,city,CHK_038,12,4,0,new,card,1,11,0,0,143,0,1,0,0,194,994,0,124.8,0.35,0,69.0,31.53,low,OK
TX_003141,STORE_01,city,CHK_037,12,6,1,regular,card,1,12,2,2,193,1,0,0,0,194,987,12,193.3,90.99,1,127.85000000000001,64.1,high,OPEN_SUPPORT
TX_003142,STORE_05,retail_park,CHK_038,20,5,1,regular,card,0,8,1,0,101,0,0,0,2,194,993,3,98.3,0.16,0,57.949999999999996,25.41,low,OK
TX_003143,STORE_08,hyper,CHK_031,9,3,0,new,card,0,18,1,1,224,1,1,0,3,194,982,7,229.5,89.45,1,137.55,69.47,high,OPEN_SUPPORT
TX_003144,STORE_06,retail_park,CHK_031,9,5,1,regular,card,0,7,0,1,113,0,0,0,2,194,1000,5,116.9,15.36,0,70.65,32.44,low,OK
TX_003145,STORE_02,city,CHK_020,17,6,1,new,card,0,3,0,0,53,0,1,0,0,175,994,1,54.0,2.28,0,28.8,9.27,low,OK
TX_003146,STORE_02,city,CHK_021,20,2,0,regular,gift_card,1,9,0,1,187,1,0,2,0,203,994,4,148.2,24.67,0,87.5,41.77,medium,WATCH
TX_003147,STORE_03,mall,CHK_032,9,5,1,professional,card,0,3,0,0,46,0,2,0,1,205,994,1,47.5,1.04,0,25.55,7.47,low,OK
TX_003148,STORE_03,mall,CHK_026,19,4,0,regular,card,0,10,1,0,136,0,0,0,1,183,994,3,125.8,0.59,0,72.9,33.68,low,OK
TX_003149,STORE_03,mall,CHK_034,14,0,0,new,card,0,4,1,0,80,0,1,0,1,189,994,3,72.5,4.39,0,42.65,16.94,low,OK
TX_003150,STORE_04,mall,CHK_034,15,4,0,regular,gift_card,1,9,0,1,116,0,0,2,1,189,987,4,134.0,12.45,0,80.4,37.84,medium,WATCH
TX_003151,STORE_02,city,CHK_011,11,6,1,new,gift_card,1,12,1,0,160,0,1,2,0,179,994,2,144.3,2.01,0,83.35000000000001,39.47,medium,WATCH
TX_003152,STORE_04,mall,CHK_022,10,1,0,regular,card,0,10,1,0,86,0,0,0,1,223,987,3,92.9,0.34,0,56.45,24.58,low,OK
TX_003153,STORE_06,retail_park,CHK_039,9,2,0,new,mobile,0,5,1,1,98,1,1,1,2,195,1000,7,105.8,93.96,1,67.9,30.92,low,OPEN_SUPPORT
TX_003154,STORE_02,city,CHK_009,14,2,0,regular,card,1,7,0,0,65,0,0,0,0,211,994,0,70.1,0.01,0,39.25,15.06,low,OK
TX_003155,STORE_07,hyper,CHK_029,20,6,1,regular,card,1,8,0,2,193,1,0,0,3,211,1063,8,180.3,81.85,1,110.95,54.75,medium,OPEN_SUPPORT
TX_003156,STORE_01,city,CHK_037,12,1,0,professional,mobile,1,10,2,0,113,0,2,1,0,194,987,4,113.7,2.03,0,70.85,32.55,low,OK
TX_003157,STORE_05,retail_park,CHK_028,10,4,0,regular,card,0,9,1,0,98,0,0,0,2,218,993,3,94.1,0.19,0,56.449999999999996,24.58,low,OK
TX_003158,STORE_06,retail_park,CHK_023,15,0,0,regular,card,1,5,0,1,105,0,0,0,2,188,1000,4,102.8,6.83,0,62.4,27.87,low,OK
TX_003159,STORE_07,hyper,CHK_009,9,0,0,regular,card,1,16,0,1,180,1,0,0,3,211,1063,4,178.2,89.03,1,106.69999999999999,52.39,medium,OPEN_SUPPORT
TX_003160,STORE_02,city,CHK_030,21,3,0,regular,card,1,9,0,0,82,0,0,0,0,197,994,0,79.0,0.61,0,44.9,18.18,low,OK
TX_003161,STORE_02,city,CHK_011,13,3,0,professional,card,1,1,1,0,34,0,2,0,0,179,994,2,33.8,0.1,0,21.5,5.23,low,OK
TX_003162,STORE_07,hyper,CHK_038,15,0,0,regular,card,1,6,3,0,78,0,0,0,3,194,1063,6,77.9,0.41,0,54.550000000000004,23.53,low,OK
TX_003163,STORE_04,mall,CHK_007,17,4,0,regular,card,0,1,0,0,25,0,0,0,1,217,987,1,26.3,0.3,0,13.75,0.94,low,OK
TX_003164,STORE_02,city,CHK_007,19,2,0,regular,card,0,9,2,0,117,0,0,0,0,217,994,5,117.6,0.3,0,72.2,33.3,low,OK
TX_003165,STORE_06,retail_park,CHK_035,11,4,0,regular,mobile,1,5,0,0,42,0,0,1,2,218,1000,0,51.5,0.0,0,28.75,9.24,low,OK
TX_003166,STORE_06,retail_park,CHK_023,9,4,0,regular,card,1,3,1,2,124,0,0,0,2,188,1000,10,128.0,18.43,0,85.8,40.82,medium,WATCH
TX_003167,STORE_01,city,CHK_037,21,5,1,regular,card,1,11,1,0,106,0,0,0,0,194,987,2,103.3,0.2,0,62.25,27.79,low,OK
TX_003168,STORE_05,retail_park,CHK_018,9,0,0,regular,card,0,10,2,0,107,0,0,0,2,200,993,5,104.9,1.23,0,66.45,30.11,low,OK
TX_003169,STORE_07,hyper,CHK_030,14,5,1,new,card,1,8,1,0,91,0,1,0,3,197,1063,2,97.5,0.0,0,57.55,25.19,low,OK
TX_003170,STORE_01,city,CHK_009,11,2,0,new,card,1,9,1,0,110,0,1,0,0,211,987,2,105.9,0.07,0,62.35,27.84,low,OK
TX_003171,STORE_03,mall,CHK_034,16,1,0,regular,card,1,2,0,1,69,0,0,0,1,189,994,4,71.2,6.75,0,44.800000000000004,18.13,low,OK
TX_003172,STORE_05,retail_park,CHK_023,12,4,0,regular,mobile,1,8,0,0,91,0,0,1,2,188,993,0,84.6,0.0,0,47.099999999999994,19.4,low,OK
TX_003173,STORE_01,city,CHK_039,14,4,0,new,mobile,1,6,2,1,146,0,1,1,0,195,987,8,140.1,40.03,0,89.64999999999999,42.96,medium,WATCH
TX_003174,STORE_04,mall,CHK_018,12,5,1,new,card,1,4,0,0,60,0,1,0,1,200,987,0,58.2,0.2,0,31.5,10.77,low,OK
TX_003175,STORE_04,mall,CHK_020,13,3,0,regular,mobile,1,12,3,0,148,0,0,1,1,175,987,6,137.5,6.38,0,87.95,42.01,medium,WATCH
TX_003176,STORE_02,city,CHK_023,14,0,0,professional,card,1,6,1,0,79,0,2,0,0,188,994,2,75.6,0.05,0,45.4,18.46,low,OK
TX_003177,STORE_03,mall,CHK_038,15,1,0,regular,card,0,10,2,2,192,1,0,0,1,194,994,13,198.0,94.8,1,129.0,64.74,high,OPEN_SUPPORT
TX_003178,STORE_04,mall,CHK_001,12,2,0,professional,card,1,7,0,1,136,0,2,0,1,209,987,4,134.6,6.49,0,79.5,37.34,medium,WATCH
TX_003179,STORE_01,city,CHK_011,12,5,1,new,card,1,9,0,0,129,0,1,0,0,179,987,0,117.6,0.0,0,64.2,28.87,low,OK
TX_003180,STORE_03,mall,CHK_004,17,0,0,regular,card,0,10,1,0,90,0,0,0,1,219,994,3,96.9,0.22,0,58.45,25.69,low,OK
TX_003181,STORE_01,city,CHK_030,13,2,0,regular,card,0,8,0,0,103,0,0,0,0,197,987,1,88.9,0.19,0,49.25,20.59,low,OK
TX_003182,STORE_04,mall,CHK_020,20,6,1,new,card,1,11,1,0,144,0,1,0,1,175,987,2,137.2,1.9,0,79.19999999999999,37.17,medium,WATCH
TX_003183,STORE_06,retail_park,CHK_014,21,3,0,regular,mobile,0,12,0,0,104,0,0,1,2,213,1000,1,95.7,1.62,0,55.05,23.8,low,OK
TX_003184,STORE_02,city,CHK_005,20,6,1,new,card,0,13,1,0,194,1,1,0,0,205,994,3,186.8,72.76,1,105.2,51.56,medium,OPEN_SUPPORT
TX_003185,STORE_06,retail_park,CHK_030,19,3,0,new,card,1,5,3,0,102,0,1,0,2,197,1000,6,98.4,2.25,0,64.2,28.87,low,OK
TX_003186,STORE_07,hyper,CHK_007,18,3,0,regular,card,1,11,0,0,114,0,0,0,3,217,1063,0,114.0,0.42,0,63.6,28.54,low,OK
TX_003187,STORE_03,mall,CHK_021,16,3,0,regular,mobile,0,8,0,0,65,0,0,1,1,203,994,1,71.7,0.19,0,40.65,15.83,low,OK
TX_003188,STORE_05,retail_park,CHK_030,9,6,1,new,mobile,1,6,0,0,78,0,1,1,2,197,993,0,71.4,0.49,0,39.300000000000004,15.08,low,OK
TX_003189,STORE_08,hyper,CHK_039,18,1,0,professional,mobile,0,10,0,0,125,0,2,1,3,195,982,1,125.8,4.43,0,68.9,31.47,low,OK
TX_003190,STORE_02,city,CHK_018,16,5,1,new,card,1,9,1,0,100,0,1,0,0,200,994,2,106.0,0.85,0,62.4,27.87,low,OK
TX_003191,STORE_08,hyper,CHK_005,16,6,1,regular,card,0,14,2,1,167,1,0,0,3,205,982,9,167.2,89.58,1,108.0,53.11,medium,OPEN_SUPPORT
TX_003192,STORE_04,mall,CHK_025,18,4,0,professional,card,0,8,0,0,111,0,2,0,1,213,987,1,105.8,2.16,0,57.699999999999996,25.27,low,OK
TX_003193,STORE_03,mall,CHK_040,18,4,0,regular,card,1,7,2,1,122,0,0,0,1,193,994,8,124.7,20.89,0,82.55,39.03,medium,WATCH
TX_003194,STORE_05,retail_park,CHK_027,20,2,0,new,card,1,19,0,0,202,0,1,0,2,200,993,0,217.3,2.17,0,120.05000000000001,59.78,high,MONITOR_QUEUE
TX_003195,STORE_04,mall,CHK_001,15,5,1,regular,card,0,12,0,0,100,0,0,0,1,209,987,1,110.5,2.05,0,62.45,27.9,low,OK
TX_003196,STORE_01,city,CHK_037,13,6,1,regular,card,1,11,1,0,132,0,0,0,0,194,987,2,113.1,0.43,0,67.14999999999999,30.5,low,OK
TX_003197,STORE_01,city,CHK_028,20,6,1,professional,card,0,4,1,0,72,0,2,0,0,218,987,3,71.6,1.65,0,42.199999999999996,16.69,low,OK
TX_003198,STORE_04,mall,CHK_034,17,5,1,regular,card,0,7,0,1,127,0,0,0,1,189,987,5,121.0,19.63,0,72.7,33.57,low,OK
TX_003199,STORE_01,city,CHK_033,11,2,0,new,card,0,13,1,0,121,0,1,0,0,192,987,3,137.7,37.07,0,80.64999999999999,37.97,medium,WATCH
TX_003200,STORE_03,mall,CHK_021,16,2,0,regular,card,1,9,0,1,122,0,0,0,1,203,994,4,136.5,23.13,0,81.65,38.53,medium,WATCH
TX_003201,STORE_06,retail_park,CHK_005,12,2,0,new,card,0,10,0,1,172,1,1,0,2,205,1000,5,169.4,92.17,1,98.7,47.97,medium,OPEN_SUPPORT
TX_003202,STORE_08,hyper,CHK_003,10,0,0,regular,card,1,11,0,1,114,0,0,0,3,195,982,4,124.1,35.18,0,76.64999999999999,35.76,medium,WATCH
TX_003203,STORE_08,hyper,CHK_006,13,3,0,new,card,1,9,2,0,138,0,1,0,3,223,982,4,128.0,0.54,0,77.4,36.17,medium,WATCH
TX_003204,STORE_01,city,CHK_032,11,2,0,regular,card,0,10,1,0,86,0,0,0,0,205,987,3,97.4,0.48,0,58.7,25.82,low,OK
TX_003205,STORE_03,mall,CHK_028,11,6,1,regular,card,0,8,1,1,125,0,0,0,1,218,994,7,123.3,20.09,0,78.45,36.76,medium,WATCH
TX_003206,STORE_01,city,CHK_027,15,2,0,regular,mobile,1,1,1,1,71,0,0,1,0,200,987,6,70.3,5.51,0,47.75,19.76,low,OK
TX_003207,STORE_02,city,CHK_030,14,4,0,new,card,0,6,0,0,102,0,1,0,0,197,994,1,79.9,6.44,0,43.550000000000004,17.44,low,OK
TX_003208,STORE_03,mall,CHK_035,20,3,0,new,card,1,7,1,1,143,0,1,0,1,218,994,6,133.7,21.33,0,83.05,39.3,medium,WATCH
TX_003209,STORE_05,retail_park,CHK_007,8,4,0,regular,mobile,0,5,2,0,57,0,0,1,2,217,993,5,60.9,0.1,0,41.45,16.27,low,OK
TX_003210,STORE_02,city,CHK_018,13,2,0,regular,card,1,14,2,0,133,0,0,0,0,200,994,4,130.6,2.52,0,81.7,38.56,medium,WATCH
TX_003211,STORE_07,hyper,CHK_006,14,3,0,regular,card,1,7,1,1,137,0,0,0,3,223,1063,6,131.0,10.15,0,81.7,38.56,medium,WATCH
TX_003212,STORE_05,retail_park,CHK_011,16,6,1,new,card,1,4,1,2,130,0,1,0,2,179,993,10,135.6,42.96,0,90.2,43.26,medium,WATCH
TX_003213,STORE_06,retail_park,CHK_019,21,2,0,regular,mobile,1,12,0,0,104,0,0,1,2,187,1000,0,104.8,0.0,0,59.599999999999994,26.32,low,OK
TX_003214,STORE_03,mall,CHK_001,8,3,0,regular,mobile,0,11,0,0,116,0,0,1,1,209,994,1,105.7,0.47,0,59.45,26.24,low,OK
TX_003215,STORE_06,retail_park,CHK_039,20,0,0,regular,card,0,13,0,0,152,0,0,0,2,195,1000,1,142.6,6.5,0,79.1,37.12,medium,WATCH
TX_003216,STORE_06,retail_park,CHK_023,12,5,1,regular,card,0,9,0,0,118,0,0,0,2,188,1000,1,106.8,0.0,0,58.8,25.88,low,OK
TX_003217,STORE_02,city,CHK_031,16,3,0,new,gift_card,0,8,1,0,120,0,1,2,0,194,994,3,111.6,3.32,0,64.6,29.09,low,OK
TX_003218,STORE_01,city,CHK_035,9,1,0,professional,mobile,1,8,0,0,81,0,2,1,0,218,987,0,85.7,0.0,0,47.65,19.71,low,OK
TX_003219,STORE_03,mall,CHK_034,14,3,0,regular,card,0,13,1,0,131,0,0,0,1,189,994,3,133.7,5.11,0,78.64999999999999,36.87,medium,WATCH
TX_003220,STORE_08,hyper,CHK_012,19,2,0,professional,card,0,14,3,0,165,1,2,0,3,201,982,7,172.5,83.2,1,106.65,52.37,medium,OPEN_SUPPORT
TX_003221,STORE_04,mall,CHK_021,13,6,1,professional,card,0,15,0,0,152,0,2,0,1,203,987,1,157.5,25.67,0,87.75,41.9,medium,WATCH
TX_003222,STORE_07,hyper,CHK_006,13,2,0,professional,card,0,14,2,0,174,0,2,0,3,223,1063,5,151.7,47.77,0,92.25,44.4,medium,WATCH
TX_003223,STORE_07,hyper,CHK_009,19,4,0,new,card,1,9,2,1,180,1,1,0,3,211,1063,8,171.8,82.64,1,107.30000000000001,52.73,medium,OPEN_SUPPORT
TX_003224,STORE_01,city,CHK_021,15,6,1,regular,card,0,13,0,0,129,0,0,0,0,203,987,1,121.9,3.27,0,68.75,31.39,low,OK
TX_003225,STORE_02,city,CHK_019,19,5,1,professional,gift_card,1,7,0,0,101,0,2,2,0,187,994,0,97.8,0.0,0,53.1,22.72,low,OK
TX_003226,STORE_06,retail_park,CHK_022,14,1,0,new,card,1,11,0,0,136,0,1,0,2,223,1000,0,132.0,0.94,0,72.6,33.52,low,OK
TX_003227,STORE_06,retail_park,CHK_020,15,1,0,regular,mobile,1,16,0,2,234,1,0,1,2,175,1000,8,230.8,96.82,1,141.0,71.38,high,OPEN_SUPPORT
TX_003228,STORE_08,hyper,CHK_036,12,0,0,professional,card,1,14,1,1,233,1,2,0,3,205,982,6,218.8,94.24,1,129.8,65.18,high,OPEN_SUPPORT
TX_003229,STORE_03,mall,CHK_017,19,2,0,professional,card,1,10,0,0,115,0,2,0,1,202,994,0,120.5,0.48,0,66.25,30.0,low,OK
TX_003230,STORE_01,city,CHK_034,19,6,1,professional,card,0,16,0,0,166,0,2,0,0,189,987,1,176.1,25.94,0,97.64999999999999,47.38,medium,WATCH
TX_003231,STORE_06,retail_park,CHK_029,20,4,0,regular,card,1,6,1,1,126,0,0,0,2,211,1000,6,125.4,10.97,0,78.3,36.67,medium,WATCH
TX_003232,STORE_03,mall,CHK_014,10,4,0,regular,mobile,0,10,0,0,86,0,0,1,1,213,994,1,94.0,0.15,0,53.0,22.67,low,OK
TX_003233,STORE_01,city,CHK_036,13,6,1,regular,card,0,6,0,0,62,0,0,0,0,205,987,1,67.4,0.0,0,37.300000000000004,13.98,low,OK
TX_003234,STORE_02,city,CHK_026,19,4,0,new,card,1,1,0,0,34,0,1,0,0,183,994,0,34.4,0.05,0,17.8,3.18,low,OK
TX_003235,STORE_08,hyper,CHK_037,17,6,1,regular,card,0,10,1,0,96,0,0,0,3,194,982,3,93.3,0.76,0,56.65,24.69,low,OK
TX_003236,STORE_03,mall,CHK_028,21,5,1,regular,card,0,11,1,0,94,0,0,0,1,218,994,3,101.2,3.5,0,61.2,27.21,low,OK
TX_003237,STORE_07,hyper,CHK_001,16,6,1,regular,gift_card,0,7,2,0,91,0,0,2,3,209,1063,5,92.6,1.66,0,58.5,25.71,low,OK
TX_003238,STORE_08,hyper,CHK_031,10,1,0,regular,mobile,1,8,0,0,61,0,0,1,3,194,982,0,69.3,0.1,0,39.449999999999996,15.17,low,OK
TX_003239,STORE_06,retail_park,CHK_037,13,4,0,new,card,1,13,3,0,153,0,1,0,2,194,1000,6,158.7,35.34,0,99.14999999999999,48.21,medium,WATCH
TX_003240,STORE_08,hyper,CHK_039,18,1,0,regular,card,1,10,0,0,94,0,0,0,3,195,982,0,103.7,0.41,0,57.85,25.35,low,OK
TX_003241,STORE_06,retail_park,CHK_010,18,5,1,regular,card,1,9,2,0,122,0,0,0,2,204,1000,4,113.6,1.45,0,70.2,32.19,low,OK
TX_003242,STORE_07,hyper,CHK_033,17,6,1,regular,card,0,4,1,0,49,0,0,0,3,192,1063,3,55.3,0.06,0,34.05,12.18,low,OK
TX_003243,STORE_04,mall,CHK_040,13,5,1,professional,card,0,10,1,1,172,1,2,0,1,193,987,7,167.1,90.14,1,101.55,49.54,medium,OPEN_SUPPORT
TX_003244,STORE_01,city,CHK_023,19,1,0,regular,card,0,7,1,0,107,0,0,0,0,188,987,3,99.8,0.11,0,58.1,25.49,low,OK
TX_003245,STORE_07,hyper,CHK_014,10,2,0,professional,card,0,17,0,0,139,0,2,0,3,213,1063,1,190.1,28.56,0,105.25,51.59,medium,WATCH
TX_003246,STORE_07,hyper,CHK_038,8,2,0,new,card,0,5,0,0,60,0,1,0,3,194,1063,1,70.5,4.58,0,38.25,14.5,low,OK
TX_003247,STORE_07,hyper,CHK_035,16,4,0,regular,card,1,6,1,0,73,0,0,0,3,218,1063,2,66.7,0.0,0,40.95,16.0,low,OK
TX_003248,STORE_02,city,CHK_011,11,5,1,new,card,1,7,2,0,102,0,1,0,0,179,994,4,101.9,0.1,0,63.150000000000006,28.29,low,OK
TX_003249,STORE_08,hyper,CHK_002,14,2,0,regular,card,1,6,0,0,64,0,0,0,3,161,982,0,66.9,0.1,0,37.050000000000004,13.84,low,OK
TX_003250,STORE_07,hyper,CHK_026,15,4,0,regular,card,0,11,1,0,110,0,0,0,3,183,1063,3,112.3,1.57,0,66.75,30.28,low,OK
TX_003251,STORE_01,city,CHK_031,14,2,0,regular,card,1,6,1,0,63,0,0,0,0,194,987,2,69.4,0.01,0,42.300000000000004,16.75,low,OK
TX_003252,STORE_06,retail_park,CHK_016,15,4,0,regular,card,0,12,0,0,119,0,0,0,2,195,1000,1,114.4,2.23,0,64.4,28.98,low,OK
TX_003253,STORE_01,city,CHK_001,9,5,1,regular,card,0,8,3,0,102,0,0,0,0,209,987,7,99.7,1.81,0,66.65,30.22,low,OK
TX_003254,STORE_05,retail_park,CHK_002,19,1,0,regular,card,1,4,1,0,67,0,0,0,2,161,993,2,62.9,0.01,0,37.85,14.28,low,OK
TX_003255,STORE_03,mall,CHK_013,17,6,1,regular,card,1,6,0,0,58,0,0,0,1,192,994,0,59.3,0.0,0,33.25,11.74,low,OK
TX_003256,STORE_07,hyper,CHK_034,13,4,0,new,card,1,8,2,0,95,0,1,0,3,189,1063,4,102.1,0.13,0,63.849999999999994,28.67,low,OK
TX_003257,STORE_08,hyper,CHK_004,16,3,0,regular,card,1,12,0,0,89,0,0,0,3,219,982,0,100.8,0.36,0,57.599999999999994,25.21,low,OK
TX_003258,STORE_03,mall,CHK_003,16,5,1,regular,card,1,8,0,0,84,0,0,0,1,195,994,0,74.5,0.03,0,42.05,16.61,low,OK
TX_003259,STORE_02,city,CHK_039,8,3,0,regular,card,1,12,1,0,105,0,0,0,0,195,994,2,104.8,0.0,0,63.599999999999994,28.54,low,OK
TX_003260,STORE_06,retail_park,CHK_038,13,0,0,new,card,0,11,1,1,197,1,1,0,2,194,1000,7,182.9,96.86,1,110.05,54.25,medium,OPEN_SUPPORT
TX_003261,STORE_04,mall,CHK_037,10,4,0,new,card,0,13,1,0,127,0,1,0,1,194,987,3,135.9,43.56,0,79.75,37.48,medium,WATCH
TX_003262,STORE_04,mall,CHK_025,15,5,1,regular,card,1,12,0,0,94,0,0,0,1,213,987,0,108.1,0.0,0,61.25,27.23,low,OK
TX_003263,STORE_02,city,CHK_010,12,1,0,regular,gift_card,0,8,1,0,90,0,0,2,0,204,994,3,95.8,0.27,0,56.699999999999996,24.72,low,OK
TX_003264,STORE_07,hyper,CHK_034,20,2,0,regular,mobile,1,17,1,1,251,1,0,1,3,189,1063,6,232.1,89.24,1,138.25,69.86,high,OPEN_SUPPORT
TX_003265,STORE_05,retail_park,CHK_018,18,3,0,new,card,0,11,0,0,172,1,1,0,2,200,993,1,152.5,51.61,1,82.85,39.19,medium,MONITOR_QUEUE
TX_003266,STORE_08,hyper,CHK_009,19,3,0,regular,card,0,5,1,0,83,0,0,0,3,211,982,3,80.4,0.55,0,47.2,19.46,low,OK
TX_003267,STORE_04,mall,CHK_022,10,5,1,regular,mobile,0,1,0,1,80,0,0,1,1,223,987,5,76.9,7.75,0,47.050000000000004,19.37,low,OK
TX_003268,STORE_01,city,CHK_026,9,4,0,new,card,0,6,0,0,66,0,1,0,0,183,987,1,75.9,2.89,0,41.550000000000004,16.33,low,OK
TX_003269,STORE_06,retail_park,CHK_017,12,5,1,new,card,0,13,0,0,173,1,1,0,2,202,1000,1,158.6,67.36,1,87.1,41.54,medium,MONITOR_QUEUE
TX_003270,STORE_02,city,CHK_040,13,1,0,regular,card,1,8,0,1,127,0,0,0,0,193,994,4,126.3,6.3,0,75.95,35.37,medium,WATCH
TX_003271,STORE_06,retail_park,CHK_032,14,0,0,regular,mobile,1,14,3,0,126,0,0,1,2,205,1000,6,126.3,8.86,0,83.55000000000001,39.58,medium,WATCH
TX_003272,STORE_06,retail_park,CHK_006,16,4,0,new,card,0,8,0,0,100,0,1,0,2,223,1000,1,97.3,3.95,0,53.449999999999996,22.92,low,OK
TX_003273,STORE_02,city,CHK_014,13,6,1,professional,card,0,10,1,1,158,0,2,0,0,213,994,7,164.1,58.73,1,100.05,48.71,medium,MONITOR_QUEUE
TX_003274,STORE_06,retail_park,CHK_032,9,0,0,regular,mobile,0,1,0,0,23,0,0,1,2,205,1000,1,24.4,0.0,0,12.799999999999999,0.42,low,OK
TX_003275,STORE_05,retail_park,CHK_026,14,4,0,professional,card,1,8,2,0,105,0,2,0,2,183,993,4,98.3,0.74,0,61.949999999999996,27.62,low,OK
TX_003276,STORE_02,city,CHK_022,19,5,1,regular,mobile,0,7,0,0,71,0,0,1,0,223,994,1,81.7,0.0,0,45.050000000000004,18.27,low,OK
TX_003277,STORE_07,hyper,CHK_024,17,4,0,regular,mobile,1,14,1,0,99,0,0,1,3,217,1063,2,113.2,0.0,0,69.0,31.53,low,OK
TX_003278,STORE_03,mall,CHK_039,13,2,0,regular,card,1,14,1,0,129,0,0,0,1,195,994,2,130.7,0.29,0,77.75,36.37,medium,WATCH
TX_003279,STORE_04,mall,CHK_006,20,5,1,new,card,1,2,0,1,86,0,1,0,1,223,987,4,84.3,6.02,0,51.35,21.75,low,OK
TX_003280,STORE_04,mall,CHK_003,14,4,0,regular,card,0,10,0,0,125,0,0,0,1,195,987,1,108.4,0.47,0,60.2,26.65,low,OK
TX_003281,STORE_07,hyper,CHK_013,15,3,0,regular,card,1,15,1,0,110,0,0,0,3,192,1063,2,124.6,0.43,0,75.3,35.01,medium,WATCH
TX_003282,STORE_03,mall,CHK_040,8,2,0,regular,card,0,9,1,0,87,0,0,0,1,193,994,3,92.2,0.0,0,55.5,24.05,low,OK
TX_003283,STORE_08,hyper,CHK_024,20,1,0,regular,card,1,9,1,0,104,0,0,0,3,217,982,2,103.5,0.36,0,61.15,27.18,low,OK
TX_003284,STORE_07,hyper,CHK_004,17,2,0,regular,card,0,8,1,0,89,0,0,0,3,219,1063,3,84.8,0.08,0,51.199999999999996,21.67,low,OK
TX_003285,STORE_02,city,CHK_026,19,1,0,regular,card,0,11,1,0,117,0,0,0,0,183,994,3,124.8,2.37,0,73.0,33.74,low,OK
TX_003286,STORE_08,hyper,CHK_022,9,0,0,new,card,1,11,1,0,130,0,1,0,3,223,982,2,122.6,0.79,0,71.89999999999999,33.13,low,OK
TX_003287,STORE_06,retail_park,CHK_020,14,4,0,regular,mobile,1,12,0,1,121,0,0,1,2,175,1000,4,153.9,61.26,1,92.15,44.34,medium,MONITOR_QUEUE
TX_003288,STORE_05,retail_park,CHK_028,12,3,0,new,card,0,10,1,0,131,0,1,0,2,218,993,3,127.9,8.69,0,73.95,34.27,low,OK
TX_003289,STORE_03,mall,CHK_028,21,4,0,professional,card,0,12,3,0,155,0,2,0,1,218,994,7,141.0,60.56,1,89.7,42.98,medium,MONITOR_QUEUE
TX_003290,STORE_07,hyper,CHK_021,15,1,0,new,card,0,15,0,0,159,0,1,0,3,203,1063,1,163.3,75.38,1,90.65,43.51,medium,OPEN_SUPPORT
TX_003291,STORE_06,retail_park,CHK_014,16,1,0,regular,card,1,9,0,0,66,0,0,0,2,213,1000,0,83.4,0.16,0,47.1,19.4,low,OK
TX_003292,STORE_05,retail_park,CHK_008,14,2,0,regular,mobile,0,3,0,0,50,0,0,1,2,173,993,1,45.9,0.18,0,24.75,7.03,low,OK
TX_003293,STORE_04,mall,CHK_004,14,5,1,regular,card,0,6,2,0,84,0,0,0,1,219,987,5,79.7,0.02,0,51.45,21.81,low,OK
TX_003294,STORE_08,hyper,CHK_026,10,1,0,new,mobile,0,3,1,0,47,0,1,1,3,183,982,3,50.5,2.55,0,31.05,10.52,low,OK
TX_003295,STORE_03,mall,CHK_039,14,5,1,regular,card,1,16,1,0,178,0,0,0,1,195,994,2,153.7,0.57,0,90.44999999999999,43.4,medium,WATCH
TX_003296,STORE_07,hyper,CHK_035,9,4,0,regular,gift_card,0,6,1,0,71,0,0,2,3,218,1063,3,73.7,0.87,0,44.45,17.94,low,OK
TX_003297,STORE_01,city,CHK_038,15,5,1,regular,card,1,2,2,2,112,0,0,0,0,194,987,12,112.1,50.34,1,81.25,38.31,medium,MONITOR_QUEUE
TX_003298,STORE_07,hyper,CHK_034,18,6,1,regular,card,0,4,0,0,56,0,0,0,3,189,1063,1,54.9,0.06,0,29.849999999999998,9.85,low,OK
TX_003299,STORE_06,retail_park,CHK_015,12,1,0,regular,card,1,8,2,0,88,0,0,0,2,207,1000,4,91.9,0.21,0,58.75,25.85,low,OK
TX_003300,STORE_05,retail_park,CHK_040,21,2,0,new,card,1,8,0,0,75,0,1,0,2,193,993,0,92.8,0.2,0,51.199999999999996,21.67,low,OK
TX_003301,STORE_01,city,CHK_008,20,4,0,professional,card,1,10,2,0,121,0,2,0,0,173,987,4,128.6,2.19,0,78.3,36.67,medium,WATCH
TX_003302,STORE_06,retail_park,CHK_023,14,4,0,regular,gift_card,1,15,0,0,176,0,0,2,2,188,1000,0,151.9,0.16,0,84.95,40.35,medium,WATCH
TX_003303,STORE_08,hyper,CHK_029,21,2,0,new,card,1,13,0,0,130,0,1,0,3,211,982,0,130.2,2.23,0,72.89999999999999,33.68,low,OK
TX_003304,STORE_08,hyper,CHK_039,11,6,1,regular,card,1,3,1,0,44,0,0,0,3,195,982,2,49.0,0.0,0,30.3,10.1,low,OK
TX_003305,STORE_03,mall,CHK_015,12,3,0,new,card,0,15,1,0,198,1,1,0,1,207,994,3,184.5,85.72,1,105.25,51.59,medium,OPEN_SUPPORT
TX_003306,STORE_06,retail_park,CHK_034,17,3,0,new,card,0,6,1,0,70,0,1,0,2,189,1000,3,82.6,4.48,0,48.9,20.4,low,OK
TX_003307,STORE_03,mall,CHK_025,8,3,0,professional,card,0,10,1,0,101,0,2,0,1,213,994,3,104.2,2.38,0,62.1,27.71,low,OK
TX_003308,STORE_01,city,CHK_022,12,6,1,new,card,1,11,1,1,153,0,1,0,0,223,987,6,167.0,79.21,1,102.1,49.85,medium,OPEN_SUPPORT
TX_003309,STORE_07,hyper,CHK_035,13,0,0,regular,card,0,17,2,0,184,0,0,0,3,218,1063,5,175.4,5.49,0,105.9,51.95,medium,WATCH
TX_003310,STORE_03,mall,CHK_036,20,1,0,regular,mobile,1,11,3,1,162,1,0,1,1,205,994,10,170.3,94.67,1,111.75,55.19,high,OPEN_SUPPORT
TX_003311,STORE_07,hyper,CHK_009,10,6,1,regular,card,1,7,2,0,76,0,0,0,3,211,1063,4,78.1,0.0,0,51.25,21.7,low,OK
TX_003312,STORE_05,retail_park,CHK_029,8,2,0,new,card,1,6,1,0,68,0,1,0,2,211,993,2,74.0,0.09,0,44.6,18.02,low,OK
TX_003313,STORE_02,city,CHK_019,21,2,0,new,gift_card,1,10,0,0,131,0,1,2,0,187,994,0,109.8,0.75,0,60.9,27.04,low,OK
TX_003314,STORE_07,hyper,CHK_032,20,4,0,regular,mobile,1,5,0,0,66,0,0,1,3,205,1063,0,66.8,0.0,0,36.4,13.48,low,OK
TX_003315,STORE_02,city,CHK_036,15,4,0,new,mobile,0,6,0,0,82,0,1,1,0,205,994,1,76.7,3.43,0,41.95,16.55,low,OK
TX_003316,STORE_03,mall,CHK_021,15,6,1,regular,mobile,1,5,1,0,57,0,0,1,1,203,994,2,57.4,0.0,0,35.7,13.09,low,OK
TX_003317,STORE_07,hyper,CHK_033,18,3,0,regular,card,0,13,1,0,167,0,0,0,3,192,1063,3,153.7,5.18,0,88.64999999999999,42.4,medium,WATCH
TX_003318,STORE_01,city,CHK_014,21,5,1,professional,card,1,5,0,1,98,0,2,0,0,213,987,4,102.8,5.43,0,62.4,27.87,low,OK
TX_003319,STORE_03,mall,CHK_004,9,0,0,new,card,1,3,3,0,62,0,1,0,1,219,994,6,61.5,2.1,0,44.55,17.99,low,OK
TX_003320,STORE_06,retail_park,CHK_037,9,0,0,regular,card,1,1,0,0,24,0,0,0,2,194,1000,0,24.4,0.0,0,12.799999999999999,0.42,low,OK
TX_003321,STORE_03,mall,CHK_027,10,4,0,regular,card,1,7,1,1,138,0,0,0,1,200,994,6,117.6,7.5,0,75.0,34.85,low,OK
TX_003322,STORE_08,hyper,CHK_003,17,2,0,professional,card,0,5,1,0,62,0,2,0,3,195,982,3,63.9,1.71,0,38.95,14.89,low,OK
TX_003323,STORE_02,city,CHK_014,20,2,0,professional,card,0,2,0,0,44,0,2,0,0,213,994,1,45.6,2.31,0,24.0,6.62,low,OK
TX_003324,STORE_06,retail_park,CHK_008,8,5,1,regular,card,1,4,0,0,44,0,0,0,2,173,1000,0,45.4,0.0,0,25.099999999999998,7.22,low,OK
TX_003325,STORE_08,hyper,CHK_015,14,2,0,new,card,0,6,2,0,91,0,1,0,3,207,982,5,92.4,5.93,0,57.800000000000004,25.33,low,OK
TX_003326,STORE_07,hyper,CHK_029,20,6,1,new,card,0,15,0,1,243,1,1,0,3,211,1063,5,229.3,94.31,1,131.65,66.21,high,OPEN_SUPPORT
TX_003327,STORE_02,city,CHK_003,13,5,1,new,mobile,1,14,0,0,130,0,1,1,0,195,994,0,137.6,1.69,0,77.2,36.06,medium,WATCH
TX_003328,STORE_01,city,CHK_007,20,5,1,regular,mobile,0,8,1,0,87,0,0,1,0,217,987,3,93.7,0.33,0,55.65,24.14,low,OK
TX_003329,STORE_04,mall,CHK_023,12,1,0,new,card,1,2,0,0,45,0,1,0,1,188,987,0,42.3,0.28,0,22.349999999999998,5.7,low,OK
TX_003330,STORE_01,city,CHK_037,17,2,0,regular,card,1,18,0,0,153,0,0,0,0,194,987,0,156.7,0.91,0,89.14999999999999,42.68,medium,WATCH
TX_003331,STORE_01,city,CHK_009,9,1,0,regular,card,0,15,3,0,123,0,0,0,0,211,987,7,133.4,17.21,0,87.7,41.88,medium,WATCH
TX_003332,STORE_04,mall,CHK_014,20,3,0,regular,card,0,8,2,0,114,0,0,0,1,213,987,5,107.0,0.66,0,66.3,30.03,low,OK
TX_003333,STORE_08,hyper,CHK_013,10,3,0,new,mobile,1,11,0,0,88,0,1,1,3,192,982,0,121.9,0.77,0,67.55,30.72,low,OK
TX_003334,STORE_05,retail_park,CHK_005,9,1,0,regular,card,0,11,1,0,106,0,0,0,2,205,993,3,116.6,0.87,0,68.89999999999999,31.47,low,OK
TX_003335,STORE_07,hyper,CHK_024,14,3,0,regular,card,0,12,2,0,118,0,0,0,3,217,1063,5,128.6,12.26,0,79.5,37.34,medium,WATCH
TX_003336,STORE_08,hyper,CHK_025,15,1,0,regular,card,1,14,0,0,120,0,0,0,3,213,982,0,119.8,0.0,0,68.3,31.14,low,OK
TX_003337,STORE_06,retail_park,CHK_014,11,3,0,regular,gift_card,1,8,0,1,128,0,0,2,2,213,1000,4,122.6,7.18,0,74.1,34.35,low,OK
TX_003338,STORE_01,city,CHK_032,20,5,1,professional,mobile,1,12,2,0,121,0,2,1,0,205,987,4,136.4,3.44,0,83.4,39.5,medium,WATCH
TX_003339,STORE_04,mall,CHK_027,18,1,0,new,mobile,1,4,1,0,74,0,1,1,1,200,987,2,72.1,0.05,0,42.449999999999996,16.83,low,OK
TX_003340,STORE_04,mall,CHK_012,15,4,0,regular,card,0,15,1,0,150,0,0,0,1,201,987,3,149.9,4.29,0,87.95,42.01,medium,WATCH
TX_003341,STORE_02,city,CHK_010,13,5,1,regular,mobile,1,8,0,0,67,0,0,1,0,204,994,0,80.4,0.0,0,45.0,18.24,low,OK
TX_003342,STORE_04,mall,CHK_008,8,2,0,professional,card,1,10,2,0,89,0,2,0,1,173,987,4,103.8,0.77,0,65.9,29.81,low,OK
TX_003343,STORE_07,hyper,CHK_030,17,1,0,regular,card,0,14,1,0,108,0,0,0,3,197,1063,3,123.8,6.19,0,74.30000000000001,34.46,low,OK
TX_003344,STORE_03,mall,CHK_027,17,5,1,regular,card,1,9,1,0,81,0,0,0,1,200,994,2,86.7,0.19,0,52.75,22.53,low,OK
TX_003345,STORE_05,retail_park,CHK_005,18,0,0,regular,card,0,9,0,0,121,0,0,0,2,205,993,1,114.5,0.14,0,62.65,28.01,low,OK
TX_003346,STORE_06,retail_park,CHK_008,13,4,0,regular,mobile,0,6,1,0,65,0,0,1,2,173,1000,3,71.5,0.01,0,43.35,17.33,low,OK
TX_003347,STORE_05,retail_park,CHK_039,14,3,0,new,card,0,10,2,0,125,0,1,0,2,195,993,5,128.3,29.36,0,78.15,36.59,medium,WATCH
TX_003348,STORE_08,hyper,CHK_040,11,6,1,regular,mobile,0,4,1,0,58,0,0,1,3,193,982,3,54.2,0.09,0,33.5,11.87,low,OK
TX_003349,STORE_01,city,CHK_030,16,6,1,regular,card,0,9,1,0,88,0,0,0,0,197,987,3,93.2,0.26,0,56.0,24.33,low,OK
TX_003350,STORE_07,hyper,CHK_002,17,6,1,professional,card,0,9,1,1,140,0,2,0,3,161,1063,7,140.8,25.21,0,87.80000000000001,41.93,medium,WATCH
TX_003351,STORE_01,city,CHK_030,18,0,0,regular,mobile,0,11,1,0,124,0,0,1,0,197,987,3,126.5,1.14,0,73.85,34.21,low,OK
TX_003352,STORE_07,hyper,CHK_013,19,4,0,regular,mobile,1,12,2,1,164,1,0,1,3,192,1063,8,171.4,86.19,1,108.9,53.61,medium,OPEN_SUPPORT
TX_003353,STORE_02,city,CHK_035,11,5,1,regular,mobile,1,5,0,0,44,0,0,1,0,218,994,0,52.9,0.35,0,29.45,9.63,low,OK
TX_003354,STORE_06,retail_park,CHK_012,13,4,0,regular,card,0,9,2,0,96,0,0,0,2,201,1000,5,105.5,1.48,0,66.15,29.95,low,OK
TX_003355,STORE_06,retail_park,CHK_003,13,2,0,new,card,0,2,4,1,122,1,1,0,2,195,1000,13,114.6,92.76,1,82.5,39.0,medium,OPEN_SUPPORT
TX_003356,STORE_04,mall,CHK_020,21,4,0,regular,card,1,14,0,1,170,1,0,0,1,175,987,4,175.5,75.99,1,104.15,50.98,medium,OPEN_SUPPORT
TX_003357,STORE_02,city,CHK_036,19,3,0,regular,card,1,11,1,1,199,1,0,0,0,205,994,6,187.4,86.33,1,112.3,55.49,high,OPEN_SUPPORT
TX_003358,STORE_03,mall,CHK_029,9,3,0,regular,card,1,1,1,1,67,0,0,0,1,211,994,6,74.6,5.98,0,49.9,20.95,low,OK
TX_003359,STORE_04,mall,CHK_001,16,6,1,professional,card,0,9,0,0,101,0,2,0,1,209,987,1,100.7,1.25,0,55.75,24.19,low,OK
TX_003360,STORE_01,city,CHK_031,8,1,0,regular,card,1,2,1,0,40,0,0,0,0,194,987,2,38.1,0.0,0,24.25,6.75,low,OK
TX_003361,STORE_06,retail_park,CHK_033,18,3,0,professional,card,1,4,1,1,124,0,2,0,2,192,1000,6,110.7,10.77,0,69.75,31.94,low,OK
TX_003362,STORE_01,city,CHK_034,13,5,1,regular,mobile,1,5,2,0,67,0,0,1,0,189,987,4,67.4,0.1,0,44.7,18.07,low,OK
TX_003363,STORE_07,hyper,CHK_014,11,2,0,new,card,0,19,2,0,207,1,1,0,3,213,1063,5,224.0,82.72,1,131.4,66.07,high,OPEN_SUPPORT
TX_003364,STORE_03,mall,CHK_034,9,6,1,regular,card,0,11,1,0,98,0,0,0,1,189,994,3,107.3,0.4,0,64.25,28.9,low,OK
TX_003365,STORE_03,mall,CHK_019,21,1,0,regular,mobile,1,4,0,0,45,0,0,1,1,187,994,0,45.0,0.03,0,24.9,7.11,low,OK
TX_003366,STORE_08,hyper,CHK_002,14,1,0,regular,mobile,1,14,0,0,114,0,0,1,3,161,982,0,121.3,0.0,0,69.05,31.55,low,OK
TX_003367,STORE_08,hyper,CHK_025,16,0,0,regular,card,1,9,1,0,72,0,0,0,3,213,982,2,82.0,0.34,0,50.4,21.23,low,OK
TX_003368,STORE_08,hyper,CHK_026,12,3,0,new,mobile,1,13,0,0,169,0,1,1,3,183,982,0,154.3,0.56,0,84.95,40.35,medium,WATCH
TX_003369,STORE_03,mall,CHK_018,14,6,1,regular,card,0,13,1,0,152,0,0,0,1,200,994,3,133.9,4.85,0,78.75,36.92,medium,WATCH
TX_003370,STORE_02,city,CHK_003,19,3,0,regular,card,0,1,0,0,30,0,0,0,0,195,994,1,28.2,0.63,0,14.7,1.47,low,OK
TX_003371,STORE_05,retail_park,CHK_039,18,5,1,regular,card,1,13,3,2,266,1,0,0,2,195,993,14,218.2,95.19,1,144.9,73.54,high,OPEN_SUPPORT
TX_003372,STORE_05,retail_park,CHK_009,18,5,1,regular,card,0,5,0,0,70,0,0,0,2,211,993,1,68.6,0.05,0,37.3,13.98,low,OK
TX_003373,STORE_08,hyper,CHK_021,16,5,1,new,card,1,6,0,1,127,0,1,0,3,203,982,4,125.0,11.05,0,74.1,34.35,low,OK
TX_003374,STORE_02,city,CHK_008,17,4,0,regular,card,1,6,0,0,56,0,0,0,0,173,994,0,60.0,0.0,0,33.6,11.93,low,OK
TX_003375,STORE_06,retail_park,CHK_031,18,2,0,regular,card,1,7,1,1,128,0,0,0,2,194,1000,6,125.8,9.53,0,79.10000000000001,37.12,medium,WATCH
TX_003376,STORE_02,city,CHK_034,18,2,0,regular,gift_card,1,1,1,0,39,0,0,2,0,189,994,2,36.5,0.01,0,22.85,5.98,low,OK
TX_003377,STORE_04,mall,CHK_027,11,1,0,regular,card,1,16,1,0,129,0,0,0,1,200,987,2,136.0,0.06,0,81.6,38.5,medium,WATCH
TX_003378,STORE_05,retail_park,CHK_016,9,6,1,regular,card,0,11,1,0,120,0,0,0,2,195,993,3,115.9,0.43,0,68.55,31.28,low,OK
TX_003379,STORE_05,retail_park,CHK_030,12,5,1,regular,card,1,12,1,1,137,0,0,0,2,197,993,6,150.7,73.72,1,94.55,45.67,medium,OPEN_SUPPORT
TX_003380,STORE_04,mall,CHK_035,9,6,1,regular,mobile,1,13,2,1,161,1,0,1,1,218,987,8,170.3,75.8,1,108.95,53.64,medium,OPEN_SUPPORT
TX_003381,STORE_04,mall,CHK_009,18,1,0,regular,mobile,1,11,0,0,96,0,0,1,1,211,987,0,103.1,0.03,0,58.15,25.52,low,OK
TX_003382,STORE_06,retail_park,CHK_030,17,1,0,regular,card,1,6,2,0,77,0,0,0,2,197,1000,4,74.1,0.01,0,48.65,20.26,low,OK
TX_003383,STORE_01,city,CHK_004,21,5,1,new,card,0,8,0,0,111,0,1,0,0,219,987,1,105.2,3.73,0,57.4,25.1,low,OK
TX_003384,STORE_08,hyper,CHK_008,13,1,0,regular,card,0,6,1,0,80,0,0,0,3,173,982,3,72.5,0.0,0,43.85,17.6,low,OK
TX_003385,STORE_02,city,CHK_022,16,1,0,new,card,1,7,2,0,99,0,1,0,0,223,994,4,97.4,0.5,0,60.900000000000006,27.04,low,OK
TX_003386,STORE_05,retail_park,CHK_002,14,2,0,professional,gift_card,0,5,1,0,91,0,2,2,2,161,993,3,80.5,1.11,0,47.25,19.49,low,OK
TX_003387,STORE_07,hyper,CHK_016,11,1,0,new,gift_card,1,10,2,0,128,0,1,2,3,195,1063,4,123.0,1.5,0,75.5,35.12,medium,WATCH
TX_003388,STORE_08,hyper,CHK_022,12,5,1,new,card,0,13,1,0,141,0,1,0,3,223,982,3,142.5,46.2,0,83.05,39.3,medium,WATCH
TX_003389,STORE_05,retail_park,CHK_017,15,6,1,new,mobile,0,10,0,0,111,0,1,1,2,202,993,1,112.3,5.99,0,62.15,27.73,low,OK
TX_003390,STORE_01,city,CHK_036,17,4,0,regular,mobile,1,7,2,0,78,0,0,1,0,205,987,4,77.4,0.06,0,50.900000000000006,21.51,low,OK
TX_003391,STORE_01,city,CHK_028,9,1,0,regular,card,0,10,0,0,106,0,0,0,0,218,987,1,96.5,0.31,0,54.25,23.36,low,OK
TX_003392,STORE_05,retail_park,CHK_018,18,1,0,regular,mobile,1,8,0,0,95,0,0,1,2,200,993,0,92.2,0.01,0,50.9,21.51,low,OK
TX_003393,STORE_08,hyper,CHK_036,8,2,0,regular,card,0,20,1,0,174,0,0,0,3,205,982,3,170.3,6.62,0,101.15,49.32,medium,WATCH
TX_003394,STORE_02,city,CHK_023,17,6,1,regular,card,0,5,0,0,55,0,0,0,0,188,994,1,56.3,0.15,0,31.15,10.57,low,OK
TX_003395,STORE_02,city,CHK_030,18,1,0,professional,card,0,4,0,0,71,0,2,0,0,197,994,1,71.0,2.17,0,37.9,14.31,low,OK
TX_003396,STORE_07,hyper,CHK_009,14,5,1,regular,card,1,2,0,0,34,0,0,0,3,211,1063,0,33.7,0.11,0,18.05,3.32,low,OK
TX_003397,STORE_06,retail_park,CHK_033,20,0,0,regular,card,1,12,2,0,118,0,0,0,2,192,1000,4,148.2,2.1,0,89.3,42.76,medium,WATCH
TX_003398,STORE_06,retail_park,CHK_033,16,6,1,new,card,0,8,1,0,93,0,1,0,2,192,1000,3,99.5,3.47,0,58.55,25.74,low,OK
TX_003399,STORE_07,hyper,CHK_005,16,3,0,regular,card,0,9,0,0,102,0,0,0,3,205,1063,1,90.1,0.2,0,50.449999999999996,21.26,low,OK
TX_003400,STORE_05,retail_park,CHK_037,16,6,1,regular,gift_card,0,9,0,0,112,0,0,2,2,194,993,1,101.0,0.04,0,55.9,24.27,low,OK
TX_003401,STORE_05,retail_park,CHK_009,20,0,0,regular,card,0,10,2,0,145,0,0,0,2,211,993,5,138.8,2.78,0,83.4,39.5,medium,WATCH
TX_003402,STORE_04,mall,CHK_005,18,4,0,regular,mobile,1,6,1,0,88,0,0,1,1,205,987,2,79.5,0.0,0,47.35,19.54,low,OK
TX_003403,STORE_02,city,CHK_028,11,4,0,new,mobile,0,9,1,0,118,0,1,1,0,218,994,3,112.5,2.62,0,65.65,29.67,low,OK
TX_003404,STORE_07,hyper,CHK_037,10,4,0,regular,mobile,0,10,1,0,83,0,0,1,3,194,1063,3,93.6,0.5,0,56.8,24.77,low,OK
TX_003405,STORE_01,city,CHK_027,18,1,0,professional,card,0,10,0,1,171,1,2,0,0,200,987,5,173.7,77.84,1,100.85,49.16,medium,OPEN_SUPPORT
TX_003406,STORE_06,retail_park,CHK_032,10,6,1,regular,card,1,14,1,0,123,0,0,0,2,205,1000,2,121.1,0.34,0,72.95,33.71,low,OK
TX_003407,STORE_07,hyper,CHK_025,18,3,0,regular,card,0,12,2,0,147,0,0,0,3,213,1063,5,146.2,7.88,0,88.3,42.21,medium,WATCH
TX_003408,STORE_06,retail_park,CHK_003,11,3,0,new,card,0,12,0,0,136,0,1,0,2,195,1000,1,139.7,32.35,0,77.05,35.98,medium,WATCH
TX_003409,STORE_06,retail_park,CHK_002,17,6,1,new,mobile,1,18,0,1,197,1,1,1,2,161,1000,4,204.5,88.2,1,121.05,60.34,high,OPEN_SUPPORT
TX_003410,STORE_08,hyper,CHK_006,16,6,1,regular,card,0,15,0,0,134,0,0,0,3,223,982,1,138.1,1.9,0,78.05,36.53,medium,WATCH
TX_003411,STORE_03,mall,CHK_037,13,6,1,regular,card,1,2,1,0,42,0,0,0,1,194,994,2,42.1,0.0,0,26.25,7.86,low,OK
TX_003412,STORE_01,city,CHK_020,13,3,0,professional,gift_card,0,2,0,1,78,0,2,2,0,175,987,5,81.2,30.16,0,49.800000000000004,20.9,low,OK
TX_003413,STORE_05,retail_park,CHK_013,12,4,0,regular,card,0,4,0,0,53,0,0,0,2,192,993,1,48.9,0.08,0,26.849999999999998,8.19,low,OK
TX_003414,STORE_07,hyper,CHK_028,21,2,0,regular,card,1,19,0,0,176,0,0,0,3,218,1063,0,163.4,0.4,0,93.10000000000001,44.87,medium,WATCH
TX_003415,STORE_03,mall,CHK_006,18,3,0,new,card,0,14,1,0,162,1,1,0,1,223,994,3,175.2,83.51,1,100.0,48.69,medium,OPEN_SUPPORT
TX_003416,STORE_08,hyper,CHK_011,14,6,1,regular,card,1,11,1,0,125,0,0,0,3,179,982,2,115.3,0.0,0,68.25,31.11,low,OK
TX_003417,STORE_08,hyper,CHK_001,19,6,1,regular,mobile,0,10,1,0,131,0,0,1,3,209,982,3,121.5,0.34,0,70.75,32.49,low,OK
TX_003418,STORE_06,retail_park,CHK_017,21,3,0,professional,mobile,1,12,1,0,129,0,2,1,2,202,1000,2,126.7,0.79,0,74.55,34.6,low,OK
TX_003419,STORE_07,hyper,CHK_037,20,1,0,regular,card,1,15,0,0,157,0,0,0,3,194,1063,0,153.4,0.42,0,85.7,40.77,medium,WATCH
TX_003420,STORE_07,hyper,CHK_007,21,2,0,regular,card,0,7,1,1,120,0,0,0,3,217,1063,7,118.1,20.13,0,75.25,34.98,low,OK
TX_003421,STORE_02,city,CHK_025,19,6,1,new,card,0,8,0,0,116,0,1,0,0,213,994,1,111.2,4.65,0,60.4,26.76,low,OK
TX_003422,STORE_03,mall,CHK_029,12,0,0,regular,card,1,10,0,0,105,0,0,0,1,211,994,0,102.9,0.34,0,57.45,25.13,low,OK
TX_003423,STORE_07,hyper,CHK_032,8,4,0,regular,card,0,12,0,1,165,1,0,0,3,205,1063,5,171.1,61.03,1,100.75,49.1,medium,MONITOR_QUEUE
TX_003424,STORE_02,city,CHK_034,21,5,1,new,card,1,7,1,0,92,0,1,0,0,189,994,2,89.3,0.47,0,52.85,22.59,low,OK
TX_003425,STORE_02,city,CHK_012,18,3,0,professional,mobile,0,19,0,0,197,0,2,1,0,201,994,1,203.1,22.54,0,112.95,55.85,high,MONITOR_QUEUE
TX_003426,STORE_03,mall,CHK_011,17,6,1,regular,gift_card,0,5,1,0,66,0,0,2,1,179,994,3,64.4,0.01,0,39.2,15.03,low,OK
TX_003427,STORE_06,retail_park,CHK_019,12,6,1,regular,mobile,1,8,0,0,80,0,0,1,2,187,1000,0,84.6,0.0,0,47.099999999999994,19.4,low,OK
TX_003428,STORE_04,mall,CHK_007,19,5,1,professional,card,1,6,1,0,80,0,2,0,1,217,987,2,83.7,0.2,0,49.45,20.7,low,OK
TX_003429,STORE_08,hyper,CHK_025,12,6,1,new,card,0,11,0,1,204,1,1,0,3,213,982,5,163.6,83.89,1,96.39999999999999,46.69,medium,OPEN_SUPPORT
TX_003430,STORE_03,mall,CHK_001,11,2,0,new,mobile,0,7,2,0,96,0,1,1,1,209,994,5,97.9,5.37,0,61.150000000000006,27.18,low,OK
TX_003431,STORE_06,retail_park,CHK_034,10,4,0,regular,card,0,8,2,0,91,0,0,0,2,189,1000,5,93.9,0.46,0,59.75,26.4,low,OK
TX_003432,STORE_06,retail_park,CHK_003,21,2,0,new,card,1,8,0,1,135,0,1,0,2,195,1000,4,135.7,11.95,0,80.64999999999999,37.97,medium,WATCH
TX_003433,STORE_02,city,CHK_009,19,4,0,regular,card,1,2,0,0,39,0,0,0,0,211,994,0,37.1,0.0,0,19.75,4.26,low,OK
TX_003434,STORE_02,city,CHK_034,15,6,1,regular,card,1,6,0,0,57,0,0,0,0,189,994,0,60.5,0.0,0,33.85,12.07,low,OK
TX_003435,STORE_08,hyper,CHK_014,11,4,0,regular,card,0,17,1,0,182,0,0,0,3,213,982,3,154.0,7.71,0,91.2,43.81,medium,WATCH
TX_003436,STORE_01,city,CHK_010,19,0,0,new,card,1,1,0,0,36,0,1,0,0,204,987,0,34.9,0.23,0,18.05,3.32,low,OK
TX_003437,STORE_02,city,CHK_019,8,6,1,regular,card,0,7,0,0,61,0,0,0,0,187,994,1,67.8,0.0,0,38.1,14.42,low,OK
TX_003438,STORE_03,mall,CHK_013,20,3,0,regular,card,1,11,1,1,180,1,0,0,1,192,994,6,180.1,85.64,1,108.64999999999999,53.47,medium,OPEN_SUPPORT
TX_003439,STORE_03,mall,CHK_015,20,4,0,regular,card,1,7,1,0,76,0,0,0,1,207,994,2,86.2,0.02,0,51.300000000000004,21.73,low,OK
TX_003440,STORE_04,mall,CHK_006,20,3,0,professional,card,0,10,0,0,122,0,2,0,1,223,987,1,133.6,4.26,0,72.8,33.63,low,OK
TX_003441,STORE_02,city,CHK_015,11,4,0,new,card,1,4,0,2,160,1,1,0,0,207,994,8,146.8,78.34,1,91.80000000000001,44.15,medium,OPEN_SUPPORT
TX_003442,STORE_03,mall,CHK_031,20,6,1,regular,card,0,9,3,0,114,0,0,0,1,194,994,7,123.9,6.57,0,79.35000000000001,37.25,medium,WATCH
TX_003443,STORE_07,hyper,CHK_008,18,3,0,regular,card,1,10,0,0,110,0,0,0,3,173,1063,0,108.9,0.15,0,60.45,26.79,low,OK
TX_003444,STORE_02,city,CHK_010,13,3,0,regular,mobile,0,4,4,1,112,1,0,1,0,204,994,13,113.5,87.36,1,83.15,39.36,medium,OPEN_SUPPORT
TX_003445,STORE_02,city,CHK_037,13,0,0,regular,card,0,3,1,0,59,0,0,0,0,194,994,3,53.7,0.23,0,32.65,11.4,low,OK
TX_003446,STORE_04,mall,CHK_040,15,6,1,regular,mobile,1,4,0,0,45,0,0,1,1,193,987,0,44.9,0.0,0,24.849999999999998,7.09,low,OK
TX_003447,STORE_01,city,CHK_014,19,1,0,new,gift_card,1,6,0,0,109,0,1,2,0,213,987,0,99.4,0.0,0,53.300000000000004,22.83,low,OK
TX_003448,STORE_05,retail_park,CHK_040,11,3,0,regular,card,1,5,1,0,52,0,0,0,2,193,993,2,56.3,0.0,0,35.15,12.79,low,OK
TX_003449,STORE_05,retail_park,CHK_024,8,0,0,regular,card,1,5,2,0,65,0,0,0,2,217,993,4,64.9,0.0,0,43.45,17.38,low,OK
TX_003450,STORE_02,city,CHK_017,20,3,0,professional,card,1,6,0,0,93,0,2,0,0,202,994,0,88.4,0.16,0,47.800000000000004,19.79,low,OK
TX_003451,STORE_07,hyper,CHK_035,14,5,1,professional,card,0,7,3,0,94,0,2,0,3,218,1063,7,98.1,9.64,0,65.25,29.45,low,OK
TX_003452,STORE_05,retail_park,CHK_035,17,1,0,professional,mobile,1,8,1,0,96,0,2,1,2,218,993,2,92.4,0.05,0,55.0,23.78,low,OK
TX_003453,STORE_04,mall,CHK_018,14,1,0,professional,card,0,14,0,0,178,0,2,0,1,200,987,1,160.4,22.17,0,88.60000000000001,42.37,medium,WATCH
TX_003454,STORE_06,retail_park,CHK_033,12,1,0,new,card,0,1,1,0,42,0,1,0,2,192,1000,3,40.7,4.54,0,24.950000000000003,7.14,low,OK
TX_003455,STORE_05,retail_park,CHK_020,17,3,0,new,card,1,8,0,0,79,0,1,0,2,175,993,0,94.5,0.0,0,52.05,22.14,low,OK
TX_003456,STORE_08,hyper,CHK_009,14,5,1,regular,mobile,1,9,0,0,92,0,0,1,3,211,982,0,91.9,0.0,0,51.35,21.75,low,OK
TX_003457,STORE_03,mall,CHK_003,8,1,0,regular,mobile,1,2,1,0,38,0,0,1,1,195,994,2,37.7,0.0,0,24.05,6.64,low,OK
TX_003458,STORE_01,city,CHK_013,14,1,0,regular,card,0,5,0,1,96,0,0,0,0,192,987,5,100.5,13.31,0,61.25,27.23,low,OK
TX_003459,STORE_02,city,CHK_029,9,2,0,new,card,1,1,1,0,33,0,1,0,0,211,994,2,32.4,0.0,0,20.8,4.84,low,OK
TX_003460,STORE_08,hyper,CHK_035,9,6,1,regular,card,0,11,2,0,114,0,0,0,3,218,982,5,115.0,3.31,0,72.1,33.24,low,OK
TX_003461,STORE_04,mall,CHK_004,21,4,0,new,card,1,6,2,0,84,0,1,0,1,219,987,4,83.2,0.47,0,53.2,22.78,low,OK
TX_003462,STORE_06,retail_park,CHK_029,20,6,1,regular,card,0,14,1,0,173,0,0,0,2,211,1000,3,160.7,3.49,0,92.75,44.67,medium,WATCH
TX_003463,STORE_04,mall,CHK_019,11,4,0,regular,card,1,7,0,0,57,0,0,0,1,187,987,0,63.4,0.0,0,35.9,13.2,low,OK
TX_003464,STORE_08,hyper,CHK_034,10,5,1,regular,card,0,6,0,0,67,0,0,0,3,189,982,1,66.3,0.0,0,36.75,13.67,low,OK
TX_003465,STORE_04,mall,CHK_029,19,1,0,regular,card,0,10,1,0,147,0,0,0,1,211,987,3,128.9,0.62,0,74.45,34.54,low,OK
TX_003466,STORE_01,city,CHK_016,12,3,0,new,card,1,6,0,0,87,0,1,0,0,195,987,0,76.9,0.28,0,42.050000000000004,16.61,low,OK
TX_003467,STORE_06,retail_park,CHK_022,8,0,0,regular,card,1,13,1,0,112,0,0,0,2,223,1000,2,115.1,0.0,0,69.35,31.72,low,OK
TX_003468,STORE_06,retail_park,CHK_040,15,3,0,regular,card,0,10,1,0,101,0,0,0,2,193,1000,3,99.5,0.6,0,59.75,26.4,low,OK
TX_003469,STORE_07,hyper,CHK_024,8,5,1,professional,mobile,1,12,2,1,172,1,2,1,3,217,1063,8,170.9,82.42,1,108.65,53.47,medium,OPEN_SUPPORT
TX_003470,STORE_04,mall,CHK_030,21,6,1,regular,mobile,1,7,0,0,68,0,0,1,1,197,987,0,61.3,0.0,0,34.85,12.62,low,OK
TX_003471,STORE_04,mall,CHK_030,19,6,1,regular,mobile,1,8,0,1,100,0,0,1,1,197,987,4,117.7,8.83,0,71.64999999999999,32.99,low,OK
TX_003472,STORE_05,retail_park,CHK_024,10,0,0,new,mobile,0,8,1,0,99,0,1,1,2,217,993,3,100.0,2.25,0,58.8,25.88,low,OK
TX_003473,STORE_03,mall,CHK_017,14,5,1,regular,card,1,1,0,0,25,0,0,0,1,202,994,0,25.7,0.0,0,13.45,0.77,low,OK
TX_003474,STORE_02,city,CHK_020,15,3,0,regular,mobile,1,10,2,0,105,0,0,1,0,175,994,4,101.1,1.4,0,64.55,29.06,low,OK
TX_003475,STORE_07,hyper,CHK_029,17,3,0,regular,card,0,13,0,0,99,0,0,0,3,211,1063,1,108.1,2.89,0,61.849999999999994,27.57,low,OK
TX_003476,STORE_06,retail_park,CHK_027,18,3,0,regular,card,1,15,2,0,151,0,0,0,2,200,1000,4,162.1,4.03,0,98.05,47.61,medium,WATCH
TX_003477,STORE_04,mall,CHK_019,13,6,1,new,card,0,3,1,0,64,0,1,0,1,187,987,3,59.0,3.49,0,35.3,12.87,low,OK
TX_003478,STORE_06,retail_park,CHK_015,19,0,0,regular,mobile,0,6,0,0,65,0,0,1,2,207,1000,1,71.4,0.08,0,39.300000000000004,15.08,low,OK
TX_003479,STORE_06,retail_park,CHK_014,21,0,0,regular,mobile,0,6,0,0,64,0,0,1,2,213,1000,1,63.1,0.1,0,35.15,12.79,low,OK
TX_003480,STORE_02,city,CHK_033,13,3,0,professional,mobile,1,1,0,0,29,0,2,1,0,192,994,0,29.6,0.0,0,15.4,1.85,low,OK
TX_003481,STORE_05,retail_park,CHK_012,11,6,1,regular,mobile,1,9,1,1,122,0,0,1,2,201,993,6,131.3,18.29,0,83.05000000000001,39.3,medium,WATCH
TX_003482,STORE_08,hyper,CHK_012,17,5,1,new,card,1,11,1,0,120,0,1,0,3,201,982,2,119.2,1.65,0,70.2,32.19,low,OK
TX_003483,STORE_06,retail_park,CHK_037,19,6,1,regular,mobile,1,2,0,0,36,0,0,1,2,194,1000,0,37.2,0.0,0,19.8,4.29,low,OK
TX_003484,STORE_02,city,CHK_016,18,6,1,regular,card,1,16,0,0,151,0,0,0,0,195,994,0,156.6,0.83,0,87.89999999999999,41.99,medium,WATCH
TX_003485,STORE_04,mall,CHK_035,14,2,0,new,card,1,12,0,0,166,0,1,0,1,218,987,0,149.2,1.19,0,81.8,38.61,medium,WATCH
TX_003486,STORE_03,mall,CHK_037,8,6,1,regular,card,1,8,1,0,91,0,0,0,1,194,994,2,83.4,0.0,0,50.5,21.28,low,OK
TX_003487,STORE_01,city,CHK_001,9,6,1,regular,card,0,17,0,1,185,1,0,0,0,209,987,5,191.6,83.17,1,114.0,56.44,high,OPEN_SUPPORT
TX_003488,STORE_06,retail_park,CHK_030,14,0,0,regular,card,0,8,2,0,107,0,0,0,2,197,1000,5,101.0,1.16,0,63.3,28.37,low,OK
TX_003489,STORE_01,city,CHK_034,11,3,0,regular,card,1,6,1,0,70,0,0,0,0,189,987,2,68.4,0.0,0,41.800000000000004,16.47,low,OK
TX_003490,STORE_08,hyper,CHK_021,21,4,0,regular,mobile,0,11,0,2,139,0,0,1,3,203,982,9,160.2,45.5,0,102.69999999999999,50.18,medium,WATCH
TX_003491,STORE_01,city,CHK_033,21,2,0,regular,card,0,9,1,0,90,0,0,0,0,192,987,3,90.9,0.13,0,54.85,23.69,low,OK
TX_003492,STORE_08,hyper,CHK_038,10,1,0,new,card,1,18,1,0,170,0,1,0,3,194,982,2,196.4,6.91,0,113.0,55.88,high,MONITOR_QUEUE
TX_003493,STORE_08,hyper,CHK_038,11,5,1,professional,card,1,5,2,0,64,0,2,0,3,194,982,4,67.3,0.0,0,44.65,18.05,low,OK
TX_003494,STORE_06,retail_park,CHK_037,13,1,0,regular,card,1,12,0,0,113,0,0,0,2,194,1000,0,116.8,0.37,0,65.6,29.64,low,OK
TX_003495,STORE_07,hyper,CHK_034,12,1,0,regular,card,0,12,1,0,109,0,0,0,3,189,1063,3,121.1,2.91,0,71.75,33.05,low,OK
TX_003496,STORE_04,mall,CHK_029,9,5,1,regular,card,1,9,1,0,80,0,0,0,1,211,987,2,84.8,0.0,0,51.8,22.0,low,OK
TX_003497,STORE_07,hyper,CHK_014,14,0,0,professional,card,1,11,2,1,158,0,2,0,3,213,1063,8,162.1,50.91,1,103.64999999999999,50.71,medium,MONITOR_QUEUE
TX_003498,STORE_07,hyper,CHK_003,9,2,0,professional,card,1,5,0,0,50,0,2,0,3,195,1063,0,54.3,0.0,0,30.15,10.02,low,OK
TX_003499,STORE_08,hyper,CHK_003,11,3,0,regular,card,1,9,2,0,93,0,0,0,3,195,982,4,92.9,0.37,0,59.85,26.46,low,OK
TX_003500,STORE_01,city,CHK_022,18,3,0,regular,card,1,9,1,0,109,0,0,0,0,223,987,2,105.8,0.26,0,62.3,27.82,low,OK
TX_003501,STORE_05,retail_park,CHK_015,11,4,0,new,mobile,1,8,1,1,130,0,1,1,2,207,993,6,131.7,20.01,0,82.64999999999999,39.08,medium,WATCH
TX_003502,STORE_02,city,CHK_001,20,3,0,regular,mobile,0,2,1,0,45,0,0,1,0,209,994,3,47.4,0.22,0,28.9,9.33,low,OK
TX_003503,STORE_06,retail_park,CHK_020,9,1,0,regular,card,1,12,0,0,101,0,0,0,2,175,1000,0,105.0,0.0,0,59.7,26.38,low,OK
TX_003504,STORE_07,hyper,CHK_017,14,5,1,regular,card,1,4,0,0,55,0,0,0,3,202,1063,0,51.3,0.11,0,28.049999999999997,8.86,low,OK
TX_003505,STORE_05,retail_park,CHK_002,18,2,0,regular,card,0,9,2,0,118,0,0,0,2,161,993,5,119.8,1.07,0,73.30000000000001,33.91,low,OK
TX_003506,STORE_01,city,CHK_026,9,2,0,new,card,1,7,0,0,91,0,1,0,0,183,987,0,83.9,0.0,0,46.150000000000006,18.88,low,OK
TX_003507,STORE_06,retail_park,CHK_007,17,4,0,regular,card,1,11,3,0,125,0,0,0,2,217,1000,6,119.5,2.91,0,78.35,36.7,medium,WATCH
TX_003508,STORE_02,city,CHK_005,11,4,0,regular,card,1,7,1,0,81,0,0,0,0,205,994,2,77.6,0.0,0,47.0,19.35,low,OK
TX_003509,STORE_03,mall,CHK_024,12,2,0,professional,card,0,5,1,1,104,0,2,0,1,217,994,7,106.5,43.72,0,68.25,31.11,low,OK
TX_003510,STORE_02,city,CHK_006,8,5,1,regular,card,1,8,2,1,112,0,0,0,0,223,994,8,120.2,12.0,0,80.89999999999999,38.11,medium,WATCH
TX_003511,STORE_07,hyper,CHK_024,21,6,1,regular,card,0,16,2,0,154,0,0,0,3,217,1063,5,152.8,5.51,0,94.0,45.36,medium,WATCH
TX_003512,STORE_02,city,CHK_037,9,6,1,regular,card,1,9,2,0,86,0,0,0,0,194,994,4,89.4,0.89,0,58.1,25.49,low,OK
TX_003513,STORE_07,hyper,CHK_036,12,5,1,regular,card,0,5,0,0,55,0,0,0,3,205,1063,1,56.4,0.24,0,31.2,10.6,low,OK
TX_003514,STORE_04,mall,CHK_025,11,3,0,regular,mobile,1,5,1,0,49,0,0,1,1,213,987,2,56.0,0.0,0,35.0,12.7,low,OK
TX_003515,STORE_03,mall,CHK_013,14,2,0,new,card,0,12,1,0,169,1,1,0,1,192,994,3,153.1,62.36,1,87.75,41.9,medium,MONITOR_QUEUE
TX_003516,STORE_07,hyper,CHK_014,8,0,0,new,card,0,15,0,2,238,1,1,0,3,213,1063,9,271.4,84.97,1,160.7,82.29,critical,OPEN_SUPPORT
TX_003517,STORE_03,mall,CHK_034,13,4,0,new,card,0,4,1,1,125,1,1,0,1,189,994,7,118.4,93.88,1,73.60000000000001,34.07,low,OPEN_SUPPORT
TX_003518,STORE_01,city,CHK_034,10,3,0,professional,gift_card,0,10,0,0,110,0,2,2,0,189,987,1,106.2,1.48,0,59.1,26.04,low,OK
TX_003519,STORE_07,hyper,CHK_033,10,6,1,regular,card,1,16,0,0,141,0,0,0,3,192,1063,0,132.5,0.66,0,75.85,35.32,medium,WATCH
TX_003520,STORE_04,mall,CHK_032,9,2,0,new,mobile,1,5,1,0,58,0,1,1,1,205,987,2,64.6,0.35,0,39.3,15.08,low,OK
TX_003521,STORE_06,retail_park,CHK_022,9,5,1,regular,card,0,8,0,0,66,0,0,0,2,223,1000,1,79.1,0.02,0,44.349999999999994,17.88,low,OK
TX_003522,STORE_08,hyper,CHK_002,15,5,1,regular,gift_card,0,5,2,0,67,0,0,2,3,161,982,5,67.2,2.89,0,44.6,18.02,low,OK
TX_003523,STORE_06,retail_park,CHK_026,16,6,1,regular,card,0,10,0,0,78,0,0,0,2,183,1000,1,87.3,0.08,0,49.65,20.81,low,OK
TX_003524,STORE_02,city,CHK_020,19,3,0,regular,card,1,9,1,1,122,0,0,0,0,175,994,6,132.4,24.15,0,83.60000000000001,39.61,medium,WATCH
TX_003525,STORE_01,city,CHK_025,18,0,0,regular,card,1,6,0,0,75,0,0,0,0,213,987,0,71.6,0.01,0,39.4,15.14,low,OK
TX_003526,STORE_08,hyper,CHK_027,20,3,0,regular,card,1,15,1,0,145,0,0,0,3,200,982,2,153.2,0.7,0,89.6,42.93,medium,WATCH
TX_003527,STORE_02,city,CHK_033,18,1,0,regular,card,1,11,2,0,140,0,0,0,0,192,994,4,128.6,1.52,0,78.89999999999999,37.01,medium,WATCH
TX_003528,STORE_02,city,CHK_026,16,2,0,regular,card,0,5,0,0,56,0,0,0,0,183,994,1,58.6,0.2,0,32.3,11.21,low,OK
TX_003529,STORE_02,city,CHK_007,19,5,1,regular,gift_card,0,12,1,0,183,0,0,2,0,217,994,3,148.6,2.04,0,85.5,40.66,medium,WATCH
TX_003530,STORE_01,city,CHK_016,9,1,0,regular,card,1,4,2,0,66,0,0,0,0,195,987,4,60.3,0.06,0,40.55,15.78,low,OK
TX_003531,STORE_02,city,CHK_006,8,4,0,regular,card,1,9,0,0,71,0,0,0,0,223,994,0,80.6,0.0,0,45.699999999999996,18.63,low,OK
TX_003532,STORE_01,city,CHK_003,19,6,1,regular,card,0,8,3,0,134,0,0,0,0,195,987,7,123.6,4.46,0,78.6,36.84,medium,WATCH
TX_003533,STORE_03,mall,CHK_012,9,2,0,professional,card,1,6,3,0,78,0,2,0,1,201,994,6,88.1,1.16,0,59.65,26.35,low,OK
TX_003534,STORE_06,retail_park,CHK_002,17,3,0,regular,card,0,13,0,0,114,0,0,0,2,161,1000,1,116.5,3.74,0,66.05,29.89,low,OK
TX_003535,STORE_06,retail_park,CHK_022,18,0,0,regular,card,0,11,1,0,114,0,0,0,2,223,1000,3,126.6,2.4,0,73.89999999999999,34.24,low,OK
TX_003536,STORE_08,hyper,CHK_005,10,5,1,regular,card,1,15,1,0,125,0,0,0,3,205,982,2,136.6,0.0,0,81.3,38.33,medium,WATCH
TX_003537,STORE_08,hyper,CHK_023,12,0,0,regular,card,0,8,1,0,105,0,0,0,3,188,982,3,95.7,0.0,0,56.65,24.69,low,OK
TX_003538,STORE_08,hyper,CHK_014,20,2,0,regular,card,0,13,0,0,170,0,0,0,3,213,982,1,151.8,3.46,0,83.7,39.66,medium,WATCH
TX_003539,STORE_02,city,CHK_039,8,2,0,professional,mobile,0,13,1,0,107,0,2,1,0,195,994,3,118.4,13.39,0,71.0,32.63,low,OK
TX_003540,STORE_08,hyper,CHK_026,14,0,0,regular,mobile,1,11,2,0,128,0,0,1,3,183,982,4,127.5,0.39,0,78.35,36.7,medium,WATCH
TX_003541,STORE_07,hyper,CHK_007,19,2,0,regular,card,1,4,0,0,57,0,0,0,3,217,1063,0,54.4,0.01,0,29.599999999999998,9.71,low,OK
TX_003542,STORE_05,retail_park,CHK_037,14,1,0,professional,card,1,3,2,0,65,0,2,0,2,194,993,4,66.8,0.31,0,43.199999999999996,17.24,low,OK
TX_003543,STORE_04,mall,CHK_040,15,6,1,regular,card,1,11,0,1,131,0,0,0,1,193,987,4,140.9,67.16,1,85.05,40.41,medium,MONITOR_QUEUE
TX_003544,STORE_01,city,CHK_027,18,5,1,professional,card,1,6,3,0,107,0,2,0,0,200,987,6,104.4,3.66,0,67.8,30.86,low,OK
TX_003545,STORE_07,hyper,CHK_028,18,2,0,professional,card,1,16,0,0,168,0,2,0,3,218,1063,0,163.6,2.43,0,91.39999999999999,43.92,medium,WATCH
TX_003546,STORE_08,hyper,CHK_035,17,3,0,new,card,1,13,2,0,133,0,1,0,3,218,982,4,137.0,6.07,0,84.3,39.99,medium,WATCH
TX_003547,STORE_01,city,CHK_040,11,2,0,regular,card,0,1,0,0,25,0,0,0,0,193,987,1,26.0,0.1,0,13.6,0.86,low,OK
TX_003548,STORE_07,hyper,CHK_038,13,0,0,regular,card,1,14,2,0,130,0,0,0,3,194,1063,4,128.8,1.51,0,80.80000000000001,38.06,medium,WATCH
TX_003549,STORE_02,city,CHK_034,18,6,1,regular,card,0,7,0,0,78,0,0,0,0,189,994,1,83.9,0.23,0,46.150000000000006,18.88,low,OK
TX_003550,STORE_08,hyper,CHK_002,12,4,0,regular,card,1,14,1,0,156,0,0,0,3,161,982,2,141.5,0.0,0,83.15,39.36,medium,WATCH
TX_003551,STORE_01,city,CHK_024,16,1,0,regular,card,0,5,2,0,76,0,0,0,0,217,987,5,66.8,0.03,0,44.4,17.91,low,OK
TX_003552,STORE_08,hyper,CHK_019,18,5,1,new,card,1,5,1,0,88,0,1,0,3,187,982,2,84.3,0.45,0,49.15,20.54,low,OK
TX_003553,STORE_07,hyper,CHK_025,9,0,0,regular,card,1,10,0,0,88,0,0,0,3,213,1063,0,89.2,0.0,0,50.6,21.34,low,OK
TX_003554,STORE_01,city,CHK_036,21,3,0,new,card,1,12,2,1,169,1,1,0,0,205,987,8,171.8,88.28,1,109.10000000000001,53.72,medium,OPEN_SUPPORT
TX_003555,STORE_08,hyper,CHK_009,16,4,0,regular,card,1,12,0,0,95,0,0,0,3,211,982,0,101.6,0.36,0,58.0,25.44,low,OK
TX_003556,STORE_03,mall,CHK_026,15,2,0,regular,card,0,7,0,0,66,0,0,0,1,183,994,1,73.5,0.11,0,40.95,16.0,low,OK
TX_003557,STORE_04,mall,CHK_007,11,1,0,regular,card,1,8,0,1,122,0,0,0,1,217,987,4,122.4,5.35,0,74.0,34.29,low,OK
TX_003558,STORE_08,hyper,CHK_020,9,3,0,new,card,1,11,0,0,133,0,1,0,3,175,982,0,125.7,0.2,0,69.45,31.77,low,OK
TX_003559,STORE_01,city,CHK_038,20,3,0,regular,card,1,11,0,0,114,0,0,0,0,194,987,0,108.0,0.39,0,60.6,26.88,low,OK
TX_003560,STORE_06,retail_park,CHK_034,20,4,0,regular,card,1,6,2,0,78,0,0,0,2,189,1000,4,80.3,0.02,0,51.75,21.98,low,OK
TX_003561,STORE_08,hyper,CHK_008,11,1,0,regular,card,1,14,0,0,137,0,0,0,3,173,982,0,125.4,0.0,0,71.10000000000001,32.69,low,OK
TX_003562,STORE_05,retail_park,CHK_037,16,0,0,new,card,0,12,0,1,178,1,1,0,2,194,993,5,177.4,94.91,1,103.9,50.84,medium,OPEN_SUPPORT
TX_003563,STORE_02,city,CHK_003,15,2,0,new,card,1,9,0,0,107,0,1,0,0,195,994,0,105.7,0.28,0,58.25,25.57,low,OK
TX_003564,STORE_05,retail_park,CHK_030,13,2,0,regular,card,0,14,0,0,123,0,0,0,2,197,993,1,133.2,4.88,0,75.0,34.85,low,OK
TX_003565,STORE_03,mall,CHK_019,13,4,0,new,card,1,5,0,0,75,0,1,0,1,187,994,0,69.9,0.0,0,37.95,14.34,low,OK
TX_003566,STORE_07,hyper,CHK_030,21,4,0,new,gift_card,1,5,1,1,113,0,1,2,3,197,1063,6,115.4,15.0,0,72.7,33.57,low,OK
TX_003567,STORE_07,hyper,CHK_009,10,0,0,regular,card,1,10,1,0,95,0,0,0,3,211,1063,2,92.8,0.0,0,56.4,24.55,low,OK
TX_003568,STORE_06,retail_park,CHK_036,19,1,0,regular,card,1,9,1,0,118,0,0,0,2,205,1000,2,104.5,0.01,0,61.65,27.46,low,OK
TX_003569,STORE_07,hyper,CHK_016,19,4,0,regular,card,0,11,1,0,112,0,0,0,3,195,1063,3,123.1,1.4,0,72.14999999999999,33.27,low,OK
TX_003570,STORE_07,hyper,CHK_033,18,3,0,new,card,1,9,1,0,107,0,1,0,3,192,1063,2,115.8,0.0,0,67.3,30.58,low,OK
TX_003571,STORE_05,retail_park,CHK_017,20,1,0,regular,gift_card,0,2,1,0,49,0,0,2,2,202,993,3,48.3,0.14,0,29.349999999999998,9.58,low,OK
TX_003572,STORE_07,hyper,CHK_037,16,6,1,new,card,1,9,1,0,116,0,1,0,3,194,1063,2,104.1,0.0,0,61.449999999999996,27.35,low,OK
TX_003573,STORE_08,hyper,CHK_014,10,1,0,new,card,0,10,1,0,118,0,1,0,3,213,982,3,116.8,7.02,0,68.4,31.19,low,OK
TX_003574,STORE_07,hyper,CHK_009,14,4,0,regular,card,0,8,2,0,101,0,0,0,3,211,1063,5,99.8,1.71,0,62.699999999999996,28.04,low,OK
TX_003575,STORE_07,hyper,CHK_004,17,3,0,regular,card,0,7,1,0,79,0,0,0,3,219,1063,3,78.3,0.08,0,47.35,19.54,low,OK
TX_003576,STORE_07,hyper,CHK_036,10,4,0,regular,card,0,3,2,0,56,0,0,0,3,205,1063,5,56.3,0.97,0,37.949999999999996,14.34,low,OK
TX_003577,STORE_02,city,CHK_033,9,3,0,regular,card,1,4,0,1,68,0,0,0,0,192,994,4,75.2,4.06,0,48.0,19.9,low,OK
TX_003578,STORE_08,hyper,CHK_009,15,1,0,regular,card,1,12,1,0,120,0,0,0,3,211,982,2,111.7,0.29,0,67.05,30.45,low,OK
TX_003579,STORE_01,city,CHK_021,12,5,1,regular,card,0,10,1,0,123,0,0,0,0,203,987,3,111.0,0.74,0,65.5,29.59,low,OK
TX_003580,STORE_02,city,CHK_036,10,3,0,regular,mobile,1,7,1,0,76,0,0,1,0,205,994,2,75.7,0.0,0,46.050000000000004,18.82,low,OK
TX_003581,STORE_07,hyper,CHK_030,20,5,1,new,card,0,16,1,0,197,1,1,0,3,197,1063,3,201.9,89.59,1,114.55,56.74,high,OPEN_SUPPORT
TX_003582,STORE_07,hyper,CHK_002,12,4,0,regular,card,0,9,0,0,116,0,0,0,3,161,1063,1,106.7,0.12,0,58.75,25.85,low,OK
TX_003583,STORE_03,mall,CHK_031,8,4,0,regular,mobile,1,12,2,0,105,0,0,1,1,194,994,4,118.5,0.63,0,74.45,34.54,low,OK
TX_003584,STORE_03,mall,CHK_023,13,4,0,regular,card,0,3,3,0,73,0,0,0,1,188,994,7,67.8,3.33,0,47.699999999999996,19.73,low,OK
TX_003585,STORE_01,city,CHK_003,17,4,0,regular,card,1,1,1,0,32,0,0,0,0,195,987,2,32.6,0.0,0,20.900000000000002,4.9,low,OK
TX_003586,STORE_03,mall,CHK_005,10,6,1,regular,mobile,1,5,2,0,65,0,0,1,1,205,994,4,64.3,0.25,0,43.15,17.22,low,OK
TX_003587,STORE_01,city,CHK_004,10,6,1,regular,card,1,9,1,0,96,0,0,0,0,219,987,2,89.5,0.0,0,54.15,23.3,low,OK
TX_003588,STORE_05,retail_park,CHK_003,19,6,1,new,card,0,4,0,0,77,0,1,0,2,195,993,1,72.8,6.26,0,38.8,14.81,low,OK
TX_003589,STORE_06,retail_park,CHK_009,18,1,0,regular,mobile,0,13,3,0,144,0,0,1,2,211,1000,7,150.2,18.19,0,94.89999999999999,45.86,medium,WATCH
TX_003590,STORE_08,hyper,CHK_029,12,6,1,regular,card,1,11,0,0,95,0,0,0,3,211,982,0,101.2,0.03,0,57.2,24.99,low,OK
TX_003591,STORE_02,city,CHK_018,16,3,0,regular,mobile,1,8,0,0,72,0,0,1,0,200,994,0,70.7,0.22,0,40.15,15.55,low,OK
TX_003592,STORE_02,city,CHK_037,10,5,1,regular,card,0,9,1,1,118,0,0,0,0,194,994,7,125.7,23.11,0,80.25,37.75,medium,WATCH
TX_003593,STORE_04,mall,CHK_032,14,6,1,regular,card,0,14,0,0,120,0,0,0,1,205,987,1,146.2,4.24,0,81.5,38.44,medium,WATCH
TX_003594,STORE_05,retail_park,CHK_003,8,0,0,regular,mobile,1,11,0,0,82,0,0,1,2,195,993,0,91.6,0.0,0,52.4,22.34,low,OK
TX_003595,STORE_01,city,CHK_032,12,4,0,professional,mobile,1,5,1,0,79,0,2,1,0,205,987,2,72.1,0.0,0,43.05,17.16,low,OK
TX_003596,STORE_07,hyper,CHK_022,13,6,1,new,mobile,0,15,0,1,193,1,1,1,3,223,1063,5,198.3,94.99,1,116.15,57.63,high,OPEN_SUPPORT
TX_003597,STORE_06,retail_park,CHK_005,14,2,0,professional,card,0,10,0,1,162,1,2,0,2,205,1000,5,160.9,80.4,1,94.45,45.61,medium,OPEN_SUPPORT
TX_003598,STORE_01,city,CHK_025,11,5,1,new,card,1,14,0,0,160,0,1,0,0,213,987,0,147.4,1.71,0,82.10000000000001,38.78,medium,WATCH
TX_003599,STORE_05,retail_park,CHK_040,16,5,1,regular,card,0,13,0,0,117,0,0,0,2,193,993,1,117.4,2.72,0,66.5,30.14,low,OK
TX_003600,STORE_08,hyper,CHK_023,13,4,0,new,card,0,14,0,0,147,0,1,0,3,188,982,1,158.0,58.63,1,87.4,41.71,medium,MONITOR_QUEUE
TX_003601,STORE_08,hyper,CHK_014,9,1,0,regular,card,1,5,0,1,104,0,0,0,3,213,982,4,102.5,9.28,0,62.25,27.79,low,OK
TX_003602,STORE_03,mall,CHK_005,10,3,0,regular,card,0,14,0,0,115,0,0,0,1,205,994,1,126.0,2.84,0,71.4,32.85,low,OK
TX_003603,STORE_04,mall,CHK_015,12,1,0,professional,card,0,10,1,0,107,0,2,0,1,207,987,3,113.1,2.35,0,66.55,30.17,low,OK
TX_003604,STORE_05,retail_park,CHK_034,21,5,1,regular,card,1,1,1,1,58,0,0,0,2,189,993,6,65.9,6.91,0,45.550000000000004,18.54,low,OK
TX_003605,STORE_01,city,CHK_004,14,2,0,professional,card,0,8,0,0,105,0,2,0,0,219,987,1,101.1,2.52,0,55.349999999999994,23.97,low,OK
TX_003606,STORE_01,city,CHK_037,9,2,0,professional,card,1,3,1,0,42,0,2,0,0,194,987,2,47.6,0.05,0,29.6,9.71,low,OK
TX_003607,STORE_02,city,CHK_036,20,4,0,regular,card,1,6,0,0,80,0,0,0,0,205,994,0,75.6,0.3,0,41.4,16.25,low,OK
TX_003608,STORE_02,city,CHK_002,17,2,0,regular,card,0,5,2,0,69,0,0,0,0,161,994,5,68.2,0.09,0,45.1,18.3,low,OK
TX_003609,STORE_01,city,CHK_007,9,4,0,regular,mobile,1,6,1,0,55,0,0,1,0,217,987,2,68.6,0.0,0,41.9,16.52,low,OK
TX_003610,STORE_01,city,CHK_008,15,6,1,new,card,1,15,1,1,202,1,1,0,0,173,987,6,204.5,94.74,1,123.25,61.56,high,OPEN_SUPPORT
TX_003611,STORE_03,mall,CHK_018,20,6,1,regular,card,1,7,1,1,130,0,0,0,1,200,994,6,129.6,15.73,0,81.0,38.17,medium,WATCH
TX_003612,STORE_04,mall,CHK_015,19,1,0,regular,card,1,7,0,0,90,0,0,0,1,207,987,0,79.8,0.01,0,44.1,17.74,low,OK
TX_003613,STORE_05,retail_park,CHK_037,20,4,0,new,mobile,1,11,3,0,178,1,1,1,2,194,993,6,144.4,15.26,0,90.8,43.59,medium,WATCH
TX_003614,STORE_05,retail_park,CHK_029,10,0,0,regular,card,1,8,2,0,87,0,0,0,2,211,993,4,85.8,0.27,0,55.699999999999996,24.16,low,OK
TX_003615,STORE_07,hyper,CHK_021,12,3,0,new,card,0,10,0,0,152,0,1,0,3,203,1063,1,118.8,7.46,0,65.4,29.53,low,OK
TX_003616,STORE_03,mall,CHK_004,8,5,1,regular,card,1,13,1,1,173,1,0,0,1,219,994,6,170.9,61.69,1,105.25,51.59,medium,MONITOR_QUEUE
TX_003617,STORE_08,hyper,CHK_034,21,6,1,new,card,1,11,0,0,132,0,1,0,3,189,982,0,120.5,0.84,0,66.85,30.33,low,OK
TX_003618,STORE_06,retail_park,CHK_015,11,1,0,regular,gift_card,1,11,0,0,105,0,0,2,2,207,1000,0,103.7,0.0,0,58.45,25.69,low,OK
TX_003619,STORE_06,retail_park,CHK_018,17,3,0,new,card,1,8,1,0,96,0,1,0,2,200,1000,2,96.9,0.46,0,57.25,25.02,low,OK
TX_003620,STORE_05,retail_park,CHK_024,20,6,1,regular,card,1,13,0,0,127,0,0,0,2,217,993,0,132.2,0.4,0,73.89999999999999,34.24,low,OK
TX_003621,STORE_05,retail_park,CHK_022,16,4,0,regular,card,1,9,0,0,86,0,0,0,2,223,993,0,85.3,0.03,0,48.05,19.93,low,OK
TX_003622,STORE_02,city,CHK_017,11,1,0,professional,mobile,0,11,0,0,107,0,2,1,0,202,994,1,128.3,7.03,0,70.75,32.49,low,OK
TX_003623,STORE_06,retail_park,CHK_019,20,5,1,regular,card,0,7,0,0,95,0,0,0,2,187,1000,1,88.8,0.01,0,48.6,20.23,low,OK
TX_003624,STORE_04,mall,CHK_025,20,2,0,new,card,1,7,1,1,140,0,1,0,1,213,987,6,139.8,22.03,0,86.10000000000001,40.99,medium,WATCH
TX_003625,STORE_05,retail_park,CHK_030,11,3,0,new,card,0,13,1,0,147,0,1,0,2,197,993,3,141.8,50.07,1,82.7,39.11,medium,MONITOR_QUEUE
TX_003626,STORE_04,mall,CHK_014,14,6,1,regular,card,0,5,0,0,59,0,0,0,1,213,987,1,61.0,0.06,0,33.5,11.87,low,OK
TX_003627,STORE_03,mall,CHK_004,9,5,1,regular,card,0,10,0,0,102,0,0,0,1,219,994,1,95.8,0.02,0,53.9,23.17,low,OK
TX_003628,STORE_01,city,CHK_035,16,6,1,regular,card,1,10,2,1,171,1,0,0,0,218,987,8,157.6,72.65,1,100.8,49.13,medium,OPEN_SUPPORT
TX_003629,STORE_07,hyper,CHK_022,11,5,1,new,card,1,10,0,0,96,0,1,0,3,223,1063,0,98.7,0.08,0,55.35,23.97,low,OK
TX_003630,STORE_08,hyper,CHK_026,9,1,0,regular,gift_card,0,5,0,0,68,0,0,2,3,183,982,1,64.1,0.02,0,35.05,12.73,low,OK
TX_003631,STORE_07,hyper,CHK_040,17,1,0,professional,mobile,1,7,0,0,62,0,2,1,3,193,1063,0,69.5,0.0,0,38.95,14.89,low,OK
TX_003632,STORE_05,retail_park,CHK_016,13,3,0,regular,card,0,10,0,0,99,0,0,0,2,195,993,1,108.3,0.5,0,60.15,26.63,low,OK
TX_003633,STORE_01,city,CHK_013,8,5,1,new,card,0,8,0,0,83,0,1,0,0,192,987,1,93.3,2.83,0,51.449999999999996,21.81,low,OK
TX_003634,STORE_07,hyper,CHK_029,19,4,0,regular,card,1,6,0,1,124,0,0,0,3,211,1063,4,122.2,11.5,0,72.69999999999999,33.57,low,OK
TX_003635,STORE_07,hyper,CHK_028,10,5,1,professional,mobile,0,12,1,0,102,0,2,1,3,218,1063,3,113.3,12.03,0,67.85,30.89,low,OK
TX_003636,STORE_07,hyper,CHK_011,20,1,0,regular,mobile,1,8,0,0,94,0,0,1,3,179,1063,0,95.8,0.41,0,52.699999999999996,22.5,low,OK
TX_003637,STORE_02,city,CHK_019,10,4,0,new,card,0,8,1,0,114,0,1,0,0,187,994,3,103.8,4.57,0,60.699999999999996,26.93,low,OK
TX_003638,STORE_05,retail_park,CHK_031,19,6,1,regular,card,1,13,1,0,140,0,0,0,2,194,993,2,137.4,1.14,0,80.5,37.89,medium,WATCH
TX_003639,STORE_01,city,CHK_021,10,2,0,new,card,1,8,2,0,97,0,1,0,0,203,987,4,98.1,0.29,0,61.849999999999994,27.57,low,OK
TX_003640,STORE_01,city,CHK_028,17,0,0,regular,card,0,4,3,0,65,0,0,0,0,218,987,7,66.8,7.48,0,47.8,19.79,low,OK
TX_003641,STORE_05,retail_park,CHK_005,13,2,0,new,mobile,1,15,1,0,156,0,1,1,2,205,993,2,165.2,4.39,0,95.6,46.25,medium,WATCH
TX_003642,STORE_05,retail_park,CHK_039,15,6,1,regular,card,0,13,0,0,129,0,0,0,2,195,993,1,121.1,2.32,0,68.35,31.17,low,OK
TX_003643,STORE_08,hyper,CHK_028,9,5,1,regular,card,0,12,1,0,110,0,0,0,3,218,982,3,116.1,1.14,0,69.25,31.66,low,OK
TX_003644,STORE_02,city,CHK_032,10,3,0,professional,card,0,8,0,0,91,0,2,0,0,205,994,1,92.1,1.52,0,50.849999999999994,21.48,low,OK
TX_003645,STORE_06,retail_park,CHK_039,14,6,1,regular,card,0,4,0,1,93,0,0,0,2,195,1000,5,95.6,17.4,0,58.199999999999996,25.55,low,OK
TX_003646,STORE_02,city,CHK_009,11,1,0,professional,mobile,1,7,0,1,108,0,2,1,0,211,994,4,117.7,4.94,0,71.05,32.66,low,OK
TX_003647,STORE_04,mall,CHK_009,12,0,0,regular,mobile,0,8,1,0,89,0,0,1,1,211,987,3,88.4,0.03,0,53.0,22.67,low,OK
TX_003648,STORE_04,mall,CHK_023,18,6,1,regular,card,1,9,0,0,92,0,0,0,1,188,987,0,104.5,0.0,0,57.65,25.24,low,OK
TX_003649,STORE_01,city,CHK_007,13,1,0,regular,card,0,4,1,0,55,0,0,0,0,217,987,3,56.3,0.03,0,34.55,12.46,low,OK
TX_003650,STORE_02,city,CHK_040,20,1,0,new,card,1,9,0,0,103,0,1,0,0,193,994,0,118.2,0.2,0,64.5,29.03,low,OK
TX_003651,STORE_02,city,CHK_031,17,3,0,regular,mobile,1,1,2,0,36,0,0,1,0,194,994,4,36.7,0.07,0,26.950000000000003,8.25,low,OK
TX_003652,STORE_02,city,CHK_034,11,0,0,regular,card,0,10,1,0,95,0,0,0,0,189,994,3,96.0,0.26,0,58.0,25.44,low,OK
TX_003653,STORE_07,hyper,CHK_011,10,3,0,regular,card,1,9,0,1,143,0,0,0,3,179,1063,4,135.3,18.02,0,81.05000000000001,38.2,medium,WATCH
TX_003654,STORE_05,retail_park,CHK_036,10,2,0,new,card,1,3,1,0,53,0,1,0,2,205,993,2,53.4,0.09,0,32.5,11.32,low,OK
TX_003655,STORE_01,city,CHK_019,15,4,0,regular,mobile,1,8,1,1,120,0,0,1,0,187,987,6,122.2,4.05,0,77.89999999999999,36.45,medium,WATCH
TX_003656,STORE_07,hyper,CHK_021,14,6,1,regular,mobile,0,13,1,1,186,1,0,1,3,203,1063,7,182.8,95.53,1,111.2,54.89,medium,OPEN_SUPPORT
TX_003657,STORE_07,hyper,CHK_030,17,0,0,regular,card,0,12,1,0,104,0,0,0,3,197,1063,3,117.5,3.13,0,69.95,32.05,low,OK
TX_003658,STORE_05,retail_park,CHK_016,20,5,1,professional,card,0,9,0,1,167,1,2,0,2,195,993,5,163.4,77.54,1,95.10000000000001,45.97,medium,OPEN_SUPPORT
TX_003659,STORE_03,mall,CHK_017,9,4,0,regular,mobile,0,10,1,1,142,0,0,1,1,202,994,7,140.2,35.71,0,88.1,42.1,medium,WATCH
TX_003660,STORE_08,hyper,CHK_036,11,3,0,regular,card,1,13,0,0,107,0,0,0,3,205,982,0,110.5,0.59,0,63.05,28.23,low,OK
TX_003661,STORE_08,hyper,CHK_010,8,2,0,regular,mobile,1,7,0,0,72,0,0,1,3,204,982,0,65.8,0.1,0,37.1,13.87,low,OK
TX_003662,STORE_07,hyper,CHK_017,14,5,1,professional,mobile,1,16,0,0,155,0,2,1,3,202,1063,0,160.1,0.87,0,89.64999999999999,42.96,medium,WATCH
TX_003663,STORE_07,hyper,CHK_025,10,1,0,regular,card,0,9,0,0,92,0,0,0,3,213,1063,1,92.8,0.15,0,51.8,22.0,low,OK
TX_003664,STORE_07,hyper,CHK_030,19,2,0,new,card,0,9,1,0,144,0,1,0,3,197,1063,3,132.0,5.81,0,75.4,35.07,medium,WATCH
TX_003665,STORE_06,retail_park,CHK_029,20,5,1,regular,card,1,4,1,0,62,0,0,0,2,211,1000,2,60.2,0.0,0,36.5,13.53,low,OK
TX_003666,STORE_07,hyper,CHK_011,17,0,0,regular,card,1,9,0,0,89,0,0,0,3,179,1063,0,84.4,0.01,0,47.6,19.68,low,OK
TX_003667,STORE_04,mall,CHK_030,11,1,0,regular,mobile,1,9,1,1,124,0,0,1,1,197,987,6,136.1,14.86,0,85.45,40.63,medium,WATCH
TX_003668,STORE_04,mall,CHK_005,10,4,0,regular,card,0,15,1,0,157,0,0,0,1,205,987,3,150.0,5.3,0,88.0,42.04,medium,WATCH
TX_003669,STORE_04,mall,CHK_035,10,1,0,new,mobile,1,13,3,0,162,1,1,1,1,218,987,6,150.6,70.04,1,95.1,45.97,medium,OPEN_SUPPORT
TX_003670,STORE_05,retail_park,CHK_012,13,4,0,regular,card,1,2,1,1,69,0,0,0,2,201,993,6,74.9,8.84,0,50.650000000000006,21.37,low,OK
TX_003671,STORE_06,retail_park,CHK_037,14,1,0,new,card,0,8,1,0,100,0,1,0,2,194,1000,3,102.8,4.23,0,60.199999999999996,26.65,low,OK
TX_003672,STORE_08,hyper,CHK_018,16,0,0,regular,mobile,1,12,0,0,94,0,0,1,3,200,982,0,100.6,0.37,0,57.5,25.16,low,OK
TX_003673,STORE_06,retail_park,CHK_017,17,6,1,regular,card,0,7,2,0,89,0,0,0,2,202,1000,5,93.0,0.33,0,58.7,25.82,low,OK
TX_003674,STORE_03,mall,CHK_030,18,1,0,regular,card,1,11,1,0,121,0,0,0,1,197,994,2,119.6,0.27,0,70.39999999999999,32.3,low,OK
TX_003675,STORE_02,city,CHK_028,16,3,0,regular,card,1,10,0,1,118,0,0,0,0,218,994,4,133.7,53.58,1,80.85,38.08,medium,MONITOR_QUEUE
TX_003676,STORE_08,hyper,CHK_035,14,0,0,regular,card,1,11,0,0,95,0,0,0,3,218,982,0,98.2,0.11,0,55.7,24.16,low,OK
TX_003677,STORE_02,city,CHK_011,14,4,0,professional,card,0,4,1,1,133,0,2,0,0,179,994,7,122.1,42.94,0,75.45,35.1,medium,WATCH
TX_003678,STORE_03,mall,CHK_019,19,1,0,regular,card,1,11,1,1,182,1,0,0,1,187,994,6,180.1,87.94,1,108.64999999999999,53.47,medium,OPEN_SUPPORT
TX_003679,STORE_07,hyper,CHK_025,20,2,0,regular,card,0,11,0,0,105,0,0,0,3,213,1063,1,119.8,1.11,0,66.5,30.14,low,OK
TX_003680,STORE_06,retail_park,CHK_032,9,3,0,regular,card,0,13,2,0,115,0,0,0,2,205,1000,5,117.0,8.1,0,74.3,34.46,low,OK
TX_003681,STORE_05,retail_park,CHK_017,15,6,1,new,mobile,1,1,0,1,85,0,1,1,2,202,993,4,77.0,9.9,0,47.1,19.4,low,OK
TX_003682,STORE_04,mall,CHK_001,13,1,0,regular,card,1,6,1,0,85,0,0,0,1,209,987,2,75.0,0.01,0,45.1,18.3,low,OK
TX_003683,STORE_01,city,CHK_003,17,5,1,professional,card,0,7,0,0,79,0,2,0,0,195,987,1,77.4,1.75,0,42.900000000000006,17.08,low,OK
TX_003684,STORE_03,mall,CHK_014,18,6,1,regular,card,0,5,1,0,79,0,0,0,1,213,994,3,75.0,0.04,0,44.5,17.96,low,OK
TX_003685,STORE_04,mall,CHK_014,15,6,1,new,card,1,12,1,0,109,0,1,0,1,213,987,2,132.8,2.47,0,77.60000000000001,36.29,medium,WATCH
TX_003686,STORE_04,mall,CHK_009,18,6,1,regular,card,1,6,2,1,122,0,0,0,1,211,987,8,121.1,18.78,0,80.14999999999999,37.7,medium,WATCH
TX_003687,STORE_08,hyper,CHK_034,11,0,0,regular,card,0,4,1,0,54,0,0,0,3,189,982,3,54.2,0.0,0,33.5,11.87,low,OK
TX_003688,STORE_03,mall,CHK_003,8,3,0,regular,card,0,14,0,0,145,0,0,0,1,195,994,1,132.9,2.22,0,74.85000000000001,34.76,low,OK
TX_003689,STORE_04,mall,CHK_011,15,0,0,regular,card,1,10,1,0,101,0,0,0,1,179,987,2,89.1,0.11,0,54.55,23.53,low,OK
TX_003690,STORE_08,hyper,CHK_015,10,6,1,regular,mobile,0,7,1,0,76,0,0,1,3,207,982,3,75.4,0.4,0,45.900000000000006,18.74,low,OK
TX_003691,STORE_01,city,CHK_031,15,1,0,regular,mobile,1,14,1,0,122,0,0,1,0,194,987,2,123.2,0.66,0,74.0,34.29,low,OK
TX_003692,STORE_04,mall,CHK_012,11,5,1,new,card,0,10,2,0,120,0,1,0,1,201,987,5,122.9,21.3,0,75.45,35.1,medium,WATCH
TX_003693,STORE_01,city,CHK_021,20,6,1,professional,card,1,13,0,1,180,1,2,0,0,203,987,4,190.8,94.16,1,111.2,54.89,medium,OPEN_SUPPORT
TX_003694,STORE_06,retail_park,CHK_007,16,6,1,regular,card,1,4,0,0,46,0,0,0,2,217,1000,0,44.1,0.03,0,24.45,6.86,low,OK
TX_003695,STORE_06,retail_park,CHK_018,8,2,0,regular,card,1,9,0,0,84,0,0,0,2,200,1000,0,81.3,0.2,0,46.05,18.82,low,OK
TX_003696,STORE_01,city,CHK_004,18,3,0,regular,mobile,1,7,0,0,88,0,0,1,0,219,987,0,84.0,0.01,0,46.2,18.9,low,OK
TX_003697,STORE_06,retail_park,CHK_008,19,6,1,new,card,0,8,0,0,99,0,1,0,2,173,1000,1,103.0,2.6,0,56.3,24.49,low,OK
TX_003698,STORE_04,mall,CHK_019,14,3,0,new,mobile,0,6,1,1,127,1,1,1,1,187,987,7,128.1,94.4,1,79.64999999999999,37.42,medium,OPEN_SUPPORT
TX_003699,STORE_07,hyper,CHK_018,14,0,0,regular,card,1,13,0,0,120,0,0,0,3,200,1063,0,121.5,0.38,0,68.55,31.28,low,OK
TX_003700,STORE_03,mall,CHK_011,16,1,0,regular,card,1,13,1,0,110,0,0,0,1,179,994,2,113.3,0.35,0,68.45,31.22,low,OK
TX_003701,STORE_04,mall,CHK_007,17,2,0,regular,card,0,7,0,1,105,0,0,0,1,217,987,5,117.2,14.88,0,70.8,32.52,low,OK
TX_003702,STORE_06,retail_park,CHK_007,12,5,1,new,card,0,9,0,0,142,0,1,0,2,217,1000,1,122.5,5.04,0,66.65,30.22,low,OK
TX_003703,STORE_02,city,CHK_006,16,2,0,regular,card,0,10,0,0,90,0,0,0,0,223,994,1,89.3,0.37,0,50.65,21.37,low,OK
TX_003704,STORE_04,mall,CHK_013,18,1,0,regular,mobile,0,6,3,0,101,0,0,1,1,192,987,7,84.2,8.9,0,57.7,25.27,low,OK
TX_003705,STORE_02,city,CHK_022,18,1,0,regular,card,0,3,0,0,55,0,0,0,0,223,994,1,53.4,0.25,0,28.5,9.11,low,OK
TX_003706,STORE_01,city,CHK_033,12,1,0,regular,card,1,9,0,0,94,0,0,0,0,192,987,0,88.8,0.06,0,49.8,20.9,low,OK
TX_003707,STORE_03,mall,CHK_034,14,5,1,regular,card,1,9,1,0,95,0,0,0,1,189,994,2,97.0,0.0,0,57.9,25.38,low,OK
TX_003708,STORE_07,hyper,CHK_011,10,5,1,new,card,0,13,1,0,143,0,1,0,3,179,1063,3,143.4,55.24,1,83.5,39.55,medium,MONITOR_QUEUE
TX_003709,STORE_04,mall,CHK_029,18,1,0,new,card,1,10,0,0,137,0,1,0,1,211,987,0,131.4,0.78,0,71.7,33.02,low,OK
TX_003710,STORE_01,city,CHK_016,17,1,0,new,card,0,5,5,0,112,1,1,0,0,195,987,11,102.9,90.95,1,74.45,34.54,low,OPEN_SUPPORT
TX_003711,STORE_03,mall,CHK_029,21,1,0,regular,card,1,8,0,0,70,0,0,0,1,211,994,0,69.8,0.03,0,39.699999999999996,15.31,low,OK
TX_003712,STORE_06,retail_park,CHK_004,18,3,0,regular,card,0,10,2,0,121,0,0,0,2,219,1000,5,127.9,3.86,0,77.95,36.48,medium,WATCH
TX_003713,STORE_03,mall,CHK_037,12,1,0,professional,card,1,10,2,0,106,0,2,0,1,194,994,4,112.0,2.78,0,70.0,32.08,low,OK
TX_003714,STORE_06,retail_park,CHK_029,15,0,0,new,mobile,1,12,1,0,123,0,1,1,2,211,1000,2,129.9,2.09,0,76.15,35.48,medium,WATCH
TX_003715,STORE_04,mall,CHK_010,12,2,0,new,card,1,5,0,0,62,0,1,0,1,204,987,0,66.0,0.16,0,36.0,13.26,low,OK
TX_003716,STORE_02,city,CHK_034,8,1,0,regular,mobile,0,7,2,0,80,0,0,1,0,189,994,5,81.6,0.26,0,53.0,22.67,low,OK
TX_003717,STORE_01,city,CHK_034,11,4,0,new,card,1,1,2,0,45,0,1,0,0,189,987,4,42.9,0.31,0,30.05,9.96,low,OK
TX_003718,STORE_07,hyper,CHK_022,18,4,0,regular,card,0,8,1,1,148,0,0,0,3,223,1063,7,142.2,36.39,0,87.89999999999999,41.99,medium,WATCH
TX_003719,STORE_04,mall,CHK_037,13,5,1,new,gift_card,1,5,1,1,142,0,1,2,1,194,987,6,130.3,20.83,0,80.15,37.7,medium,WATCH
TX_003720,STORE_08,hyper,CHK_005,18,0,0,regular,card,0,7,0,0,103,0,0,0,3,205,982,1,96.8,0.39,0,52.6,22.45,low,OK
TX_003721,STORE_04,mall,CHK_006,10,4,0,regular,card,0,8,1,0,78,0,0,0,1,223,987,3,83.1,0.11,0,50.349999999999994,21.2,low,OK
TX_003722,STORE_07,hyper,CHK_012,17,4,0,regular,mobile,1,12,1,1,125,0,0,1,3,201,1063,6,148.2,77.58,1,93.3,44.98,medium,OPEN_SUPPORT
TX_003723,STORE_08,hyper,CHK_001,17,4,0,regular,card,1,8,0,0,77,0,0,0,3,209,982,0,74.1,0.05,0,41.849999999999994,16.5,low,OK
TX_003724,STORE_07,hyper,CHK_018,18,3,0,new,card,1,8,0,0,121,0,1,0,3,200,1063,0,108.8,0.47,0,59.199999999999996,26.1,low,OK
TX_003725,STORE_06,retail_park,CHK_031,8,6,1,regular,card,1,12,2,0,135,0,0,0,2,194,1000,4,121.4,0.13,0,75.9,35.34,medium,WATCH
TX_003726,STORE_05,retail_park,CHK_004,17,2,0,regular,card,1,6,0,0,68,0,0,0,2,219,993,0,63.6,0.01,0,35.4,12.93,low,OK
TX_003727,STORE_08,hyper,CHK_009,19,6,1,new,card,0,12,1,1,175,1,1,0,3,211,982,7,184.4,95.81,1,111.4,55.0,high,OPEN_SUPPORT
TX_003728,STORE_01,city,CHK_039,11,5,1,regular,card,0,1,1,0,30,0,0,0,0,195,987,3,31.9,0.13,0,20.55,4.71,low,OK
TX_003729,STORE_04,mall,CHK_016,10,2,0,new,mobile,0,11,1,0,106,0,1,1,1,195,987,3,130.7,14.29,0,75.94999999999999,35.37,medium,WATCH
TX_003730,STORE_08,hyper,CHK_027,9,0,0,professional,card,1,10,1,0,106,0,2,0,3,200,982,2,107.1,0.78,0,63.55,28.51,low,OK
TX_003731,STORE_08,hyper,CHK_009,11,6,1,regular,card,0,15,0,1,143,0,0,0,3,211,982,5,160.2,62.86,1,97.1,47.08,medium,MONITOR_QUEUE
TX_003732,STORE_08,hyper,CHK_032,20,3,0,professional,card,0,14,0,1,240,1,2,0,3,205,982,5,229.4,94.93,1,131.1,65.9,high,OPEN_SUPPORT
TX_003733,STORE_01,city,CHK_038,19,6,1,regular,card,1,8,0,0,88,0,0,0,0,194,987,0,93.2,0.0,0,51.4,21.78,low,OK
TX_003734,STORE_07,hyper,CHK_007,17,0,0,regular,mobile,0,9,0,0,73,0,0,1,3,217,1063,1,86.6,0.2,0,48.699999999999996,20.29,low,OK
TX_003735,STORE_01,city,CHK_010,9,5,1,regular,card,0,7,0,0,78,0,0,0,0,204,987,1,72.4,0.0,0,40.400000000000006,15.69,low,OK
TX_003736,STORE_07,hyper,CHK_029,12,6,1,new,card,1,13,0,1,220,1,1,0,3,211,1063,4,206.7,94.83,1,119.14999999999999,59.29,high,OPEN_SUPPORT
TX_003737,STORE_04,mall,CHK_032,13,6,1,regular,mobile,0,7,1,0,78,0,0,1,1,205,987,3,81.1,0.1,0,48.75,20.32,low,OK
TX_003738,STORE_04,mall,CHK_020,10,2,0,new,card,1,8,0,0,74,0,1,0,1,175,987,0,86.5,0.0,0,48.05,19.93,low,OK
TX_003739,STORE_01,city,CHK_019,20,6,1,professional,card,1,7,0,0,98,0,2,0,0,187,987,0,96.4,0.0,0,52.400000000000006,22.34,low,OK
TX_003740,STORE_04,mall,CHK_028,21,6,1,regular,card,0,3,0,0,38,0,0,0,1,218,987,1,40.5,0.22,0,22.05,5.54,low,OK
TX_003741,STORE_07,hyper,CHK_019,14,5,1,new,card,0,5,0,0,87,0,1,0,3,187,1063,1,78.3,3.66,0,42.15,16.66,low,OK
TX_003742,STORE_03,mall,CHK_001,13,5,1,regular,mobile,1,4,0,0,44,0,0,1,1,209,994,0,44.8,0.0,0,24.799999999999997,7.06,low,OK
TX_003743,STORE_05,retail_park,CHK_020,17,3,0,regular,card,1,3,0,1,92,0,0,0,2,175,993,4,94.6,8.05,0,57.099999999999994,24.94,low,OK
TX_003744,STORE_08,hyper,CHK_012,14,5,1,new,gift_card,1,9,1,0,138,0,1,2,3,201,982,2,127.5,0.65,0,73.15,33.82,low,OK
TX_003745,STORE_05,retail_park,CHK_026,12,1,0,regular,card,0,13,0,1,169,1,0,0,2,183,993,5,176.0,91.1,1,103.8,50.79,medium,OPEN_SUPPORT
TX_003746,STORE_08,hyper,CHK_019,21,2,0,new,mobile,0,10,2,2,205,1,1,1,3,187,982,13,205.1,92.35,1,132.55,66.7,high,OPEN_SUPPORT
TX_003747,STORE_05,retail_park,CHK_038,15,3,0,regular,card,1,8,1,0,71,0,0,0,2,194,993,2,77.7,0.01,0,47.65,19.71,low,OK
TX_003748,STORE_05,retail_park,CHK_010,12,1,0,regular,card,1,13,0,0,113,0,0,0,2,204,993,0,121.4,0.06,0,68.5,31.25,low,OK
TX_003749,STORE_07,hyper,CHK_010,16,3,0,regular,card,1,10,2,0,101,0,0,0,3,204,1063,4,99.0,1.73,0,63.5,28.48,low,OK
TX_003750,STORE_01,city,CHK_001,18,1,0,new,card,0,9,1,0,130,0,1,0,0,209,987,3,132.5,2.86,0,75.65,35.21,medium,WATCH
TX_003751,STORE_08,hyper,CHK_030,19,3,0,regular,card,1,20,0,0,183,0,0,0,3,197,982,0,176.4,0.88,0,100.2,48.8,medium,WATCH
TX_003752,STORE_03,mall,CHK_011,8,6,1,new,card,1,13,0,0,114,0,1,0,1,179,994,0,119.9,0.92,0,67.75,30.83,low,OK
TX_003753,STORE_03,mall,CHK_011,10,4,0,new,card,0,13,0,1,205,1,1,0,1,179,994,5,199.9,95.31,1,115.75,57.4,high,OPEN_SUPPORT
TX_003754,STORE_08,hyper,CHK_012,19,3,0,new,mobile,0,13,2,0,178,1,1,1,3,201,982,5,184.2,58.04,1,107.89999999999999,53.06,medium,MONITOR_QUEUE
TX_003755,STORE_05,retail_park,CHK_024,10,5,1,regular,card,1,10,0,0,74,0,0,0,2,217,993,0,87.2,0.23,0,49.6,20.79,low,OK
TX_003756,STORE_02,city,CHK_024,9,0,0,professional,card,0,8,2,0,89,0,2,0,0,217,994,5,97.0,1.16,0,61.3,27.26,low,OK
TX_003757,STORE_08,hyper,CHK_021,19,3,0,regular,card,1,8,0,0,96,0,0,0,3,203,982,0,92.7,0.1,0,51.15,21.64,low,OK
TX_003758,STORE_04,mall,CHK_003,13,4,0,regular,card,0,9,0,0,101,0,0,0,1,195,987,1,105.7,0.1,0,58.25,25.57,low,OK
TX_003759,STORE_04,mall,CHK_018,18,4,0,regular,mobile,0,5,2,0,86,0,0,1,1,200,987,5,79.9,0.03,0,50.95,21.53,low,OK
TX_003760,STORE_03,mall,CHK_025,21,4,0,new,card,1,9,2,0,104,0,1,0,1,213,994,4,107.5,1.21,0,67.15,30.5,low,OK
TX_003761,STORE_02,city,CHK_016,10,6,1,new,card,0,10,0,0,125,0,1,0,0,195,994,1,114.3,5.24,0,63.15,28.29,low,OK
TX_003762,STORE_05,retail_park,CHK_018,11,3,0,professional,card,1,12,0,0,102,0,2,0,2,200,993,0,112.1,0.38,0,63.25,28.34,low,OK
TX_003763,STORE_01,city,CHK_040,13,0,0,regular,card,1,12,2,0,128,0,0,0,0,193,987,4,130.9,2.69,0,80.65,37.97,medium,WATCH
TX_003764,STORE_01,city,CHK_039,15,1,0,regular,card,1,1,0,0,23,0,0,0,0,195,987,0,24.2,0.01,0,12.7,0.36,low,OK
TX_003765,STORE_03,mall,CHK_027,10,6,1,professional,card,1,7,1,0,76,0,2,0,1,200,994,2,80.6,0.19,0,48.5,20.18,low,OK
TX_003766,STORE_02,city,CHK_022,14,4,0,regular,card,0,13,0,0,145,0,0,0,0,223,994,1,135.2,4.12,0,75.39999999999999,35.07,medium,WATCH
TX_003767,STORE_03,mall,CHK_007,11,5,1,regular,card,1,15,1,1,158,0,0,0,1,217,994,6,172.2,84.83,1,107.1,52.62,medium,OPEN_SUPPORT
TX_003768,STORE_01,city,CHK_029,15,3,0,regular,card,0,7,0,0,65,0,0,0,0,211,987,1,73.2,0.14,0,40.800000000000004,15.91,low,OK
TX_003769,STORE_06,retail_park,CHK_030,18,0,0,regular,card,1,11,1,0,105,0,0,0,2,197,1000,2,121.1,0.27,0,71.14999999999999,32.72,low,OK
TX_003770,STORE_03,mall,CHK_020,11,2,0,regular,card,1,15,0,3,219,1,0,0,1,175,994,12,214.7,95.83,1,140.35,71.02,high,OPEN_SUPPORT
TX_003771,STORE_04,mall,CHK_010,18,3,0,regular,card,0,8,0,0,99,0,0,0,1,204,987,1,95.8,0.31,0,52.699999999999996,22.5,low,OK
TX_003772,STORE_04,mall,CHK_012,10,2,0,regular,mobile,0,13,2,0,126,0,0,1,1,201,987,5,119.6,4.98,0,75.6,35.18,medium,WATCH
TX_003773,STORE_07,hyper,CHK_003,20,0,0,regular,card,0,7,2,0,109,0,0,0,3,195,1063,5,103.9,0.71,0,64.15,28.84,low,OK
TX_003774,STORE_07,hyper,CHK_005,15,3,0,new,mobile,1,6,2,0,88,0,1,1,3,205,1063,4,87.3,0.03,0,55.25,23.91,low,OK
TX_003775,STORE_04,mall,CHK_027,8,2,0,regular,card,1,10,1,0,92,0,0,0,1,200,987,2,91.6,0.0,0,55.8,24.22,low,OK
TX_003776,STORE_04,mall,CHK_012,10,0,0,professional,card,0,4,0,0,47,0,2,0,1,201,987,1,51.1,1.05,0,27.95,8.8,low,OK
TX_003777,STORE_01,city,CHK_034,11,4,0,regular,card,1,9,1,0,82,0,0,0,0,189,987,2,83.4,0.06,0,51.1,21.62,low,OK
TX_003778,STORE_07,hyper,CHK_013,11,2,0,regular,card,0,10,1,0,108,0,0,0,3,192,1063,3,97.9,0.44,0,58.95,25.96,low,OK
TX_003779,STORE_08,hyper,CHK_012,12,1,0,regular,card,0,10,0,0,110,0,0,0,3,201,982,1,109.0,0.35,0,60.5,26.82,low,OK
TX_003780,STORE_03,mall,CHK_001,17,4,0,regular,card,1,12,3,0,134,0,0,0,1,209,994,6,124.1,7.08,0,81.25,38.31,medium,WATCH
TX_003781,STORE_06,retail_park,CHK_007,10,1,0,new,card,1,11,1,0,104,0,1,0,2,217,1000,2,116.1,0.78,0,68.64999999999999,31.33,low,OK
TX_003782,STORE_05,retail_park,CHK_009,20,5,1,regular,card,0,6,1,0,73,0,0,0,2,211,993,3,78.0,0.06,0,46.6,19.13,low,OK
TX_003783,STORE_07,hyper,CHK_037,14,6,1,professional,card,1,10,0,0,124,0,2,0,3,194,1063,0,110.0,0.0,0,61.0,27.1,low,OK
TX_003784,STORE_06,retail_park,CHK_018,21,3,0,new,card,1,7,1,0,91,0,1,0,2,200,1000,2,88.9,0.86,0,52.650000000000006,22.47,low,OK
TX_003785,STORE_07,hyper,CHK_025,20,0,0,new,card,0,11,1,1,213,1,1,0,3,213,1063,7,180.1,92.86,1,108.64999999999999,53.47,medium,OPEN_SUPPORT
TX_003786,STORE_08,hyper,CHK_001,15,4,0,regular,card,1,4,2,0,55,0,0,0,3,209,982,4,55.8,0.05,0,38.3,14.53,low,OK
TX_003787,STORE_03,mall,CHK_033,8,1,0,new,mobile,1,9,2,2,187,1,1,1,1,192,994,12,193.6,83.72,1,126.2,63.19,high,OPEN_SUPPORT
TX_003788,STORE_02,city,CHK_015,11,2,0,new,card,0,8,3,0,111,1,1,0,0,207,994,7,108.6,59.93,1,71.1,32.69,low,MONITOR_QUEUE
TX_003789,STORE_08,hyper,CHK_017,14,3,0,regular,card,1,15,1,0,161,0,0,0,3,202,982,2,146.2,0.43,0,86.1,40.99,medium,WATCH
TX_003790,STORE_05,retail_park,CHK_035,17,4,0,regular,card,0,17,0,0,164,0,0,0,2,218,993,1,165.1,2.57,0,92.75,44.67,medium,WATCH
TX_003791,STORE_07,hyper,CHK_031,8,5,1,new,card,1,19,1,0,195,0,1,0,3,194,1063,2,183.3,3.72,0,107.05000000000001,52.59,medium,WATCH
TX_003792,STORE_01,city,CHK_011,21,3,0,professional,card,1,7,1,0,75,0,2,0,0,179,987,2,79.2,0.05,0,47.800000000000004,19.79,low,OK
TX_003793,STORE_02,city,CHK_001,20,6,1,regular,card,0,12,1,0,154,0,0,0,0,209,994,3,151.5,3.84,0,86.95,41.46,medium,WATCH
TX_003794,STORE_07,hyper,CHK_028,11,4,0,regular,card,0,11,1,0,99,0,0,0,3,218,1063,3,109.9,1.62,0,65.55,29.62,low,OK
TX_003795,STORE_02,city,CHK_015,18,1,0,regular,card,1,10,2,0,123,0,0,0,0,207,994,4,122.0,2.08,0,75.0,34.85,low,OK
TX_003796,STORE_04,mall,CHK_022,20,5,1,new,gift_card,1,13,1,0,176,0,1,2,1,223,987,2,170.9,5.98,0,97.25,47.16,medium,WATCH
TX_003797,STORE_02,city,CHK_002,16,2,0,regular,card,0,8,0,0,92,0,0,0,0,161,994,1,85.9,0.19,0,47.75,19.76,low,OK
TX_003798,STORE_01,city,CHK_005,16,5,1,regular,mobile,0,11,4,0,140,0,0,1,0,205,987,9,131.3,10.56,0,88.25,42.18,medium,WATCH
TX_003799,STORE_08,hyper,CHK_038,12,3,0,new,card,0,11,0,0,126,0,1,0,3,194,982,1,137.1,18.48,0,75.14999999999999,34.93,low,OK
TX_003800,STORE_03,mall,CHK_029,17,2,0,regular,card,1,6,2,0,64,0,0,0,1,211,994,4,76.0,0.07,0,49.6,20.79,low,OK
TX_003801,STORE_01,city,CHK_002,20,3,0,professional,mobile,1,8,0,0,95,0,2,1,0,161,987,0,95.7,0.0,0,52.65,22.47,low,OK
TX_003802,STORE_04,mall,CHK_010,21,0,0,regular,card,1,8,1,0,80,0,0,0,1,204,987,2,80.4,0.03,0,49.0,20.45,low,OK
TX_003803,STORE_01,city,CHK_020,21,0,0,regular,mobile,1,13,1,0,110,0,0,1,0,175,987,2,106.4,0.42,0,65.0,29.31,low,OK
TX_003804,STORE_05,retail_park,CHK_036,12,5,1,professional,card,0,4,0,0,64,0,2,0,2,205,993,1,64.8,2.03,0,34.8,12.59,low,OK
TX_003805,STORE_05,retail_park,CHK_026,13,6,1,regular,card,0,14,1,0,153,0,0,0,2,183,993,3,150.4,3.79,0,87.60000000000001,41.82,medium,WATCH
TX_003806,STORE_04,mall,CHK_020,12,0,0,new,card,0,4,1,1,106,1,1,0,1,175,987,7,112.0,88.85,1,70.4,32.3,low,OPEN_SUPPORT
TX_003807,STORE_01,city,CHK_034,19,5,1,regular,card,0,9,1,0,130,0,0,0,0,189,987,3,115.9,0.14,0,67.35000000000001,30.61,low,OK
TX_003808,STORE_03,mall,CHK_034,19,1,0,regular,gift_card,1,10,0,0,114,0,0,2,1,189,994,0,111.2,0.3,0,61.6,27.43,low,OK
TX_003809,STORE_03,mall,CHK_019,18,2,0,regular,card,1,3,0,1,98,0,0,0,1,187,994,4,95.5,8.01,0,57.55,25.19,low,OK
TX_003810,STORE_04,mall,CHK_005,15,1,0,new,card,1,13,0,0,120,0,1,0,1,205,987,0,125.2,1.29,0,70.4,32.3,low,OK
TX_003811,STORE_01,city,CHK_033,15,6,1,regular,card,0,8,0,0,89,0,0,0,0,192,987,1,83.9,0.43,0,46.75,19.21,low,OK
TX_003812,STORE_02,city,CHK_002,17,5,1,professional,card,0,9,0,2,158,0,2,0,0,161,994,9,172.3,42.06,0,107.55000000000001,52.86,medium,WATCH
TX_003813,STORE_07,hyper,CHK_025,17,0,0,regular,card,1,11,0,0,94,0,0,0,3,213,1063,0,96.7,0.03,0,54.95,23.75,low,OK
TX_003814,STORE_08,hyper,CHK_039,12,3,0,regular,mobile,1,11,0,0,119,0,0,1,3,195,982,0,102.1,0.15,0,57.65,25.24,low,OK
TX_003815,STORE_04,mall,CHK_021,15,3,0,new,card,0,6,2,0,94,0,1,0,1,203,987,5,95.9,5.39,0,59.550000000000004,26.29,low,OK
TX_003816,STORE_06,retail_park,CHK_021,16,0,0,new,card,1,14,0,1,199,1,1,0,2,203,1000,4,197.9,93.25,1,115.35000000000001,57.18,high,OPEN_SUPPORT
TX_003817,STORE_06,retail_park,CHK_033,9,6,1,new,card,1,6,0,0,68,0,1,0,2,192,1000,0,71.6,0.09,0,39.4,15.14,low,OK
TX_003818,STORE_02,city,CHK_010,9,0,0,new,mobile,0,12,1,0,112,0,1,1,0,204,994,3,128.3,21.68,0,75.35000000000001,35.04,medium,WATCH
TX_003819,STORE_02,city,CHK_034,13,2,0,regular,card,1,8,0,0,91,0,0,0,0,189,994,0,86.9,0.01,0,48.25,20.04,low,OK
TX_003820,STORE_02,city,CHK_008,9,1,0,new,mobile,0,10,0,0,97,0,1,1,0,173,994,1,102.1,2.2,0,57.05,24.91,low,OK
TX_003821,STORE_08,hyper,CHK_011,15,2,0,regular,mobile,0,4,0,0,50,0,0,1,3,179,982,1,50.2,0.02,0,27.5,8.55,low,OK
TX_003822,STORE_04,mall,CHK_038,17,1,0,regular,card,0,11,1,0,122,0,0,0,1,194,987,3,118.1,1.41,0,69.64999999999999,31.88,low,OK
TX_003823,STORE_01,city,CHK_004,19,5,1,professional,card,0,8,1,0,125,0,2,0,0,219,987,3,114.5,1.74,0,66.05,29.89,low,OK
TX_003824,STORE_02,city,CHK_010,18,4,0,regular,card,0,10,0,0,117,0,0,0,0,204,994,1,116.1,1.16,0,64.05,28.78,low,OK
TX_003825,STORE_04,mall,CHK_012,14,2,0,new,card,0,1,2,0,51,0,1,0,1,201,987,5,47.5,5.06,0,32.35,11.24,low,OK
TX_003826,STORE_01,city,CHK_030,16,6,1,regular,card,0,9,1,1,146,0,0,0,0,197,987,7,141.6,34.36,0,88.2,42.15,medium,WATCH
TX_003827,STORE_01,city,CHK_018,14,6,1,regular,card,0,2,1,0,44,0,0,0,0,200,987,3,46.8,0.54,0,28.599999999999998,9.16,low,OK
TX_003828,STORE_08,hyper,CHK_039,21,1,0,regular,card,0,16,2,0,163,0,0,0,3,195,982,5,152.7,3.47,0,93.94999999999999,45.34,medium,WATCH
TX_003829,STORE_01,city,CHK_005,12,2,0,regular,card,1,9,0,0,95,0,0,0,0,205,987,0,89.9,0.2,0,50.35,21.2,low,OK
TX_003830,STORE_03,mall,CHK_027,16,6,1,regular,card,0,14,1,0,138,0,0,0,1,200,994,3,138.0,4.24,0,81.4,38.39,medium,WATCH
TX_003831,STORE_03,mall,CHK_006,10,4,0,regular,mobile,1,6,1,0,55,0,0,1,1,223,994,2,63.2,0.0,0,39.2,15.03,low,OK
TX_003832,STORE_05,retail_park,CHK_001,18,1,0,regular,card,1,3,1,1,84,0,0,0,2,209,993,6,87.1,10.4,0,57.349999999999994,25.08,low,OK
TX_003833,STORE_05,retail_park,CHK_017,11,4,0,professional,card,1,10,2,0,94,0,2,0,2,202,993,4,109.4,1.44,0,68.7,31.36,low,OK
TX_003834,STORE_05,retail_park,CHK_001,18,4,0,regular,card,1,8,1,0,88,0,0,0,2,209,993,2,96.4,0.0,0,57.0,24.88,low,OK
TX_003835,STORE_06,retail_park,CHK_027,20,3,0,new,card,0,6,1,2,175,1,1,0,2,200,1000,11,173.2,95.04,1,110.19999999999999,54.33,medium,OPEN_SUPPORT
TX_003836,STORE_07,hyper,CHK_014,17,3,0,regular,mobile,0,18,1,1,211,1,0,1,3,213,1063,7,220.3,94.75,1,132.95000000000002,66.92,high,OPEN_SUPPORT
TX_003837,STORE_02,city,CHK_039,16,0,0,regular,card,1,6,0,0,64,0,0,0,0,195,994,0,61.4,0.04,0,34.3,12.32,low,OK
TX_003838,STORE_08,hyper,CHK_033,16,3,0,regular,card,1,8,2,0,90,0,0,0,3,192,982,4,88.7,0.0,0,57.15,24.97,low,OK
TX_003839,STORE_01,city,CHK_022,16,1,0,regular,card,0,10,0,0,107,0,0,0,0,223,987,1,90.8,0.72,0,51.4,21.78,low,OK
TX_003840,STORE_06,retail_park,CHK_012,19,5,1,new,card,1,2,1,0,54,0,1,0,2,201,1000,2,50.1,0.15,0,30.25,10.07,low,OK
TX_003841,STORE_03,mall,CHK_021,9,1,0,professional,card,1,12,0,0,113,0,2,0,1,203,994,0,111.9,0.39,0,63.150000000000006,28.29,low,OK
TX_003842,STORE_02,city,CHK_035,9,1,0,new,card,0,8,1,0,90,0,1,0,0,218,994,3,93.8,3.23,0,55.699999999999996,24.16,low,OK
TX_003843,STORE_05,retail_park,CHK_010,18,4,0,regular,card,0,5,0,0,63,0,0,0,2,204,993,1,68.4,0.13,0,37.2,13.92,low,OK
TX_003844,STORE_03,mall,CHK_021,12,2,0,regular,card,0,12,0,0,120,0,0,0,1,203,994,1,119.6,2.51,0,67.0,30.42,low,OK
TX_003845,STORE_01,city,CHK_025,8,6,1,regular,mobile,1,5,1,0,50,0,0,1,0,213,987,2,55.5,0.0,0,34.75,12.57,low,OK
TX_003846,STORE_02,city,CHK_016,21,4,0,new,card,1,6,0,2,133,0,1,0,0,195,994,8,146.8,46.56,0,93.0,44.81,medium,WATCH
TX_003847,STORE_01,city,CHK_012,9,3,0,new,gift_card,0,5,0,1,112,1,1,2,0,201,987,5,110.0,88.95,1,66.0,29.86,low,OPEN_SUPPORT
TX_003848,STORE_08,hyper,CHK_019,21,1,0,regular,card,1,14,1,0,115,0,0,0,3,187,982,2,121.7,0.51,0,73.25,33.88,low,OK
TX_003849,STORE_02,city,CHK_035,19,3,0,regular,card,1,2,0,0,34,0,0,0,0,218,994,0,35.8,0.01,0,19.099999999999998,3.9,low,OK
TX_003850,STORE_03,mall,CHK_007,9,3,0,new,card,1,5,0,0,58,0,1,0,1,217,994,0,58.6,0.14,0,32.3,11.21,low,OK
TX_003851,STORE_08,hyper,CHK_007,17,2,0,regular,card,1,11,0,0,89,0,0,0,3,217,982,0,92.8,0.03,0,53.0,22.67,low,OK
TX_003852,STORE_03,mall,CHK_003,19,2,0,regular,card,1,7,0,0,70,0,0,0,1,195,994,0,77.1,0.01,0,42.75,16.99,low,OK
TX_003853,STORE_06,retail_park,CHK_008,8,1,0,regular,mobile,0,17,0,1,184,1,0,1,2,173,1000,5,185.1,77.57,1,110.75,54.64,medium,OPEN_SUPPORT
TX_003854,STORE_05,retail_park,CHK_003,11,2,0,regular,card,1,7,3,1,117,1,0,0,2,195,993,10,122.0,88.62,1,85.2,40.49,medium,OPEN_SUPPORT
TX_003855,STORE_06,retail_park,CHK_023,11,1,0,new,card,0,11,0,0,138,0,1,0,2,188,1000,1,136.1,17.41,0,74.64999999999999,34.65,low,OK
TX_003856,STORE_06,retail_park,CHK_036,11,0,0,regular,card,1,3,0,0,34,0,0,0,2,205,1000,0,40.0,0.0,0,21.8,5.4,low,OK
TX_003857,STORE_06,retail_park,CHK_038,20,6,1,regular,card,0,4,0,2,181,1,0,0,2,194,1000,9,131.8,44.7,0,84.30000000000001,39.99,medium,WATCH
TX_003858,STORE_02,city,CHK_012,12,4,0,regular,card,1,10,1,0,109,0,0,0,0,201,994,2,105.8,0.05,0,62.9,28.15,low,OK
TX_003859,STORE_02,city,CHK_032,11,4,0,new,card,1,13,1,0,113,0,1,0,0,205,994,2,130.8,6.08,0,77.2,36.06,medium,WATCH
TX_003860,STORE_04,mall,CHK_023,9,2,0,regular,gift_card,1,4,0,0,56,0,0,2,1,188,987,0,46.8,0.0,0,25.799999999999997,7.61,low,OK
TX_003861,STORE_03,mall,CHK_011,12,1,0,professional,gift_card,0,12,0,0,143,0,2,2,1,179,994,1,145.0,11.86,0,79.7,37.45,medium,WATCH
TX_003862,STORE_07,hyper,CHK_022,13,4,0,regular,mobile,0,10,1,0,122,0,0,1,3,223,1063,3,106.9,1.24,0,63.45,28.45,low,OK
TX_003863,STORE_02,city,CHK_024,12,2,0,professional,card,1,16,5,0,171,1,2,0,0,217,994,10,168.7,80.95,1,113.94999999999999,56.41,high,OPEN_SUPPORT
TX_003864,STORE_05,retail_park,CHK_026,15,3,0,new,card,1,12,1,0,145,0,1,0,2,183,993,2,131.2,1.79,0,76.8,35.84,medium,WATCH
TX_003865,STORE_04,mall,CHK_003,9,1,0,regular,mobile,1,11,0,0,90,0,0,1,1,195,987,0,91.3,0.2,0,52.25,22.25,low,OK
TX_003866,STORE_03,mall,CHK_036,18,2,0,regular,card,1,3,1,1,102,0,0,0,1,205,994,6,97.7,9.56,0,62.65,28.01,low,OK
TX_003867,STORE_04,mall,CHK_010,15,1,0,regular,card,1,10,1,0,80,0,0,0,1,204,987,2,87.3,0.17,0,53.65,23.03,low,OK
TX_003868,STORE_04,mall,CHK_020,18,3,0,regular,mobile,0,7,0,0,91,0,0,1,1,175,987,1,89.7,0.43,0,49.050000000000004,20.48,low,OK
TX_003869,STORE_01,city,CHK_017,15,3,0,regular,mobile,0,6,0,0,68,0,0,1,0,202,987,1,64.6,0.16,0,35.9,13.2,low,OK
TX_003870,STORE_02,city,CHK_015,9,3,0,regular,mobile,1,10,0,0,80,0,0,1,0,207,994,0,85.0,0.0,0,48.5,20.18,low,OK
TX_003871,STORE_08,hyper,CHK_018,20,0,0,regular,card,1,11,0,0,128,0,0,0,3,200,982,0,105.9,0.37,0,59.550000000000004,26.29,low,OK
TX_003872,STORE_07,hyper,CHK_009,9,5,1,regular,card,0,11,0,0,108,0,0,0,3,211,1063,1,106.8,0.31,0,60.0,26.54,low,OK
TX_003873,STORE_05,retail_park,CHK_030,8,2,0,regular,card,0,3,1,0,48,0,0,0,2,197,993,3,48.3,0.07,0,29.95,9.91,low,OK
TX_003874,STORE_06,retail_park,CHK_004,18,5,1,new,card,1,2,1,1,107,0,1,0,2,219,1000,6,99.7,16.68,0,63.050000000000004,28.23,low,OK
TX_003875,STORE_06,retail_park,CHK_026,9,4,0,regular,mobile,1,10,1,0,79,0,0,1,2,183,1000,2,88.8,0.17,0,54.4,23.44,low,OK
TX_003876,STORE_05,retail_park,CHK_026,14,5,1,regular,card,1,7,0,0,63,0,0,0,2,183,993,0,66.3,0.0,0,37.35,14.0,low,OK
TX_003877,STORE_05,retail_park,CHK_032,17,0,0,regular,mobile,0,2,1,1,84,0,0,1,2,205,993,7,84.5,17.57,0,55.45,24.02,low,OK
TX_003878,STORE_01,city,CHK_040,8,3,0,new,gift_card,1,7,0,0,76,0,1,2,0,193,987,0,85.8,0.0,0,47.1,19.4,low,OK
TX_003879,STORE_08,hyper,CHK_019,11,3,0,new,card,0,16,0,0,140,0,1,0,3,187,982,1,160.6,64.63,1,89.89999999999999,43.09,medium,MONITOR_QUEUE
TX_003880,STORE_01,city,CHK_007,8,3,0,new,card,1,13,1,0,119,0,1,0,0,217,987,2,126.0,2.23,0,74.8,34.74,low,OK
TX_003881,STORE_05,retail_park,CHK_039,21,5,1,new,mobile,1,8,3,0,101,0,1,1,2,195,993,6,104.3,3.43,0,68.95,31.5,low,OK
TX_003882,STORE_03,mall,CHK_016,21,0,0,regular,card,1,12,0,1,128,0,0,0,1,195,994,4,135.0,53.18,1,82.7,39.11,medium,MONITOR_QUEUE
TX_003883,STORE_07,hyper,CHK_027,11,6,1,new,mobile,1,15,1,0,147,0,1,1,3,200,1063,2,156.5,5.36,0,91.25,43.84,medium,WATCH
TX_003884,STORE_08,hyper,CHK_017,10,5,1,regular,card,0,7,1,0,68,0,0,0,3,202,982,3,75.8,0.0,0,46.1,18.85,low,OK
TX_003885,STORE_01,city,CHK_013,12,3,0,regular,card,1,9,0,0,94,0,0,0,0,192,987,0,88.9,0.06,0,49.85,20.92,low,OK
TX_003886,STORE_01,city,CHK_035,10,2,0,regular,mobile,1,2,1,0,34,0,0,1,0,218,987,2,35.7,0.0,0,23.05,6.09,low,OK
TX_003887,STORE_03,mall,CHK_029,15,0,0,new,card,0,5,0,0,67,0,1,0,1,211,994,1,69.6,3.02,0,37.8,14.25,low,OK
TX_003888,STORE_08,hyper,CHK_018,9,1,0,regular,card,1,10,1,0,87,0,0,0,3,200,982,2,91.7,0.28,0,55.85,24.25,low,OK
TX_003889,STORE_05,retail_park,CHK_012,12,4,0,regular,card,1,8,0,0,77,0,0,0,2,201,993,0,82.8,0.0,0,46.199999999999996,18.9,low,OK
TX_003890,STORE_06,retail_park,CHK_007,10,2,0,new,gift_card,0,1,1,1,71,1,1,2,2,217,1000,7,82.1,62.95,1,53.65,23.03,low,MONITOR_QUEUE
TX_003891,STORE_06,retail_park,CHK_017,12,6,1,regular,mobile,0,3,1,0,56,0,0,1,2,202,1000,3,52.5,0.1,0,32.05,11.07,low,OK
TX_003892,STORE_03,mall,CHK_015,10,1,0,new,card,1,12,0,0,116,0,1,0,1,207,994,0,117.8,1.02,0,66.1,29.92,low,OK
TX_003893,STORE_08,hyper,CHK_011,12,2,0,regular,mobile,0,4,0,0,51,0,0,1,3,179,982,1,50.6,0.02,0,27.7,8.66,low,OK
TX_003894,STORE_04,mall,CHK_024,12,2,0,regular,card,1,13,2,0,141,0,0,0,1,217,987,4,131.2,3.57,0,81.39999999999999,38.39,medium,WATCH
TX_003895,STORE_03,mall,CHK_006,17,2,0,regular,card,0,1,1,0,33,0,0,0,1,223,994,3,34.9,0.11,0,22.05,5.54,low,OK
TX_003896,STORE_07,hyper,CHK_006,18,4,0,regular,card,0,9,1,0,108,0,0,0,3,223,1063,3,106.5,0.13,0,62.65,28.01,low,OK
TX_003897,STORE_03,mall,CHK_016,18,1,0,regular,gift_card,0,11,0,0,118,0,0,2,1,195,994,1,123.3,1.66,0,68.25,31.11,low,OK
TX_003898,STORE_01,city,CHK_030,13,0,0,regular,card,1,2,0,1,70,0,0,0,0,197,987,4,68.9,6.15,0,43.650000000000006,17.49,low,OK
TX_003899,STORE_06,retail_park,CHK_017,9,3,0,regular,card,0,10,2,0,98,0,0,0,2,202,1000,5,104.1,1.85,0,66.05,29.89,low,OK
TX_003900,STORE_08,hyper,CHK_001,21,0,0,regular,card,0,9,2,0,86,0,0,0,3,209,982,5,92.5,0.72,0,59.65,26.35,low,OK
TX_003901,STORE_08,hyper,CHK_028,11,4,0,new,card,1,15,2,0,132,0,1,0,3,218,982,4,151.9,8.18,0,92.95,44.78,medium,WATCH
TX_003902,STORE_04,mall,CHK_017,11,6,1,regular,card,1,1,0,0,23,0,0,0,1,202,987,0,24.4,0.0,0,12.799999999999999,0.42,low,OK
TX_003903,STORE_02,city,CHK_004,11,1,0,regular,card,1,8,0,0,76,0,0,0,0,219,994,0,76.7,0.0,0,43.15,17.22,low,OK
TX_003904,STORE_04,mall,CHK_013,18,0,0,new,card,1,7,1,1,157,0,1,0,1,192,987,6,147.5,22.5,0,89.95,43.12,medium,WATCH
TX_003905,STORE_04,mall,CHK_004,21,2,0,regular,card,1,8,2,0,97,0,0,0,1,219,987,4,92.6,0.26,0,59.099999999999994,26.04,low,OK
TX_003906,STORE_06,retail_park,CHK_013,10,4,0,regular,card,0,17,1,0,162,0,0,0,2,192,1000,3,155.8,5.65,0,92.10000000000001,44.31,medium,WATCH
TX_003907,STORE_07,hyper,CHK_034,13,6,1,new,mobile,0,4,0,0,71,0,1,1,3,189,1063,1,68.4,2.19,0,36.6,13.59,low,OK
TX_003908,STORE_05,retail_park,CHK_036,9,1,0,regular,card,1,11,0,0,84,0,0,0,2,205,993,0,92.4,0.15,0,52.800000000000004,22.56,low,OK
TX_003909,STORE_05,retail_park,CHK_022,19,4,0,regular,gift_card,0,10,0,0,116,0,0,2,2,223,993,1,115.4,0.46,0,63.7,28.59,low,OK
TX_003910,STORE_04,mall,CHK_035,13,6,1,regular,mobile,1,7,0,0,71,0,0,1,1,218,987,0,72.8,0.0,0,40.6,15.8,low,OK
TX_003911,STORE_01,city,CHK_033,12,0,0,regular,card,1,10,1,0,106,0,0,0,0,192,987,2,103.7,0.37,0,61.85,27.57,low,OK
TX_003912,STORE_01,city,CHK_002,9,4,0,regular,mobile,1,5,1,0,59,0,0,1,0,161,987,2,56.8,0.0,0,35.4,12.93,low,OK
TX_003913,STORE_08,hyper,CHK_022,17,1,0,regular,mobile,0,8,0,0,78,0,0,1,3,223,982,1,74.6,0.12,0,42.099999999999994,16.63,low,OK
TX_003914,STORE_01,city,CHK_008,18,2,0,regular,gift_card,1,10,0,0,121,0,0,2,0,173,987,0,112.5,0.3,0,62.25,27.79,low,OK
TX_003915,STORE_08,hyper,CHK_021,18,2,0,regular,card,0,7,0,0,94,0,0,0,3,203,982,1,91.3,0.46,0,49.85,20.92,low,OK
TX_003916,STORE_04,mall,CHK_024,15,0,0,new,card,0,12,1,2,227,1,1,0,1,217,987,11,215.8,93.48,1,135.1,68.12,high,OPEN_SUPPORT
TX_003917,STORE_08,hyper,CHK_006,17,6,1,regular,card,1,20,0,0,179,0,0,0,3,223,982,0,172.2,0.8,0,98.1,47.63,medium,WATCH
TX_003918,STORE_07,hyper,CHK_023,13,1,0,new,card,1,7,2,0,110,0,1,0,3,188,1063,4,103.7,0.25,0,64.05,28.78,low,OK
TX_003919,STORE_02,city,CHK_010,15,1,0,regular,card,1,2,0,0,31,0,0,0,0,204,994,0,34.2,0.01,0,18.3,3.46,low,OK
TX_003920,STORE_04,mall,CHK_008,11,6,1,regular,mobile,1,10,1,0,89,0,0,1,1,173,987,2,89.7,0.0,0,54.85,23.69,low,OK
TX_003921,STORE_03,mall,CHK_004,16,1,0,professional,card,0,6,0,0,65,0,2,0,1,219,994,1,71.1,2.2,0,39.15,15.0,low,OK
TX_003922,STORE_06,retail_park,CHK_025,16,0,0,professional,card,0,7,0,2,165,1,2,0,2,213,1000,9,168.5,85.92,1,104.45,51.15,medium,OPEN_SUPPORT
TX_003923,STORE_04,mall,CHK_037,9,1,0,new,mobile,0,5,2,0,86,0,1,1,1,194,987,5,79.5,2.8,0,50.75,21.42,low,OK
TX_003924,STORE_08,hyper,CHK_016,14,3,0,regular,gift_card,1,11,1,0,141,0,0,2,3,195,982,2,124.5,0.23,0,72.85,33.66,low,OK
TX_003925,STORE_02,city,CHK_020,18,2,0,regular,card,0,12,2,0,156,0,0,0,0,175,994,5,151.6,7.91,0,91.0,43.7,medium,WATCH
TX_003926,STORE_08,hyper,CHK_028,12,2,0,regular,mobile,1,10,0,0,113,0,0,1,3,218,982,0,104.1,0.31,0,58.05,25.46,low,OK
TX_003927,STORE_05,retail_park,CHK_010,15,3,0,regular,mobile,1,7,0,0,65,0,0,1,2,204,993,0,65.4,0.01,0,36.900000000000006,13.76,low,OK
TX_003928,STORE_08,hyper,CHK_011,15,0,0,professional,card,1,14,0,0,150,0,2,0,3,179,982,0,127.0,0.89,0,71.9,33.13,low,OK
TX_003929,STORE_05,retail_park,CHK_004,9,0,0,new,card,1,6,1,1,119,0,1,0,2,219,993,6,117.4,11.73,0,74.3,34.46,low,OK
TX_003930,STORE_02,city,CHK_024,11,3,0,regular,mobile,1,13,0,0,116,0,0,1,0,217,994,0,114.3,0.0,0,64.95,29.28,low,OK
TX_003931,STORE_03,mall,CHK_031,18,1,0,regular,mobile,0,9,3,0,139,0,0,1,1,194,994,7,132.8,8.39,0,83.80000000000001,39.72,medium,WATCH
TX_003932,STORE_03,mall,CHK_039,13,1,0,regular,card,1,6,0,0,72,0,0,0,1,195,994,0,66.9,0.01,0,37.050000000000004,13.84,low,OK
TX_003933,STORE_02,city,CHK_019,8,4,0,professional,card,0,14,0,0,149,0,2,0,0,187,994,1,148.4,13.51,0,82.60000000000001,39.05,medium,WATCH
TX_003934,STORE_06,retail_park,CHK_012,9,5,1,regular,card,1,11,2,1,141,0,0,0,2,201,1000,8,142.9,59.25,1,94.05,45.39,medium,MONITOR_QUEUE
TX_003935,STORE_05,retail_park,CHK_016,15,4,0,regular,card,1,14,3,0,147,0,0,0,2,195,993,6,128.7,18.28,0,84.75,40.24,medium,WATCH
TX_003936,STORE_02,city,CHK_029,20,3,0,new,card,1,12,0,0,180,0,1,0,0,211,994,0,153.6,2.42,0,84.0,39.83,medium,WATCH
TX_003937,STORE_03,mall,CHK_015,13,3,0,regular,gift_card,1,12,1,0,132,0,0,2,1,207,994,2,125.3,0.26,0,73.85000000000001,34.21,low,OK
TX_003938,STORE_02,city,CHK_027,9,0,0,regular,card,1,3,0,0,40,0,0,0,0,200,994,0,39.5,0.0,0,21.55,5.26,low,OK
TX_003939,STORE_04,mall,CHK_004,12,3,0,regular,card,0,9,4,1,153,1,0,0,1,219,987,13,150.7,93.24,1,104.75,51.31,medium,OPEN_SUPPORT
TX_003940,STORE_02,city,CHK_007,18,5,1,regular,card,1,10,0,0,105,0,0,0,0,217,994,0,111.6,0.39,0,61.8,27.54,low,OK
TX_003941,STORE_08,hyper,CHK_034,10,3,0,new,card,1,7,1,0,85,0,1,0,3,189,982,2,86.7,0.65,0,51.550000000000004,21.87,low,OK
TX_003942,STORE_03,mall,CHK_025,9,6,1,regular,card,1,9,2,0,83,0,0,0,1,213,994,4,88.6,0.54,0,57.699999999999996,25.27,low,OK
TX_003943,STORE_08,hyper,CHK_024,15,5,1,regular,card,1,18,1,0,138,0,0,0,3,217,982,2,154.5,0.12,0,92.05,44.28,medium,WATCH
TX_003944,STORE_07,hyper,CHK_037,20,3,0,professional,card,1,13,2,0,139,0,2,0,3,194,1063,4,153.4,3.41,0,92.5,44.53,medium,WATCH
TX_003945,STORE_07,hyper,CHK_039,18,3,0,new,gift_card,0,7,2,0,142,0,1,2,3,195,1063,5,133.7,11.28,0,79.05,37.09,medium,WATCH
TX_003946,STORE_06,retail_park,CHK_011,11,4,0,regular,card,1,13,0,0,104,0,0,0,2,179,1000,0,107.2,0.16,0,61.4,27.32,low,OK
TX_003947,STORE_01,city,CHK_026,18,2,0,new,card,0,12,1,2,237,1,1,0,0,183,987,11,231.0,91.54,1,142.7,72.32,high,OPEN_SUPPORT
TX_003948,STORE_03,mall,CHK_013,17,2,0,new,card,1,4,3,0,70,0,1,0,1,192,994,6,71.1,2.4,0,49.949999999999996,20.98,low,OK
TX_003949,STORE_06,retail_park,CHK_020,17,4,0,regular,card,1,10,2,0,111,0,0,0,2,175,1000,4,103.0,1.07,0,65.5,29.59,low,OK
TX_003950,STORE_02,city,CHK_020,21,5,1,regular,mobile,0,7,2,0,88,0,0,1,0,175,994,5,86.2,0.08,0,55.300000000000004,23.94,low,OK
TX_003951,STORE_06,retail_park,CHK_001,18,3,0,professional,mobile,0,9,1,0,110,0,2,1,2,209,1000,3,117.5,1.34,0,68.15,31.05,low,OK
TX_003952,STORE_05,retail_park,CHK_004,19,6,1,regular,card,0,1,0,1,70,0,0,0,2,219,993,5,73.8,10.83,0,45.5,18.52,low,OK
TX_003953,STORE_01,city,CHK_015,11,2,0,regular,mobile,0,17,0,0,118,0,0,1,0,207,987,1,139.7,2.98,0,80.05,37.64,medium,WATCH
TX_003954,STORE_05,retail_park,CHK_006,17,2,0,regular,mobile,1,8,0,0,62,0,0,1,2,223,993,0,66.0,0.01,0,37.8,14.25,low,OK
TX_003955,STORE_03,mall,CHK_017,10,3,0,regular,mobile,0,5,0,0,58,0,0,1,1,202,994,1,56.0,0.15,0,31.0,10.49,low,OK
TX_003956,STORE_02,city,CHK_008,9,2,0,new,gift_card,0,12,0,0,122,0,1,2,0,173,994,1,129.9,14.98,0,72.15,33.27,low,OK
TX_003957,STORE_04,mall,CHK_013,12,2,0,regular,card,0,15,1,0,154,0,0,0,1,192,987,3,150.8,3.0,0,88.4,42.26,medium,WATCH
TX_003958,STORE_08,hyper,CHK_040,17,6,1,regular,card,0,11,0,2,191,1,0,0,3,193,982,9,187.4,92.61,1,116.3,57.71,high,OPEN_SUPPORT
TX_003959,STORE_04,mall,CHK_036,15,2,0,regular,card,1,4,2,0,50,0,0,0,1,205,987,4,56.2,0.07,0,38.5,14.64,low,OK
TX_003960,STORE_01,city,CHK_010,9,0,0,new,card,0,13,1,0,125,0,1,0,0,204,987,3,132.8,28.42,0,78.2,36.62,medium,WATCH
TX_003961,STORE_06,retail_park,CHK_022,10,1,0,regular,card,1,12,4,0,107,0,0,0,2,223,1000,8,122.9,18.69,0,84.65,40.19,medium,WATCH
TX_003962,STORE_07,hyper,CHK_025,15,6,1,regular,mobile,0,12,1,1,162,1,0,1,3,213,1063,7,171.4,78.29,1,104.9,51.4,medium,OPEN_SUPPORT
TX_003963,STORE_07,hyper,CHK_029,15,3,0,new,card,0,16,2,1,247,1,1,0,3,211,1063,9,229.2,99.28,1,140.2,70.94,high,OPEN_SUPPORT
TX_003964,STORE_08,hyper,CHK_034,21,2,0,new,card,1,9,0,0,102,0,1,0,3,189,982,0,105.1,0.0,0,57.949999999999996,25.41,low,OK
TX_003965,STORE_03,mall,CHK_019,15,5,1,new,card,0,10,1,0,110,0,1,0,1,187,994,3,116.1,7.8,0,68.05,31.0,low,OK
TX_003966,STORE_02,city,CHK_040,21,4,0,regular,card,0,9,3,0,95,0,0,0,0,193,994,7,97.6,5.59,0,66.2,29.98,low,OK
TX_003967,STORE_02,city,CHK_016,16,0,0,new,card,0,13,2,0,171,1,1,0,0,195,994,5,157.7,79.21,1,94.64999999999999,45.72,medium,OPEN_SUPPORT
TX_003968,STORE_07,hyper,CHK_032,15,4,0,regular,card,1,11,1,0,89,0,0,0,3,205,1063,2,97.6,0.03,0,59.4,26.21,low,OK
TX_003969,STORE_06,retail_park,CHK_005,8,5,1,regular,card,0,14,1,0,127,0,0,0,2,205,1000,3,129.2,6.34,0,77.0,35.95,medium,WATCH
TX_003970,STORE_02,city,CHK_006,12,6,1,new,card,1,10,2,0,152,0,1,0,0,223,994,4,137.7,3.52,0,82.85,39.19,medium,WATCH
TX_003971,STORE_01,city,CHK_019,9,0,0,new,gift_card,0,6,1,0,84,0,1,2,0,187,987,3,84.4,1.27,0,49.800000000000004,20.9,low,OK
TX_003972,STORE_04,mall,CHK_016,8,5,1,regular,mobile,0,14,1,0,117,0,0,1,1,195,987,3,126.2,2.17,0,75.5,35.12,medium,WATCH
TX_003973,STORE_04,mall,CHK_031,14,3,0,new,card,0,6,0,0,83,0,1,0,1,194,987,1,80.6,5.14,0,43.9,17.63,low,OK
TX_003974,STORE_08,hyper,CHK_033,15,1,0,regular,card,1,11,0,0,99,0,0,0,3,192,982,0,98.3,0.3,0,55.75,24.19,low,OK
TX_003975,STORE_08,hyper,CHK_031,19,3,0,regular,card,0,4,0,0,63,0,0,0,3,194,982,1,59.0,0.51,0,31.9,10.99,low,OK
TX_003976,STORE_07,hyper,CHK_010,9,1,0,new,mobile,0,13,2,1,174,1,1,1,3,204,1063,9,197.6,94.0,1,122.6,61.2,high,OPEN_SUPPORT
TX_003977,STORE_02,city,CHK_023,15,4,0,regular,card,1,10,0,2,208,1,0,0,0,188,994,8,199.3,85.42,1,121.65,60.67,high,OPEN_SUPPORT
TX_003978,STORE_01,city,CHK_014,19,6,1,regular,card,1,5,1,1,122,0,0,0,0,213,987,6,116.7,13.33,0,73.35,33.93,low,OK
TX_003979,STORE_05,retail_park,CHK_027,11,5,1,regular,card,1,19,1,0,156,0,0,0,2,200,993,2,154.7,0.39,0,92.75,44.67,medium,WATCH
TX_003980,STORE_06,retail_park,CHK_013,20,4,0,regular,card,1,14,0,0,136,0,0,0,2,192,1000,0,139.8,0.35,0,78.30000000000001,36.67,medium,WATCH
TX_003981,STORE_07,hyper,CHK_015,17,4,0,new,mobile,1,10,0,1,146,0,1,1,3,207,1063,4,144.6,48.48,0,86.3,41.1,medium,WATCH
TX_003982,STORE_08,hyper,CHK_016,15,0,0,regular,card,0,7,2,0,70,0,0,0,3,195,982,5,83.6,0.19,0,54.0,23.22,low,OK
TX_003983,STORE_08,hyper,CHK_006,10,0,0,regular,card,1,8,0,0,76,0,0,0,3,223,982,0,74.6,0.0,0,42.099999999999994,16.63,low,OK
TX_003984,STORE_04,mall,CHK_026,9,4,0,regular,mobile,0,10,1,0,105,0,0,1,1,183,987,3,97.6,0.13,0,58.8,25.88,low,OK
TX_003985,STORE_01,city,CHK_014,14,4,0,regular,card,1,7,0,0,77,0,0,0,0,213,987,0,70.2,0.0,0,39.300000000000004,15.08,low,OK
TX_003986,STORE_05,retail_park,CHK_015,11,0,0,regular,card,1,10,0,0,103,0,0,0,2,207,993,0,87.3,0.35,0,49.65,20.81,low,OK
TX_003987,STORE_08,hyper,CHK_026,12,0,0,new,mobile,0,9,1,0,117,0,1,1,3,183,982,3,120.4,3.12,0,69.60000000000001,31.86,low,OK
TX_003988,STORE_01,city,CHK_018,21,1,0,new,mobile,1,11,1,0,109,0,1,1,0,200,987,2,114.9,2.68,0,68.05,31.0,low,OK
TX_003989,STORE_04,mall,CHK_026,11,4,0,professional,mobile,1,9,1,0,92,0,2,1,1,183,987,2,97.2,0.15,0,58.0,25.44,low,OK
TX_003990,STORE_08,hyper,CHK_018,11,2,0,new,card,0,12,0,0,137,0,1,0,3,200,982,1,135.8,31.48,0,75.10000000000001,34.9,low,OK
TX_003991,STORE_07,hyper,CHK_002,9,1,0,regular,card,1,19,2,0,158,0,0,0,3,161,1063,4,159.9,0.46,0,99.35000000000001,48.33,medium,WATCH
TX_003992,STORE_08,hyper,CHK_039,20,6,1,regular,card,0,14,3,0,170,1,0,0,3,195,982,7,172.3,72.94,1,106.55000000000001,52.31,medium,OPEN_SUPPORT
TX_003993,STORE_01,city,CHK_024,17,6,1,regular,card,0,6,0,0,70,0,0,0,0,217,987,1,64.2,0.22,0,35.7,13.09,low,OK
TX_003994,STORE_02,city,CHK_032,14,6,1,new,card,1,3,0,0,56,0,1,0,0,205,994,0,52.1,0.15,0,27.85,8.75,low,OK
TX_003995,STORE_03,mall,CHK_035,15,3,0,regular,card,0,1,3,0,39,0,0,0,1,218,994,7,42.2,6.0,0,33.7,11.98,low,OK
TX_003996,STORE_04,mall,CHK_012,17,0,0,regular,card,0,13,0,0,99,0,0,0,1,201,987,1,106.9,3.73,0,61.25,27.23,low,OK
TX_003997,STORE_01,city,CHK_031,15,1,0,regular,card,0,11,1,1,151,0,0,0,0,194,987,7,142.2,58.38,1,89.69999999999999,42.98,medium,MONITOR_QUEUE
TX_003998,STORE_05,retail_park,CHK_010,14,0,0,new,mobile,1,6,0,0,83,0,1,1,2,204,993,0,77.5,0.0,0,42.35,16.77,low,OK
TX_003999,STORE_02,city,CHK_039,14,0,0,regular,card,1,2,1,0,45,0,0,0,0,195,994,2,42.0,0.01,0,26.2,7.83,low,OK
TX_004000,STORE_02,city,CHK_005,14,6,1,regular,mobile,1,6,0,2,118,0,0,1,0,205,994,8,129.8,40.22,0,84.5,40.11,medium,WATCH
TX_004001,STORE_02,city,CHK_003,16,6,1,regular,card,0,3,0,0,45,0,0,0,0,195,994,1,42.2,0.18,0,22.900000000000002,6.01,low,OK
TX_004002,STORE_05,retail_park,CHK_030,20,6,1,new,card,1,7,0,0,97,0,1,0,2,197,993,0,98.4,0.2,0,53.400000000000006,22.89,low,OK
TX_004003,STORE_04,mall,CHK_014,14,4,0,professional,card,1,8,1,0,99,0,2,0,1,213,987,2,92.6,0.22,0,55.099999999999994,23.83,low,OK
TX_004004,STORE_05,retail_park,CHK_022,8,0,0,regular,card,1,12,1,0,101,0,0,0,2,223,993,2,105.1,0.0,0,63.75,28.62,low,OK
TX_004005,STORE_05,retail_park,CHK_028,10,2,0,new,card,1,10,0,1,147,0,1,0,2,218,993,4,143.8,50.43,1,85.9,40.88,medium,MONITOR_QUEUE
TX_004006,STORE_03,mall,CHK_024,19,3,0,regular,card,1,10,0,0,117,0,0,0,1,217,994,0,110.8,0.11,0,61.4,27.32,low,OK
TX_004007,STORE_02,city,CHK_002,16,4,0,new,card,1,16,1,0,174,0,1,0,0,161,994,2,169.7,3.63,0,98.44999999999999,47.83,medium,WATCH
TX_004008,STORE_06,retail_park,CHK_037,9,4,0,new,card,0,11,0,0,121,0,1,0,2,194,1000,1,129.8,15.92,0,71.5,32.91,low,OK
TX_004009,STORE_01,city,CHK_029,17,1,0,new,card,0,8,1,0,109,0,1,0,0,211,987,3,104.9,3.02,0,61.25,27.23,low,OK
TX_004010,STORE_03,mall,CHK_035,17,1,0,new,card,0,6,4,0,104,1,1,0,1,218,994,9,104.5,80.4,1,71.85,33.1,low,OPEN_SUPPORT
TX_004011,STORE_08,hyper,CHK_040,12,0,0,new,card,1,10,1,0,106,0,1,0,3,193,982,2,117.3,0.85,0,68.65,31.33,low,OK
TX_004012,STORE_02,city,CHK_038,19,0,0,regular,mobile,0,11,0,0,107,0,0,1,0,194,994,1,117.2,1.92,0,65.2,29.42,low,OK
TX_004013,STORE_05,retail_park,CHK_038,13,3,0,regular,card,1,17,0,0,148,0,0,0,2,194,993,0,153.3,0.22,0,86.85000000000001,41.41,medium,WATCH
TX_004014,STORE_08,hyper,CHK_016,18,6,1,regular,card,0,8,1,0,95,0,0,0,3,195,982,3,97.1,0.39,0,57.349999999999994,25.08,low,OK
TX_004015,STORE_05,retail_park,CHK_039,9,6,1,regular,card,0,2,1,0,37,0,0,0,2,195,993,3,38.7,0.0,0,24.55,6.92,low,OK
TX_004016,STORE_04,mall,CHK_035,19,4,0,new,card,0,14,1,0,224,1,1,0,1,218,987,3,176.2,70.05,1,100.5,48.96,medium,OPEN_SUPPORT
TX_004017,STORE_06,retail_park,CHK_024,13,3,0,regular,card,1,3,0,0,45,0,0,0,2,217,1000,0,42.6,0.13,0,23.1,6.12,low,OK
TX_004018,STORE_03,mall,CHK_029,8,2,0,new,gift_card,0,10,1,0,130,0,1,2,1,211,994,3,110.9,4.24,0,65.45,29.56,low,OK
TX_004019,STORE_02,city,CHK_010,13,3,0,new,card,1,5,0,0,75,0,1,0,0,204,994,0,69.9,0.16,0,37.95,14.34,low,OK
TX_004020,STORE_04,mall,CHK_031,14,6,1,regular,card,1,8,0,0,86,0,0,0,1,194,987,0,85.2,0.0,0,47.4,19.57,low,OK
TX_004021,STORE_08,hyper,CHK_011,14,4,0,new,card,1,4,0,0,56,0,1,0,3,179,982,0,56.8,0.0,0,30.799999999999997,10.38,low,OK
TX_004022,STORE_01,city,CHK_022,12,3,0,regular,card,0,16,2,0,160,0,0,0,0,223,987,5,159.1,8.18,0,97.14999999999999,47.11,medium,WATCH
TX_004023,STORE_01,city,CHK_019,11,0,0,regular,card,0,8,0,2,198,1,0,0,0,187,987,9,188.9,79.84,1,115.25,57.13,high,OPEN_SUPPORT
TX_004024,STORE_01,city,CHK_037,11,5,1,new,card,0,15,0,1,178,1,1,0,0,194,987,5,189.8,95.72,1,111.9,55.27,high,OPEN_SUPPORT
TX_004025,STORE_06,retail_park,CHK_015,11,5,1,new,mobile,0,12,0,0,144,0,1,1,2,207,1000,1,134.6,22.03,0,74.5,34.57,low,OK
TX_004026,STORE_08,hyper,CHK_032,12,6,1,regular,card,0,7,2,0,106,0,0,0,3,205,982,5,95.0,0.4,0,59.7,26.38,low,OK
TX_004027,STORE_03,mall,CHK_024,13,2,0,professional,card,1,14,0,1,208,1,2,0,1,217,994,4,206.3,89.8,1,119.55000000000001,59.51,high,OPEN_SUPPORT
TX_004028,STORE_02,city,CHK_005,14,2,0,professional,card,1,11,1,0,147,0,2,0,0,205,994,2,128.9,0.29,0,75.05,34.87,low,OK
TX_004029,STORE_06,retail_park,CHK_033,18,3,0,regular,card,1,13,1,0,157,0,0,0,2,192,1000,2,142.0,0.68,0,82.8,39.16,medium,WATCH
TX_004030,STORE_06,retail_park,CHK_039,18,5,1,new,card,0,15,2,0,251,1,1,0,2,195,1000,5,227.7,90.73,1,130.85,65.76,high,OPEN_SUPPORT
TX_004031,STORE_03,mall,CHK_004,14,5,1,new,card,0,5,1,0,88,0,1,0,1,219,994,3,78.4,4.92,0,46.2,18.9,low,OK
TX_004032,STORE_02,city,CHK_024,17,1,0,new,card,0,7,0,1,113,1,1,0,0,217,994,5,131.0,80.85,1,77.7,36.34,medium,OPEN_SUPPORT
TX_004033,STORE_02,city,CHK_026,12,1,0,regular,card,0,5,1,0,77,0,0,0,0,183,994,3,70.7,0.01,0,42.35,16.77,low,OK
TX_004034,STORE_02,city,CHK_008,10,2,0,regular,gift_card,0,8,2,0,105,0,0,2,0,173,994,5,98.6,0.37,0,62.099999999999994,27.71,low,OK
TX_004035,STORE_05,retail_park,CHK_031,17,6,1,regular,card,0,9,0,1,129,0,0,0,2,194,993,5,143.4,39.5,0,85.10000000000001,40.44,medium,WATCH
TX_004036,STORE_07,hyper,CHK_005,19,5,1,regular,card,1,11,2,0,147,0,0,0,3,205,1063,4,134.1,1.08,0,81.64999999999999,38.53,medium,WATCH
TX_004037,STORE_05,retail_park,CHK_033,19,1,0,new,mobile,0,6,1,0,99,0,1,1,2,192,993,3,96.4,4.9,0,55.800000000000004,24.22,low,OK
TX_004038,STORE_02,city,CHK_033,20,0,0,professional,card,0,14,0,0,180,0,2,0,0,192,994,1,174.4,28.73,0,95.60000000000001,46.25,medium,WATCH
TX_004039,STORE_06,retail_park,CHK_021,12,6,1,regular,card,0,3,1,0,50,0,0,0,2,203,1000,3,52.6,0.1,0,32.1,11.1,low,OK
TX_004040,STORE_05,retail_park,CHK_014,8,0,0,new,mobile,1,14,0,0,111,0,1,1,2,213,993,0,126.3,2.3,0,71.55,32.94,low,OK
TX_004041,STORE_02,city,CHK_036,20,5,1,new,mobile,1,8,1,0,97,0,1,1,0,205,994,2,102.3,0.29,0,59.949999999999996,26.52,low,OK
TX_004042,STORE_02,city,CHK_040,20,6,1,regular,card,1,6,2,1,125,0,0,0,0,193,994,8,125.2,16.95,0,82.19999999999999,38.83,medium,WATCH
TX_004043,STORE_01,city,CHK_001,11,3,0,new,card,0,4,1,0,64,0,1,0,0,209,987,3,64.0,2.83,0,38.4,14.59,low,OK
TX_004044,STORE_04,mall,CHK_011,8,4,0,new,card,1,6,0,0,81,0,1,0,1,179,987,0,74.0,0.05,0,40.6,15.8,low,OK
TX_004045,STORE_06,retail_park,CHK_030,10,0,0,regular,card,0,12,1,0,112,0,0,0,2,197,1000,3,118.3,2.17,0,70.35,32.27,low,OK
TX_004046,STORE_05,retail_park,CHK_026,11,0,0,regular,card,0,4,0,0,48,0,0,0,2,183,993,1,48.9,0.08,0,26.849999999999998,8.19,low,OK
TX_004047,STORE_04,mall,CHK_024,20,2,0,regular,card,1,9,2,0,112,0,0,0,1,217,987,4,110.4,1.0,0,68.60000000000001,31.3,low,OK
TX_004048,STORE_05,retail_park,CHK_021,10,1,0,regular,card,0,1,1,0,33,0,0,0,2,203,993,3,33.3,0.28,0,21.25,5.09,low,OK
TX_004049,STORE_05,retail_park,CHK_032,11,3,0,regular,mobile,0,7,0,0,69,0,0,1,2,205,993,1,76.3,0.18,0,42.35,16.77,low,OK
TX_004050,STORE_06,retail_park,CHK_033,13,5,1,new,card,1,13,1,0,172,0,1,0,2,192,1000,2,160.5,6.04,0,92.05,44.28,medium,WATCH
TX_004051,STORE_05,retail_park,CHK_027,12,5,1,regular,card,1,6,0,2,167,1,0,0,2,200,993,8,159.5,77.69,1,99.35,48.33,medium,OPEN_SUPPORT
TX_004052,STORE_08,hyper,CHK_032,21,5,1,regular,card,0,15,0,1,174,1,0,0,3,205,982,5,177.8,91.21,1,105.9,51.95,medium,OPEN_SUPPORT
TX_004053,STORE_05,retail_park,CHK_008,15,6,1,new,card,1,12,0,0,112,0,1,0,2,173,993,0,123.4,0.69,0,68.9,31.47,low,OK
TX_004054,STORE_04,mall,CHK_014,13,6,1,new,card,0,8,2,0,133,0,1,0,1,213,987,5,120.1,10.61,0,72.85,33.66,low,OK
TX_004055,STORE_03,mall,CHK_005,10,0,0,regular,card,1,13,1,0,96,0,0,0,1,205,994,2,115.3,0.35,0,69.45,31.77,low,OK
TX_004056,STORE_03,mall,CHK_022,9,3,0,new,mobile,1,10,0,0,112,0,1,1,1,223,994,0,100.1,0.13,0,56.05,24.36,low,OK
TX_004057,STORE_07,hyper,CHK_004,15,0,0,new,mobile,1,15,1,0,149,0,1,1,3,219,1063,2,156.5,4.56,0,91.25,43.84,medium,WATCH
TX_004058,STORE_01,city,CHK_004,19,4,0,new,card,1,5,0,0,76,0,1,0,0,219,987,0,73.6,0.16,0,39.8,15.36,low,OK
TX_004059,STORE_05,retail_park,CHK_016,15,5,1,regular,gift_card,0,13,1,0,131,0,0,2,2,195,993,3,119.8,2.12,0,71.7,33.02,low,OK
TX_004060,STORE_02,city,CHK_020,15,1,0,new,card,0,5,0,0,66,0,1,0,0,175,994,1,71.0,3.55,0,38.5,14.64,low,OK
TX_004061,STORE_01,city,CHK_008,21,4,0,regular,card,0,8,1,0,86,0,0,0,0,173,987,3,84.5,0.42,0,51.05,21.59,low,OK
TX_004062,STORE_08,hyper,CHK_030,9,3,0,regular,card,0,10,1,0,92,0,0,0,3,197,982,3,97.2,0.25,0,58.6,25.77,low,OK
TX_004063,STORE_01,city,CHK_017,10,3,0,regular,card,0,6,1,0,72,0,0,0,0,202,987,3,68.5,0.13,0,41.85,16.5,low,OK
TX_004064,STORE_05,retail_park,CHK_016,11,4,0,regular,mobile,0,15,0,0,111,0,0,1,2,195,993,1,125.9,3.85,0,71.95,33.16,low,OK
TX_004065,STORE_02,city,CHK_027,18,3,0,regular,card,1,7,0,0,81,0,0,0,0,200,994,0,79.9,0.39,0,44.150000000000006,17.77,low,OK
TX_004066,STORE_05,retail_park,CHK_025,13,5,1,new,card,1,8,1,1,143,0,1,0,2,213,993,6,140.4,23.15,0,87.0,41.49,medium,WATCH
TX_004067,STORE_01,city,CHK_030,12,1,0,regular,card,1,1,1,0,32,0,0,0,0,197,987,2,32.1,0.01,0,20.650000000000002,4.76,low,OK
TX_004068,STORE_05,retail_park,CHK_028,19,0,0,regular,mobile,1,2,1,0,41,0,0,1,2,218,993,2,40.6,0.01,0,25.5,7.45,low,OK
TX_004069,STORE_08,hyper,CHK_037,13,1,0,regular,mobile,1,10,0,1,163,1,0,1,3,194,982,4,146.1,66.43,1,87.05,41.52,medium,MONITOR_QUEUE
TX_004070,STORE_02,city,CHK_003,21,6,1,regular,card,1,10,1,1,129,0,0,0,0,195,994,6,135.4,51.04,1,85.7,40.77,medium,MONITOR_QUEUE
TX_004071,STORE_03,mall,CHK_028,19,3,0,new,mobile,0,7,1,0,119,0,1,1,1,218,994,3,112.1,5.53,0,64.25,28.9,low,OK
TX_004072,STORE_06,retail_park,CHK_030,13,4,0,new,card,0,6,0,0,89,0,1,0,2,197,1000,1,82.9,5.15,0,45.050000000000004,18.27,low,OK
TX_004073,STORE_08,hyper,CHK_016,11,0,0,regular,card,1,15,1,1,179,1,0,0,3,195,982,6,176.6,89.13,1,109.3,53.83,medium,OPEN_SUPPORT
TX_004074,STORE_04,mall,CHK_006,20,1,0,regular,card,1,7,0,0,76,0,0,0,1,223,987,0,79.0,0.01,0,43.7,17.52,low,OK
TX_004075,STORE_02,city,CHK_019,13,0,0,regular,card,0,2,0,0,40,0,0,0,0,187,994,1,34.0,0.09,0,18.2,3.4,low,OK
TX_004076,STORE_03,mall,CHK_023,15,5,1,regular,card,1,6,2,1,104,0,0,0,1,188,994,8,114.9,18.08,0,77.05,35.98,medium,WATCH
TX_004077,STORE_05,retail_park,CHK_025,18,4,0,new,card,0,9,0,0,118,0,1,0,2,213,993,1,123.2,7.72,0,67.0,30.42,low,OK
TX_004078,STORE_06,retail_park,CHK_006,20,1,0,new,card,1,13,0,1,221,1,1,0,2,223,1000,4,210.1,91.63,1,120.85,60.23,high,OPEN_SUPPORT
TX_004079,STORE_07,hyper,CHK_023,9,2,0,regular,card,0,16,2,1,222,1,0,0,3,188,1063,9,187.0,79.91,1,119.1,59.26,high,OPEN_SUPPORT
TX_004080,STORE_02,city,CHK_039,12,5,1,regular,card,1,9,2,1,157,0,0,0,0,195,994,8,141.9,35.41,0,92.35000000000001,44.45,medium,WATCH
TX_004081,STORE_01,city,CHK_035,16,6,1,regular,mobile,1,13,2,0,130,0,0,1,0,218,987,4,120.4,4.71,0,76.0,35.4,medium,WATCH
TX_004082,STORE_08,hyper,CHK_003,16,1,0,regular,card,1,8,0,0,65,0,0,0,3,195,982,0,74.4,0.1,0,42.0,16.58,low,OK
TX_004083,STORE_08,hyper,CHK_013,10,6,1,regular,card,0,10,0,0,91,0,0,0,3,192,982,1,93.5,0.94,0,52.75,22.53,low,OK
TX_004084,STORE_07,hyper,CHK_013,13,0,0,regular,card,1,6,2,0,75,0,0,0,3,192,1063,4,76.6,0.01,0,49.9,20.95,low,OK
TX_004085,STORE_01,city,CHK_036,18,6,1,regular,card,1,9,0,0,107,0,0,0,0,205,987,0,108.1,0.0,0,59.449999999999996,26.24,low,OK
TX_004086,STORE_07,hyper,CHK_016,12,6,1,regular,mobile,1,4,0,1,101,0,0,1,3,195,1063,4,90.4,12.02,0,55.6,24.11,low,OK
TX_004087,STORE_02,city,CHK_038,17,2,0,new,card,0,5,0,0,71,0,1,0,0,194,994,1,68.0,7.08,0,37.0,13.81,low,OK
TX_004088,STORE_02,city,CHK_029,11,6,1,professional,card,0,5,2,0,73,0,2,0,0,211,994,5,72.4,1.76,0,47.2,19.46,low,OK
TX_004089,STORE_04,mall,CHK_025,8,3,0,regular,card,1,4,0,0,43,0,0,0,1,213,987,0,45.0,0.0,0,24.9,7.11,low,OK
TX_004090,STORE_03,mall,CHK_021,20,5,1,new,card,1,10,4,0,146,0,1,0,1,203,994,8,150.0,17.23,0,97.0,47.02,medium,WATCH
TX_004091,STORE_05,retail_park,CHK_025,17,6,1,regular,card,1,14,2,1,194,1,0,0,2,213,993,8,185.9,92.16,1,117.35000000000001,58.29,high,OPEN_SUPPORT
TX_004092,STORE_08,hyper,CHK_010,9,4,0,new,mobile,0,9,0,0,99,0,1,1,3,204,982,1,98.2,2.17,0,54.5,23.5,low,OK
TX_004093,STORE_01,city,CHK_006,8,6,1,regular,card,0,13,0,0,120,0,0,0,0,223,987,1,123.7,1.09,0,69.65,31.88,low,OK
TX_004094,STORE_06,retail_park,CHK_001,11,5,1,new,card,1,11,3,1,165,1,1,0,2,209,1000,10,167.8,95.65,1,110.5,54.5,medium,OPEN_SUPPORT
TX_004095,STORE_02,city,CHK_015,12,1,0,regular,card,1,7,1,1,109,0,0,0,0,207,994,6,121.5,6.36,0,76.95,35.93,medium,WATCH
TX_004096,STORE_06,retail_park,CHK_033,11,0,0,new,card,1,9,2,1,139,0,1,0,2,192,1000,8,150.1,47.81,0,96.45,46.72,medium,WATCH
TX_004097,STORE_07,hyper,CHK_006,16,6,1,new,card,1,20,2,0,165,0,1,0,3,223,1063,4,179.1,6.21,0,109.55,53.97,medium,WATCH
TX_004098,STORE_08,hyper,CHK_015,8,0,0,regular,mobile,1,22,2,0,169,0,0,1,3,207,982,4,171.6,1.6,0,107.0,52.56,medium,WATCH
TX_004099,STORE_08,hyper,CHK_039,21,6,1,regular,card,0,11,1,0,119,0,0,0,3,195,982,3,106.2,1.39,0,63.7,28.59,low,OK
TX_004100,STORE_07,hyper,CHK_022,13,6,1,professional,card,1,16,0,0,143,0,2,0,3,223,1063,0,149.6,0.99,0,84.39999999999999,40.05,medium,WATCH
TX_004101,STORE_03,mall,CHK_038,11,6,1,regular,card,0,10,1,0,87,0,0,0,1,194,994,3,94.9,0.33,0,57.45,25.13,low,OK
TX_004102,STORE_02,city,CHK_020,8,4,0,regular,card,0,5,1,0,64,0,0,0,0,175,994,3,62.4,0.0,0,38.2,14.48,low,OK
TX_004103,STORE_02,city,CHK_038,18,2,0,regular,card,0,8,0,0,96,0,0,0,0,194,994,1,95.4,0.53,0,52.5,22.39,low,OK
TX_004104,STORE_04,mall,CHK_035,13,1,0,regular,card,0,9,0,0,105,0,0,0,1,218,987,1,105.5,0.21,0,58.15,25.52,low,OK
TX_004105,STORE_04,mall,CHK_019,8,0,0,regular,card,1,11,0,0,101,0,0,0,1,187,987,0,96.7,0.0,0,54.95,23.75,low,OK
TX_004106,STORE_01,city,CHK_001,10,6,1,regular,gift_card,1,8,1,0,73,0,0,2,0,209,987,2,79.4,0.0,0,48.5,20.18,low,OK
TX_004107,STORE_02,city,CHK_002,21,0,0,regular,card,1,5,0,1,97,0,0,0,0,161,994,4,98.6,5.39,0,60.3,26.71,low,OK
TX_004108,STORE_07,hyper,CHK_012,12,0,0,regular,card,0,3,0,0,43,0,0,0,3,201,1063,1,43.2,0.33,0,23.400000000000002,6.28,low,OK
TX_004109,STORE_07,hyper,CHK_014,20,0,0,regular,card,0,12,0,1,162,1,0,0,3,213,1063,5,176.8,90.6,1,103.60000000000001,50.68,medium,OPEN_SUPPORT
TX_004110,STORE_08,hyper,CHK_006,10,4,0,new,card,0,13,0,0,121,0,1,0,3,223,982,1,128.1,45.08,0,71.85,33.1,low,OK
TX_004111,STORE_04,mall,CHK_013,15,5,1,new,gift_card,1,9,1,0,107,0,1,2,1,192,987,2,120.8,0.05,0,69.80000000000001,31.97,low,OK
TX_004112,STORE_06,retail_park,CHK_038,11,0,0,regular,card,0,1,1,0,32,0,0,0,2,194,1000,3,33.3,0.27,0,21.25,5.09,low,OK
TX_004113,STORE_02,city,CHK_039,20,6,1,professional,card,1,10,0,1,154,0,2,0,0,195,994,4,166.4,62.94,1,97.2,47.14,medium,MONITOR_QUEUE
TX_004114,STORE_08,hyper,CHK_013,9,4,0,regular,card,1,9,1,0,98,0,0,0,3,192,982,2,83.8,0.18,0,51.3,21.73,low,OK
TX_004115,STORE_06,retail_park,CHK_038,17,3,0,regular,mobile,1,12,3,0,128,0,0,1,2,194,1000,6,125.2,3.43,0,81.8,38.61,medium,WATCH
TX_004116,STORE_04,mall,CHK_014,17,6,1,regular,card,0,3,1,0,51,0,0,0,1,213,987,3,50.4,0.46,0,31.0,10.49,low,OK
TX_004117,STORE_04,mall,CHK_024,19,4,0,professional,card,0,7,0,0,86,0,2,0,1,217,987,1,92.6,2.08,0,50.5,21.28,low,OK
TX_004118,STORE_06,retail_park,CHK_004,20,0,0,regular,card,0,9,0,0,118,0,0,0,2,219,1000,1,112.9,0.18,0,61.85,27.57,low,OK
TX_004119,STORE_07,hyper,CHK_012,11,6,1,new,mobile,0,4,0,0,55,0,1,1,3,201,1063,1,56.9,2.97,0,30.849999999999998,10.41,low,OK
TX_004120,STORE_04,mall,CHK_034,13,1,0,regular,card,0,6,0,0,74,0,0,0,1,189,987,1,68.5,0.12,0,37.85,14.28,low,OK
TX_004121,STORE_06,retail_park,CHK_035,21,4,0,regular,card,0,9,2,1,151,0,0,0,2,218,1000,9,145.0,43.87,0,93.9,45.31,medium,WATCH
TX_004122,STORE_02,city,CHK_028,14,5,1,regular,card,0,7,0,0,85,0,0,0,0,218,994,1,81.7,0.0,0,45.050000000000004,18.27,low,OK
TX_004123,STORE_03,mall,CHK_039,13,0,0,regular,mobile,0,8,0,0,97,0,0,1,1,195,994,1,89.7,0.02,0,49.65,20.81,low,OK
TX_004124,STORE_03,mall,CHK_012,15,3,0,regular,card,0,11,1,0,125,0,0,0,1,201,994,3,115.8,1.97,0,68.5,31.25,low,OK
TX_004125,STORE_04,mall,CHK_006,14,1,0,regular,card,1,4,1,0,57,0,0,0,1,223,987,2,56.0,0.1,0,34.4,12.37,low,OK
TX_004126,STORE_07,hyper,CHK_030,16,4,0,professional,card,0,12,1,0,127,0,2,0,3,197,1063,3,128.9,17.7,0,75.65,35.21,medium,WATCH
TX_004127,STORE_05,retail_park,CHK_015,8,2,0,regular,card,0,13,2,0,125,0,0,0,2,207,993,5,119.3,5.19,0,75.45,35.1,medium,WATCH
TX_004128,STORE_04,mall,CHK_024,12,1,0,professional,card,1,6,0,0,84,0,2,0,1,217,987,0,73.6,0.23,0,40.4,15.69,low,OK
TX_004129,STORE_02,city,CHK_033,17,5,1,regular,card,0,4,1,0,56,0,0,0,0,192,994,3,55.7,0.08,0,34.25,12.29,low,OK
TX_004130,STORE_03,mall,CHK_033,9,6,1,new,mobile,0,6,1,1,127,1,1,1,1,192,994,7,127.1,95.27,1,79.14999999999999,37.14,medium,OPEN_SUPPORT
TX_004131,STORE_08,hyper,CHK_028,14,1,0,regular,mobile,0,13,1,0,157,0,0,1,3,218,982,3,142.3,3.18,0,82.95,39.25,medium,WATCH
TX_004132,STORE_06,retail_park,CHK_040,21,3,0,regular,card,0,4,2,0,57,0,0,0,2,193,1000,5,61.7,1.01,0,41.25,16.16,low,OK
TX_004133,STORE_06,retail_park,CHK_004,16,1,0,regular,gift_card,1,7,1,0,76,0,0,2,2,219,1000,2,76.8,0.16,0,46.6,19.13,low,OK
TX_004134,STORE_01,city,CHK_009,17,4,0,new,card,0,9,0,0,98,0,1,0,0,211,987,1,105.3,4.13,0,58.05,25.46,low,OK
TX_004135,STORE_04,mall,CHK_010,21,3,0,regular,mobile,0,13,2,0,124,0,0,1,1,204,987,5,119.1,3.64,0,75.35,35.04,medium,WATCH
TX_004136,STORE_05,retail_park,CHK_005,20,5,1,regular,card,1,10,0,0,90,0,0,0,2,205,993,0,102.1,0.0,0,57.05,24.91,low,OK
TX_004137,STORE_04,mall,CHK_021,14,5,1,new,card,0,4,0,1,116,1,1,0,1,203,987,5,109.3,91.41,1,65.05,29.34,low,OPEN_SUPPORT
TX_004138,STORE_02,city,CHK_007,13,0,0,regular,card,1,10,0,2,175,1,0,0,0,217,994,8,180.2,84.0,1,112.1,55.38,high,OPEN_SUPPORT
TX_004139,STORE_07,hyper,CHK_037,9,5,1,professional,card,0,8,2,0,108,0,2,0,3,194,1063,5,103.5,2.06,0,64.55,29.06,low,OK
TX_004140,STORE_03,mall,CHK_026,8,6,1,regular,card,1,4,2,1,102,0,0,0,1,183,994,8,103.9,16.86,0,70.35000000000001,32.27,low,OK
TX_004141,STORE_04,mall,CHK_005,11,0,0,professional,mobile,1,8,0,0,89,0,2,1,1,205,987,0,84.1,0.0,0,46.849999999999994,19.26,low,OK
TX_004142,STORE_04,mall,CHK_001,16,3,0,new,card,0,8,0,0,80,0,1,0,1,209,987,1,98.8,3.6,0,54.199999999999996,23.33,low,OK
TX_004143,STORE_07,hyper,CHK_017,10,5,1,new,gift_card,0,8,1,0,130,0,1,2,3,202,1063,3,116.5,3.19,0,67.05,30.45,low,OK
TX_004144,STORE_01,city,CHK_005,14,1,0,regular,card,0,6,0,0,67,0,0,0,0,205,987,1,68.0,0.3,0,37.6,14.14,low,OK
TX_004145,STORE_02,city,CHK_026,13,4,0,regular,card,1,6,1,0,66,0,0,0,0,183,994,2,70.9,0.0,0,43.050000000000004,17.16,low,OK
TX_004146,STORE_02,city,CHK_037,21,5,1,regular,card,1,9,3,1,106,1,0,0,0,194,994,10,120.2,93.45,1,85.5,40.66,medium,OPEN_SUPPORT
TX_004147,STORE_02,city,CHK_035,13,4,0,regular,card,0,9,2,0,102,0,0,0,0,218,994,5,106.2,0.41,0,66.5,30.14,low,OK
TX_004148,STORE_07,hyper,CHK_006,18,3,0,regular,card,1,13,0,0,145,0,0,0,3,223,1063,0,145.6,0.17,0,80.6,37.95,medium,WATCH
TX_004149,STORE_08,hyper,CHK_014,12,3,0,regular,card,0,9,0,0,115,0,0,0,3,213,982,1,107.1,0.05,0,58.949999999999996,25.96,low,OK
TX_004150,STORE_02,city,CHK_036,13,2,0,professional,card,1,1,2,0,43,0,2,0,0,205,994,4,41.4,0.53,0,29.3,9.55,low,OK
TX_004151,STORE_08,hyper,CHK_006,18,6,1,regular,card,1,8,2,0,115,0,0,0,3,223,982,4,107.7,0.85,0,66.65,30.22,low,OK
TX_004152,STORE_05,retail_park,CHK_032,21,3,0,regular,card,0,12,0,0,91,0,0,0,2,205,993,1,95.9,2.55,0,55.150000000000006,23.86,low,OK
TX_004153,STORE_07,hyper,CHK_022,19,1,0,regular,mobile,0,18,1,1,255,1,0,1,3,223,1063,7,250.1,96.16,1,147.85000000000002,75.17,critical,OPEN_SUPPORT
TX_004154,STORE_01,city,CHK_013,15,0,0,regular,card,1,7,2,0,87,0,0,0,0,192,987,4,81.4,0.16,0,52.900000000000006,22.61,low,OK
TX_004155,STORE_08,hyper,CHK_004,11,5,1,new,card,1,13,2,0,119,0,1,0,3,219,982,4,130.0,4.12,0,80.8,38.06,medium,WATCH
TX_004156,STORE_08,hyper,CHK_014,10,3,0,new,mobile,1,6,1,0,68,0,1,1,3,213,982,2,72.8,0.43,0,44.0,17.69,low,OK
TX_004157,STORE_01,city,CHK_026,20,2,0,regular,card,1,6,1,0,73,0,0,0,0,183,987,2,75.3,0.03,0,45.25,18.38,low,OK
TX_004158,STORE_02,city,CHK_006,21,2,0,regular,mobile,1,1,0,1,57,0,0,1,0,223,994,4,69.9,4.87,0,43.550000000000004,17.44,low,OK
TX_004159,STORE_03,mall,CHK_021,16,1,0,new,card,0,4,1,0,71,0,1,0,1,203,994,3,70.7,4.7,0,41.75,16.44,low,OK
TX_004160,STORE_05,retail_park,CHK_017,21,3,0,new,mobile,1,12,0,3,223,1,1,1,2,202,993,12,216.9,94.5,1,139.64999999999998,70.63,high,OPEN_SUPPORT
TX_004161,STORE_02,city,CHK_006,21,0,0,regular,mobile,0,4,1,0,47,0,0,1,0,223,994,3,55.2,0.11,0,34.0,12.15,low,OK
TX_004162,STORE_01,city,CHK_026,17,6,1,regular,card,0,8,1,0,75,0,0,0,0,183,987,3,86.1,0.54,0,51.849999999999994,22.03,low,OK
TX_004163,STORE_05,retail_park,CHK_032,9,0,0,regular,card,0,10,2,1,148,0,0,0,2,205,993,9,145.9,53.68,1,94.95,45.89,medium,MONITOR_QUEUE
TX_004164,STORE_06,retail_park,CHK_012,16,1,0,regular,mobile,1,4,0,0,37,0,0,1,2,201,1000,0,42.2,0.04,0,23.5,6.34,low,OK
TX_004165,STORE_07,hyper,CHK_015,13,3,0,new,gift_card,1,11,0,0,148,0,1,2,3,207,1063,0,140.2,1.23,0,76.69999999999999,35.79,medium,WATCH
TX_004166,STORE_07,hyper,CHK_004,10,4,0,professional,card,0,5,0,1,98,0,2,0,3,219,1063,5,101.3,17.66,0,61.65,27.46,low,OK
TX_004167,STORE_04,mall,CHK_004,8,2,0,new,card,0,11,0,1,151,1,1,0,1,219,987,5,152.4,87.87,1,90.8,43.59,medium,OPEN_SUPPORT
TX_004168,STORE_02,city,CHK_025,21,6,1,regular,mobile,1,17,0,1,202,1,0,1,0,213,994,4,209.9,82.82,1,123.15,61.5,high,OPEN_SUPPORT
TX_004169,STORE_04,mall,CHK_032,19,3,0,new,card,1,9,0,0,119,0,1,0,1,205,987,0,121.1,0.36,0,65.95,29.84,low,OK
TX_004170,STORE_03,mall,CHK_027,11,0,0,regular,card,1,6,1,0,58,0,0,0,1,200,994,2,69.2,0.0,0,42.2,16.69,low,OK
TX_004171,STORE_01,city,CHK_022,18,4,0,regular,card,0,10,1,0,125,0,0,0,0,223,987,3,123.5,0.76,0,71.75,33.05,low,OK
TX_004172,STORE_02,city,CHK_016,15,2,0,regular,gift_card,1,11,1,0,110,0,0,2,0,195,994,2,110.2,0.2,0,65.7,29.7,low,OK
TX_004173,STORE_01,city,CHK_033,12,6,1,regular,card,0,5,0,0,70,0,0,0,0,192,987,1,62.9,0.0,0,34.45,12.4,low,OK
TX_004174,STORE_07,hyper,CHK_037,13,0,0,regular,card,0,18,1,0,154,0,0,0,3,194,1063,3,166.0,3.91,0,97.8,47.47,medium,WATCH
TX_004175,STORE_06,retail_park,CHK_013,9,6,1,new,mobile,0,7,2,0,81,0,1,1,2,192,1000,5,96.3,6.72,0,60.35,26.74,low,OK
TX_004176,STORE_08,hyper,CHK_008,17,6,1,regular,card,0,8,0,0,72,0,0,0,3,173,982,1,79.8,0.0,0,44.699999999999996,18.07,low,OK
TX_004177,STORE_06,retail_park,CHK_040,10,2,0,regular,mobile,0,5,0,0,51,0,0,1,2,193,1000,1,54.8,0.02,0,30.4,10.16,low,OK
TX_004178,STORE_06,retail_park,CHK_036,12,4,0,new,card,1,8,0,0,84,0,1,0,2,205,1000,0,92.6,0.18,0,51.099999999999994,21.62,low,OK
TX_004179,STORE_06,retail_park,CHK_009,14,0,0,new,card,0,4,0,0,72,0,1,0,2,211,1000,1,70.1,3.0,0,37.449999999999996,14.06,low,OK
TX_004180,STORE_01,city,CHK_025,10,1,0,regular,card,0,9,0,0,90,0,0,0,0,213,987,1,91.6,0.1,0,51.199999999999996,21.67,low,OK
TX_004181,STORE_01,city,CHK_012,8,6,1,new,card,0,11,0,0,140,0,1,0,0,201,987,1,134.0,8.15,0,73.6,34.07,low,OK
TX_004182,STORE_03,mall,CHK_034,15,0,0,regular,card,1,7,1,1,109,0,0,0,1,189,994,6,120.3,7.27,0,76.35000000000001,35.59,medium,WATCH
TX_004183,STORE_06,retail_park,CHK_034,14,3,0,professional,card,1,15,0,0,167,0,2,0,2,189,1000,0,156.3,1.76,0,87.15,41.57,medium,WATCH
TX_004184,STORE_04,mall,CHK_038,8,1,0,regular,card,1,8,0,0,71,0,0,0,1,194,987,0,73.4,0.0,0,41.5,16.3,low,OK
TX_004185,STORE_07,hyper,CHK_019,21,4,0,regular,card,1,14,0,0,114,0,0,0,3,187,1063,0,129.0,0.16,0,72.9,33.68,low,OK
TX_004186,STORE_06,retail_park,CHK_017,18,5,1,regular,card,1,8,0,0,76,0,0,0,2,202,1000,0,89.4,0.2,0,49.5,20.73,low,OK
TX_004187,STORE_06,retail_park,CHK_018,17,0,0,regular,card,1,7,0,0,65,0,0,0,2,200,1000,0,66.0,0.01,0,37.2,13.92,low,OK
TX_004188,STORE_06,retail_park,CHK_014,21,0,0,regular,card,0,15,0,0,122,0,0,0,2,213,1000,1,123.5,2.71,0,70.75,32.49,low,OK
TX_004189,STORE_02,city,CHK_009,9,4,0,new,card,0,7,1,0,103,0,1,0,0,211,994,3,96.7,4.08,0,56.550000000000004,24.63,low,OK
TX_004190,STORE_03,mall,CHK_039,12,2,0,new,card,0,5,0,0,77,0,1,0,1,195,994,1,72.2,5.57,0,39.1,14.97,low,OK
TX_004191,STORE_08,hyper,CHK_003,8,1,0,regular,card,0,10,0,0,104,0,0,0,3,195,982,1,94.9,0.15,0,53.45,22.92,low,OK
TX_004192,STORE_07,hyper,CHK_021,11,3,0,regular,mobile,0,6,0,0,58,0,0,1,3,203,1063,1,64.6,0.32,0,35.9,13.2,low,OK
TX_004193,STORE_01,city,CHK_014,14,6,1,regular,card,0,9,3,0,110,0,0,0,0,213,987,7,113.5,4.02,0,74.15,34.38,low,OK
TX_004194,STORE_06,retail_park,CHK_008,8,6,1,professional,card,0,10,1,1,152,0,2,0,2,173,1000,7,154.7,36.9,0,95.35,46.11,medium,WATCH
TX_004195,STORE_01,city,CHK_006,20,5,1,new,card,1,8,2,0,140,0,1,0,0,223,987,4,124.8,0.39,0,75.2,34.96,low,OK
TX_004196,STORE_01,city,CHK_028,8,5,1,regular,card,1,3,1,1,69,0,0,0,0,218,987,6,94.1,4.62,0,60.849999999999994,27.01,low,OK
TX_004197,STORE_02,city,CHK_032,11,4,0,new,card,1,6,1,0,63,0,1,0,0,205,994,2,73.8,0.27,0,44.5,17.96,low,OK
TX_004198,STORE_06,retail_park,CHK_032,21,5,1,regular,mobile,0,5,0,0,57,0,0,1,2,205,1000,1,56.1,0.0,0,31.05,10.52,low,OK
TX_004199,STORE_02,city,CHK_005,19,5,1,new,card,1,13,1,0,193,0,1,0,0,205,994,2,158.9,7.67,0,91.25,43.84,medium,WATCH
TX_004200,STORE_05,retail_park,CHK_006,14,0,0,professional,card,0,4,1,0,67,0,2,0,2,223,993,3,67.7,0.85,0,40.25,15.61,low,OK
TX_004201,STORE_03,mall,CHK_021,9,0,0,regular,card,0,7,1,0,84,0,0,0,1,203,994,3,80.2,0.14,0,48.300000000000004,20.07,low,OK
TX_004202,STORE_07,hyper,CHK_007,21,5,1,regular,card,0,10,0,0,83,0,0,0,3,217,1063,1,87.0,0.34,0,49.5,20.73,low,OK
TX_004203,STORE_01,city,CHK_039,20,6,1,regular,mobile,0,1,1,0,36,0,0,1,0,195,987,3,35.5,0.5,0,22.35,5.7,low,OK
TX_004204,STORE_06,retail_park,CHK_028,14,2,0,regular,card,1,8,1,1,131,0,0,0,2,218,1000,6,131.7,8.93,0,82.64999999999999,39.08,medium,WATCH
TX_004205,STORE_05,retail_park,CHK_033,16,6,1,regular,mobile,1,9,2,1,139,0,0,1,2,192,993,8,135.2,30.23,0,89.0,42.6,medium,WATCH
TX_004206,STORE_02,city,CHK_040,13,2,0,regular,mobile,1,21,3,0,229,1,0,1,0,193,994,6,215.2,69.38,1,132.2,66.51,high,MONITOR_QUEUE
TX_004207,STORE_08,hyper,CHK_013,13,1,0,regular,card,0,10,0,0,123,0,0,0,3,192,982,1,110.4,0.73,0,61.2,27.21,low,OK
TX_004208,STORE_07,hyper,CHK_040,11,4,0,regular,card,1,8,0,1,118,0,0,0,3,193,1063,4,117.6,9.73,0,71.6,32.96,low,OK
TX_004209,STORE_03,mall,CHK_006,10,6,1,regular,card,0,11,2,0,123,0,0,0,1,223,994,5,117.3,2.38,0,73.25,33.88,low,OK
TX_004210,STORE_07,hyper,CHK_004,14,0,0,new,mobile,0,12,1,2,253,1,1,1,3,219,1063,11,222.1,91.91,1,138.25,69.86,high,OPEN_SUPPORT
TX_004211,STORE_08,hyper,CHK_018,17,5,1,professional,card,1,9,0,0,75,0,2,0,3,200,982,0,85.3,0.35,0,48.05,19.93,low,OK
TX_004212,STORE_05,retail_park,CHK_029,13,6,1,regular,card,1,1,3,0,49,0,0,0,2,211,993,6,45.6,0.62,0,35.4,12.93,low,OK
TX_004213,STORE_08,hyper,CHK_004,14,0,0,regular,mobile,0,11,0,0,113,0,0,1,3,219,982,1,109.9,1.15,0,61.550000000000004,27.4,low,OK
TX_004214,STORE_05,retail_park,CHK_023,14,3,0,professional,card,0,11,2,0,163,0,2,0,2,188,993,5,150.6,19.5,0,89.89999999999999,43.09,medium,WATCH
TX_004215,STORE_06,retail_park,CHK_003,21,6,1,professional,mobile,0,6,1,1,110,0,2,1,2,195,1000,7,115.2,34.55,0,73.19999999999999,33.85,low,OK
TX_004216,STORE_05,retail_park,CHK_021,15,4,0,regular,mobile,1,15,0,0,129,0,0,1,2,203,993,0,131.3,0.22,0,74.65,34.65,low,OK
TX_004217,STORE_02,city,CHK_020,13,5,1,new,card,0,9,1,0,120,0,1,0,0,175,994,3,117.7,5.02,0,68.25,31.11,low,OK
TX_004218,STORE_01,city,CHK_031,14,1,0,new,card,1,14,1,0,165,0,1,0,0,194,987,2,164.3,4.98,0,94.55000000000001,45.67,medium,WATCH
TX_004219,STORE_06,retail_park,CHK_020,16,4,0,regular,card,0,14,0,1,180,1,0,0,2,175,1000,5,176.7,91.43,1,104.75,51.31,medium,OPEN_SUPPORT
TX_004220,STORE_01,city,CHK_014,9,4,0,regular,card,1,9,2,1,122,0,0,0,0,213,987,8,128.4,22.57,0,85.60000000000001,40.71,medium,WATCH
TX_004221,STORE_04,mall,CHK_016,15,5,1,new,card,1,9,1,0,118,0,1,0,1,195,987,2,106.8,0.2,0,62.8,28.09,low,OK
TX_004222,STORE_02,city,CHK_038,15,0,0,new,mobile,0,8,0,0,104,0,1,1,0,194,994,1,105.3,4.02,0,57.449999999999996,25.13,low,OK
TX_004223,STORE_04,mall,CHK_019,13,4,0,new,card,0,11,0,2,235,1,1,0,1,187,987,9,196.1,97.15,1,120.64999999999999,60.12,high,OPEN_SUPPORT
TX_004224,STORE_04,mall,CHK_036,17,5,1,regular,card,1,8,0,0,66,0,0,0,1,205,987,0,73.2,0.0,0,41.4,16.25,low,OK
TX_004225,STORE_02,city,CHK_034,15,2,0,regular,card,1,10,0,0,77,0,0,0,0,189,994,0,85.7,0.31,0,48.85,20.37,low,OK
TX_004226,STORE_03,mall,CHK_037,19,1,0,new,mobile,1,12,1,0,136,0,1,1,1,194,994,2,146.2,3.18,0,84.3,39.99,medium,WATCH
TX_004227,STORE_05,retail_park,CHK_022,20,1,0,regular,card,1,13,2,0,166,0,0,0,2,223,993,4,157.2,2.56,0,94.39999999999999,45.59,medium,WATCH
TX_004228,STORE_05,retail_park,CHK_037,8,6,1,regular,card,1,10,0,0,78,0,0,0,2,194,993,0,86.3,0.0,0,49.15,20.54,low,OK
TX_004229,STORE_08,hyper,CHK_021,20,1,0,regular,card,1,10,2,0,132,0,0,0,3,203,982,4,121.8,1.23,0,74.9,34.79,low,OK
TX_004230,STORE_06,retail_park,CHK_008,12,0,0,new,mobile,1,7,0,0,81,0,1,1,2,173,1000,0,87.1,0.09,0,47.75,19.76,low,OK
TX_004231,STORE_05,retail_park,CHK_033,14,0,0,regular,card,0,14,0,0,118,0,0,0,2,192,993,1,133.1,4.89,0,74.95,34.82,low,OK
TX_004232,STORE_02,city,CHK_004,14,6,1,regular,mobile,0,9,0,0,79,0,0,1,0,219,994,1,94.1,0.0,0,52.449999999999996,22.36,low,OK
TX_004233,STORE_03,mall,CHK_040,17,2,0,regular,card,1,1,2,1,90,0,0,0,1,193,994,8,85.3,14.32,0,59.25,26.13,low,OK
TX_004234,STORE_04,mall,CHK_028,12,0,0,regular,card,1,4,3,0,61,0,0,0,1,218,987,6,67.0,1.36,0,47.9,19.85,low,OK
TX_004235,STORE_07,hyper,CHK_036,17,0,0,regular,card,1,9,1,0,84,0,0,0,3,205,1063,2,82.3,0.01,0,50.55,21.31,low,OK
TX_004236,STORE_04,mall,CHK_026,16,0,0,new,mobile,1,5,0,1,89,0,1,1,1,183,987,4,97.4,8.04,0,59.7,26.38,low,OK
TX_004237,STORE_03,mall,CHK_014,14,6,1,regular,card,1,15,2,0,164,0,0,0,1,213,994,4,155.5,6.5,0,94.75,45.78,medium,WATCH
TX_004238,STORE_01,city,CHK_036,12,4,0,professional,mobile,1,4,0,1,82,0,2,1,0,205,987,4,88.9,7.52,0,54.85,23.69,low,OK
TX_004239,STORE_06,retail_park,CHK_028,11,4,0,regular,card,1,8,2,0,97,0,0,0,2,218,1000,4,88.6,0.21,0,57.099999999999994,24.94,low,OK
TX_004240,STORE_05,retail_park,CHK_018,8,3,0,regular,card,0,4,1,0,55,0,0,0,2,200,993,3,54.7,0.08,0,33.75,12.01,low,OK
TX_004241,STORE_04,mall,CHK_013,14,1,0,new,mobile,0,9,1,0,136,0,1,1,1,192,987,3,123.2,3.5,0,71.0,32.63,low,OK
TX_004242,STORE_03,mall,CHK_008,19,0,0,regular,card,1,12,1,1,136,0,0,0,1,173,994,6,155.0,68.85,1,96.7,46.86,medium,MONITOR_QUEUE
TX_004243,STORE_04,mall,CHK_026,16,6,1,regular,mobile,1,9,0,1,108,0,0,1,1,183,987,4,123.3,14.57,0,75.05000000000001,34.87,low,OK
TX_004244,STORE_07,hyper,CHK_017,17,4,0,new,card,1,9,1,0,92,0,1,0,3,202,1063,2,104.1,0.25,0,61.449999999999996,27.35,low,OK
TX_004245,STORE_02,city,CHK_038,19,0,0,regular,card,1,6,0,0,67,0,0,0,0,194,994,0,71.9,0.01,0,39.550000000000004,15.22,low,OK
TX_004246,STORE_01,city,CHK_032,12,0,0,regular,card,1,11,0,0,101,0,0,0,0,205,987,0,102.5,0.03,0,57.85,25.35,low,OK
TX_004247,STORE_02,city,CHK_020,8,1,0,regular,mobile,0,9,1,0,84,0,0,1,0,175,994,3,89.3,0.0,0,54.05,23.25,low,OK
TX_004248,STORE_04,mall,CHK_012,12,3,0,regular,mobile,0,15,0,0,152,0,0,1,1,201,987,1,148.5,2.94,0,83.25,39.41,medium,WATCH
TX_004249,STORE_02,city,CHK_032,18,4,0,new,card,0,1,2,0,51,0,1,0,0,205,994,5,44.9,8.34,0,31.05,10.52,low,OK
TX_004250,STORE_03,mall,CHK_016,18,2,0,regular,gift_card,1,9,2,0,114,0,0,2,1,195,994,4,114.7,0.31,0,70.75,32.49,low,OK
TX_004251,STORE_06,retail_park,CHK_010,16,4,0,new,card,0,1,0,0,30,0,1,0,2,204,1000,1,30.7,5.23,0,15.95,2.16,low,OK
TX_004252,STORE_06,retail_park,CHK_005,12,1,0,new,card,0,12,1,0,155,0,1,0,2,205,1000,3,150.0,44.72,0,86.2,41.05,medium,WATCH
TX_004253,STORE_06,retail_park,CHK_012,18,6,1,new,card,1,10,1,0,145,0,1,0,2,201,1000,2,131.1,0.54,0,75.55,35.15,medium,WATCH
TX_004254,STORE_06,retail_park,CHK_021,18,5,1,regular,card,0,10,0,0,101,0,0,0,2,203,1000,1,110.4,0.87,0,61.2,27.21,low,OK
TX_004255,STORE_06,retail_park,CHK_020,10,1,0,new,mobile,1,1,0,0,28,0,1,1,2,175,1000,0,28.2,0.09,0,14.7,1.47,low,OK
TX_004256,STORE_03,mall,CHK_013,16,6,1,regular,card,1,9,1,0,101,0,0,0,1,192,994,2,92.0,0.31,0,55.4,24.0,low,OK
TX_004257,STORE_07,hyper,CHK_017,15,1,0,new,card,1,14,0,0,152,0,1,0,3,202,1063,0,142.9,2.47,0,79.85000000000001,37.53,medium,WATCH
TX_004258,STORE_03,mall,CHK_020,21,2,0,regular,mobile,0,11,1,0,99,0,0,1,1,175,994,3,102.2,1.12,0,61.7,27.48,low,OK
TX_004259,STORE_06,retail_park,CHK_006,14,2,0,new,mobile,0,5,0,0,82,0,1,1,2,223,1000,1,76.1,3.11,0,41.05,16.05,low,OK
TX_004260,STORE_05,retail_park,CHK_014,17,5,1,new,card,1,7,1,0,77,0,1,0,2,213,993,2,80.9,0.2,0,48.650000000000006,20.26,low,OK
TX_004261,STORE_01,city,CHK_002,9,5,1,regular,card,1,2,0,1,69,0,0,0,0,161,987,4,68.4,4.46,0,43.400000000000006,17.35,low,OK
TX_004262,STORE_08,hyper,CHK_018,16,5,1,regular,card,1,13,0,1,160,1,0,0,3,200,982,4,164.8,93.72,1,98.2,47.69,medium,OPEN_SUPPORT
TX_004263,STORE_07,hyper,CHK_023,18,0,0,regular,card,0,7,2,0,99,0,0,0,3,188,1063,5,96.5,1.94,0,60.45,26.79,low,OK
TX_004264,STORE_07,hyper,CHK_028,18,0,0,regular,mobile,0,2,1,0,46,0,0,1,3,218,1063,3,45.7,0.08,0,28.05,8.86,low,OK
TX_004265,STORE_03,mall,CHK_006,13,5,1,new,mobile,0,10,0,0,143,0,1,1,1,223,994,1,130.0,4.47,0,71.0,32.63,low,OK
TX_004266,STORE_08,hyper,CHK_020,10,4,0,regular,card,1,16,0,0,119,0,0,0,3,175,982,0,129.9,0.0,0,74.55,34.6,low,OK
TX_004267,STORE_06,retail_park,CHK_022,15,6,1,new,card,1,4,1,0,64,0,1,0,2,223,1000,2,66.2,0.15,0,39.5,15.2,low,OK
TX_004268,STORE_01,city,CHK_039,19,2,0,regular,card,0,11,1,0,141,0,0,0,0,195,987,3,126.6,2.38,0,73.89999999999999,34.24,low,OK
TX_004269,STORE_08,hyper,CHK_007,10,4,0,regular,card,1,12,2,0,107,0,0,0,3,217,982,4,113.6,1.74,0,72.0,33.19,low,OK
TX_004270,STORE_03,mall,CHK_013,17,6,1,professional,mobile,1,9,0,0,70,0,2,1,1,192,994,0,84.2,0.22,0,47.5,19.62,low,OK
TX_004271,STORE_07,hyper,CHK_005,17,2,0,regular,card,0,11,2,1,171,1,0,0,3,205,1063,9,150.9,78.68,1,98.05,47.61,medium,OPEN_SUPPORT
TX_004272,STORE_02,city,CHK_014,10,3,0,new,mobile,1,10,1,0,102,0,1,1,0,213,994,2,104.3,0.32,0,62.15,27.73,low,OK
TX_004273,STORE_06,retail_park,CHK_029,17,0,0,regular,card,1,10,1,2,191,1,0,0,2,211,1000,10,191.0,94.7,1,121.5,60.59,high,OPEN_SUPPORT
TX_004274,STORE_07,hyper,CHK_030,15,6,1,regular,card,1,16,0,1,171,1,0,0,3,197,1063,4,181.3,95.89,1,108.25,53.25,medium,OPEN_SUPPORT
TX_004275,STORE_02,city,CHK_010,19,2,0,regular,card,1,14,1,0,136,0,0,0,0,204,994,2,138.9,0.36,0,81.85000000000001,38.64,medium,WATCH
TX_004276,STORE_06,retail_park,CHK_008,18,3,0,new,card,1,9,0,0,121,0,1,0,2,173,1000,0,114.1,0.37,0,62.449999999999996,27.9,low,OK
TX_004277,STORE_04,mall,CHK_016,18,2,0,new,card,1,5,1,1,138,0,1,0,1,195,987,6,126.0,22.82,0,78.0,36.51,medium,WATCH
TX_004278,STORE_05,retail_park,CHK_007,13,1,0,new,card,0,9,2,0,124,0,1,0,2,217,993,5,124.6,5.87,0,75.7,35.23,medium,WATCH
TX_004279,STORE_05,retail_park,CHK_017,13,3,0,regular,card,0,21,0,0,204,0,0,0,2,202,993,1,203.3,4.48,0,114.25,56.57,high,MONITOR_QUEUE
TX_004280,STORE_08,hyper,CHK_010,15,1,0,regular,card,1,11,1,0,100,0,0,0,3,204,982,2,99.7,0.26,0,60.45,26.79,low,OK
TX_004281,STORE_05,retail_park,CHK_018,18,0,0,regular,card,1,10,0,0,119,0,0,0,2,200,993,0,113.3,0.38,0,62.65,28.01,low,OK
TX_004282,STORE_08,hyper,CHK_029,10,0,0,regular,mobile,1,15,1,0,145,0,0,1,3,211,982,2,134.8,0.4,0,80.4,37.84,medium,WATCH
TX_004283,STORE_01,city,CHK_027,11,3,0,regular,card,0,10,0,0,106,0,0,0,0,200,987,1,97.2,0.4,0,54.6,23.55,low,OK
TX_004284,STORE_03,mall,CHK_036,18,0,0,regular,card,1,8,0,0,97,0,0,0,1,205,994,0,93.9,0.21,0,51.75,21.98,low,OK
TX_004285,STORE_08,hyper,CHK_023,17,0,0,new,card,1,16,0,1,219,1,1,0,3,188,982,4,212.0,91.3,1,123.6,61.75,high,OPEN_SUPPORT
TX_004286,STORE_05,retail_park,CHK_031,17,1,0,regular,card,0,13,1,2,242,1,0,0,2,194,993,11,226.2,96.75,1,140.9,71.33,high,OPEN_SUPPORT
TX_004287,STORE_07,hyper,CHK_039,14,3,0,regular,card,1,7,0,1,144,0,0,0,3,195,1063,4,131.3,10.56,0,77.85000000000001,36.42,medium,WATCH
TX_004288,STORE_03,mall,CHK_010,19,4,0,regular,mobile,0,3,0,0,44,0,0,1,1,204,994,1,47.6,0.12,0,25.6,7.5,low,OK
TX_004289,STORE_04,mall,CHK_030,11,1,0,new,mobile,1,9,1,1,154,0,1,1,1,197,987,6,148.4,33.94,0,91.60000000000001,44.04,medium,WATCH
TX_004290,STORE_04,mall,CHK_009,8,6,1,regular,card,0,9,1,0,101,0,0,0,1,211,987,3,92.8,0.02,0,55.8,24.22,low,OK
TX_004291,STORE_04,mall,CHK_030,10,0,0,regular,card,1,12,1,0,90,0,0,0,1,197,987,2,106.7,0.06,0,64.55,29.06,low,OK
TX_004292,STORE_02,city,CHK_021,18,6,1,new,card,0,1,1,1,86,1,1,0,0,203,994,7,82.9,73.92,1,54.050000000000004,23.25,low,OPEN_SUPPORT
TX_004293,STORE_04,mall,CHK_002,21,6,1,regular,card,0,8,0,0,77,0,0,0,1,161,987,1,78.1,0.49,0,43.849999999999994,17.6,low,OK
TX_004294,STORE_02,city,CHK_024,12,4,0,regular,card,1,6,0,0,74,0,0,0,0,217,994,0,67.5,0.0,0,37.35,14.0,low,OK
TX_004295,STORE_07,hyper,CHK_001,9,6,1,regular,card,1,5,3,1,92,1,0,0,3,209,1063,10,119.3,61.4,1,82.65,39.08,medium,MONITOR_QUEUE
TX_004296,STORE_02,city,CHK_033,12,4,0,regular,card,0,5,0,1,118,0,0,0,0,192,994,5,109.4,14.92,0,65.7,29.7,low,OK
TX_004297,STORE_07,hyper,CHK_016,16,6,1,new,card,1,15,4,0,166,1,1,0,3,195,1063,8,179.9,51.82,1,114.95,56.96,high,MONITOR_QUEUE
TX_004298,STORE_02,city,CHK_012,15,0,0,professional,card,1,4,0,0,51,0,2,0,0,201,994,0,54.6,0.16,0,29.7,9.77,low,OK
TX_004299,STORE_05,retail_park,CHK_008,20,6,1,regular,card,1,8,0,0,77,0,0,0,2,173,993,0,86.6,0.0,0,48.099999999999994,19.96,low,OK
TX_004300,STORE_07,hyper,CHK_034,11,0,0,regular,card,1,4,0,1,95,0,0,0,3,189,1063,4,93.5,6.32,0,57.15,24.97,low,OK
TX_004301,STORE_03,mall,CHK_024,12,3,0,regular,card,1,4,1,1,110,0,0,0,1,217,994,6,106.9,7.03,0,67.85000000000001,30.89,low,OK
TX_004302,STORE_07,hyper,CHK_019,21,4,0,regular,gift_card,0,11,0,0,134,0,0,2,3,187,1063,1,114.9,1.95,0,64.05,28.78,low,OK
TX_004303,STORE_06,retail_park,CHK_003,13,1,0,new,card,0,8,1,0,104,0,1,0,2,195,1000,3,102.6,4.23,0,60.099999999999994,26.6,low,OK
TX_004304,STORE_06,retail_park,CHK_029,17,4,0,new,card,1,8,0,0,81,0,1,0,2,211,1000,0,90.2,0.18,0,49.9,20.95,low,OK
TX_004305,STORE_01,city,CHK_040,16,4,0,regular,card,1,5,0,0,54,0,0,0,0,193,987,0,54.1,0.03,0,30.05,9.96,low,OK
TX_004306,STORE_03,mall,CHK_028,14,1,0,regular,mobile,0,12,0,0,99,0,0,1,1,218,994,1,114.0,2.13,0,64.2,28.87,low,OK
TX_004307,STORE_02,city,CHK_016,20,1,0,regular,card,0,8,0,0,115,0,0,0,0,195,994,1,97.3,0.54,0,53.449999999999996,22.92,low,OK
TX_004308,STORE_02,city,CHK_001,16,2,0,regular,card,1,6,2,1,91,0,0,0,0,209,994,8,106.8,16.02,0,73.0,33.74,low,OK
TX_004309,STORE_04,mall,CHK_007,20,0,0,regular,card,1,4,2,0,68,0,0,0,1,217,987,4,64.3,0.09,0,42.55,16.88,low,OK
TX_004310,STORE_06,retail_park,CHK_003,12,6,1,professional,gift_card,1,9,0,0,130,0,2,2,2,195,1000,0,120.9,0.0,0,65.85000000000001,29.78,low,OK
TX_004311,STORE_06,retail_park,CHK_002,16,1,0,regular,gift_card,0,8,2,0,101,0,0,2,2,161,1000,5,98.5,0.61,0,62.05,27.68,low,OK
TX_004312,STORE_01,city,CHK_020,10,0,0,new,card,1,13,2,0,138,0,1,0,0,175,987,4,137.3,5.03,0,84.45,40.08,medium,WATCH
TX_004313,STORE_06,retail_park,CHK_006,14,5,1,new,card,1,15,1,1,195,1,1,0,2,223,1000,6,197.2,95.16,1,119.6,59.54,high,OPEN_SUPPORT
TX_004314,STORE_05,retail_park,CHK_017,17,3,0,regular,card,1,7,1,1,112,0,0,0,2,202,993,6,123.3,9.37,0,77.85000000000001,36.42,medium,WATCH
TX_004315,STORE_07,hyper,CHK_030,10,2,0,regular,card,1,13,2,1,185,1,0,0,3,197,1063,8,181.5,90.43,1,114.55,56.74,high,OPEN_SUPPORT
TX_004316,STORE_05,retail_park,CHK_035,14,0,0,regular,mobile,1,11,0,0,92,0,0,1,2,218,993,0,97.9,0.26,0,55.550000000000004,24.08,low,OK
TX_004317,STORE_05,retail_park,CHK_034,19,1,0,new,card,1,12,2,1,212,1,1,0,2,189,993,8,193.6,90.45,1,120.0,59.76,high,OPEN_SUPPORT
TX_004318,STORE_08,hyper,CHK_004,21,0,0,regular,card,0,11,2,0,97,0,0,0,3,219,982,5,102.8,1.44,0,66.0,29.86,low,OK
TX_004319,STORE_04,mall,CHK_009,19,4,0,new,card,1,18,0,0,246,0,1,0,1,211,987,0,238.0,3.1,0,129.8,65.18,high,MONITOR_QUEUE
TX_004320,STORE_05,retail_park,CHK_001,11,4,0,regular,card,1,4,1,0,49,0,0,0,2,209,993,2,53.7,0.0,0,33.25,11.74,low,OK
TX_004321,STORE_02,city,CHK_004,14,4,0,new,gift_card,0,10,0,0,162,1,1,2,0,219,994,1,128.5,4.69,0,70.25,32.22,low,OK
TX_004322,STORE_08,hyper,CHK_022,16,6,1,regular,card,0,12,1,0,114,0,0,0,3,223,982,3,119.4,1.73,0,70.9,32.58,low,OK
TX_004323,STORE_07,hyper,CHK_033,18,0,0,regular,card,1,13,3,0,151,0,0,0,3,192,1063,6,148.2,7.2,0,93.89999999999999,45.31,medium,WATCH
TX_004324,STORE_01,city,CHK_007,13,1,0,new,card,1,1,0,0,32,0,1,0,0,217,987,0,30.4,0.23,0,15.799999999999999,2.08,low,OK
TX_004325,STORE_07,hyper,CHK_035,18,4,0,regular,mobile,0,12,0,0,140,0,0,1,3,218,1063,1,135.4,2.8,0,74.9,34.79,low,OK
TX_004326,STORE_07,hyper,CHK_005,15,0,0,new,card,1,10,1,0,99,0,1,0,3,205,1063,2,109.9,0.82,0,64.95,29.28,low,OK
TX_004327,STORE_01,city,CHK_037,20,2,0,regular,card,1,11,0,0,96,0,0,0,0,194,987,0,104.7,0.46,0,58.95,25.96,low,OK
TX_004328,STORE_08,hyper,CHK_009,11,5,1,regular,mobile,1,11,1,0,113,0,0,1,3,211,982,2,108.9,0.15,0,65.05,29.34,low,OK
TX_004329,STORE_07,hyper,CHK_020,17,6,1,new,card,1,14,0,0,157,0,1,0,3,175,1063,0,136.8,2.78,0,76.80000000000001,35.84,medium,WATCH
TX_004330,STORE_02,city,CHK_029,14,5,1,professional,card,0,11,3,0,127,0,2,0,0,211,994,7,139.9,30.94,0,88.55,42.35,medium,WATCH
TX_004331,STORE_07,hyper,CHK_033,14,2,0,regular,card,1,15,0,0,128,0,0,0,3,192,1063,0,130.2,0.36,0,74.1,34.35,low,OK
TX_004332,STORE_08,hyper,CHK_022,8,6,1,regular,card,1,18,1,0,153,0,0,0,3,223,982,2,162.2,0.52,0,95.89999999999999,46.42,medium,WATCH
TX_004333,STORE_02,city,CHK_025,11,4,0,regular,card,0,5,1,0,52,0,0,0,0,213,994,3,57.8,0.28,0,35.9,13.2,low,OK
TX_004334,STORE_07,hyper,CHK_029,20,3,0,regular,card,0,10,1,0,139,0,0,0,3,211,1063,3,125.9,1.23,0,72.95,33.71,low,OK
TX_004335,STORE_02,city,CHK_036,9,0,0,regular,card,1,12,1,0,112,0,0,0,0,205,994,2,106.1,0.0,0,64.25,28.9,low,OK
TX_004336,STORE_02,city,CHK_036,18,0,0,regular,card,0,12,1,1,208,1,0,0,0,205,994,7,194.4,81.12,1,116.4,57.76,high,OPEN_SUPPORT
TX_004337,STORE_07,hyper,CHK_039,20,1,0,new,mobile,1,15,3,0,199,1,1,1,3,195,1063,6,192.9,41.71,0,117.45,58.34,high,MONITOR_QUEUE
TX_004338,STORE_02,city,CHK_017,19,1,0,new,card,1,4,0,1,106,0,1,0,0,202,994,4,104.4,9.07,0,62.6,27.98,low,OK
TX_004339,STORE_06,retail_park,CHK_010,10,2,0,regular,card,0,12,0,0,106,0,0,0,2,204,1000,1,108.8,2.25,0,61.599999999999994,27.43,low,OK
TX_004340,STORE_07,hyper,CHK_017,11,5,1,regular,card,1,20,0,1,197,1,0,0,3,202,1063,4,199.6,92.23,1,119.8,59.65,high,OPEN_SUPPORT
TX_004341,STORE_01,city,CHK_012,18,1,0,regular,card,1,9,0,0,118,0,0,0,0,201,987,0,111.1,0.39,0,60.949999999999996,27.07,low,OK
TX_004342,STORE_06,retail_park,CHK_025,9,0,0,regular,mobile,0,4,0,0,50,0,0,1,2,213,1000,1,47.8,0.0,0,26.299999999999997,7.89,low,OK
TX_004343,STORE_04,mall,CHK_017,17,4,0,new,card,0,12,1,0,161,1,1,0,1,202,987,3,134.8,39.18,0,78.60000000000001,36.84,medium,WATCH
TX_004344,STORE_01,city,CHK_013,16,5,1,regular,card,1,11,0,1,141,0,0,0,0,192,987,4,137.0,58.98,1,83.1,39.33,medium,MONITOR_QUEUE
TX_004345,STORE_05,retail_park,CHK_025,21,6,1,new,card,1,4,1,0,60,0,1,0,2,213,993,2,63.8,0.2,0,38.3,14.53,low,OK
TX_004346,STORE_02,city,CHK_038,10,3,0,regular,card,1,10,0,0,78,0,0,0,0,194,994,0,85.3,0.05,0,48.65,20.26,low,OK
TX_004347,STORE_05,retail_park,CHK_028,17,2,0,regular,card,0,11,1,2,168,1,0,0,2,218,993,11,177.2,94.19,1,115.19999999999999,57.1,high,OPEN_SUPPORT
TX_004348,STORE_08,hyper,CHK_010,16,2,0,professional,mobile,0,9,2,0,106,0,2,1,3,204,982,5,118.8,5.39,0,72.80000000000001,33.63,low,OK
TX_004349,STORE_01,city,CHK_035,11,3,0,new,card,0,9,2,1,180,1,1,0,0,218,987,9,169.1,88.78,1,105.95,51.98,medium,OPEN_SUPPORT
TX_004350,STORE_06,retail_park,CHK_027,14,6,1,regular,mobile,1,6,0,0,69,0,0,1,2,200,1000,0,65.8,0.0,0,36.5,13.53,low,OK
TX_004351,STORE_04,mall,CHK_038,16,5,1,new,card,1,5,4,0,95,0,1,0,1,194,987,8,92.4,12.16,0,65.2,29.42,low,OK
TX_004352,STORE_01,city,CHK_022,16,4,0,regular,card,1,6,0,0,65,0,0,0,0,223,987,0,62.2,0.03,0,34.7,12.54,low,OK
TX_004353,STORE_02,city,CHK_019,10,4,0,new,card,0,1,2,0,41,0,1,0,0,187,994,5,42.4,6.83,0,29.8,9.83,low,OK
TX_004354,STORE_05,retail_park,CHK_006,16,5,1,regular,mobile,1,10,0,0,97,0,0,1,2,223,993,0,90.6,0.0,0,51.3,21.73,low,OK
TX_004355,STORE_02,city,CHK_037,16,2,0,new,card,0,6,1,0,75,0,1,0,0,194,994,3,81.4,4.71,0,48.300000000000004,20.07,low,OK
TX_004356,STORE_07,hyper,CHK_035,20,6,1,regular,mobile,1,16,0,0,124,0,0,1,3,218,1063,0,155.2,0.73,0,87.19999999999999,41.6,medium,WATCH
TX_004357,STORE_03,mall,CHK_013,12,3,0,new,card,1,13,1,0,173,0,1,0,1,192,994,2,158.9,5.76,0,91.25,43.84,medium,WATCH
TX_004358,STORE_06,retail_park,CHK_023,20,4,0,regular,gift_card,1,13,1,0,133,0,0,2,2,188,1000,2,140.4,0.31,0,82.0,38.72,medium,WATCH
TX_004359,STORE_06,retail_park,CHK_002,12,0,0,regular,mobile,1,13,0,0,97,0,0,1,2,161,1000,0,116.2,0.33,0,65.9,29.81,low,OK
TX_004360,STORE_03,mall,CHK_026,8,0,0,professional,card,0,5,1,0,63,0,2,0,1,183,994,3,66.4,0.83,0,40.2,15.58,low,OK
TX_004361,STORE_02,city,CHK_012,13,5,1,regular,card,1,9,0,1,129,0,0,0,0,201,994,4,134.1,20.23,0,80.45,37.86,medium,WATCH
TX_004362,STORE_07,hyper,CHK_017,16,2,0,professional,card,0,10,1,0,112,0,2,0,3,202,1063,3,107.7,3.08,0,63.85,28.67,low,OK
TX_004363,STORE_04,mall,CHK_015,8,1,0,regular,card,1,8,0,1,101,0,0,0,1,207,987,4,119.5,5.57,0,72.55,33.49,low,OK
TX_004364,STORE_08,hyper,CHK_018,16,1,0,regular,mobile,0,8,1,2,154,0,0,1,3,200,982,11,167.8,54.52,1,108.7,53.5,medium,MONITOR_QUEUE
TX_004365,STORE_07,hyper,CHK_001,17,2,0,regular,mobile,1,11,1,0,81,0,0,1,3,209,1063,2,93.4,0.03,0,57.300000000000004,25.05,low,OK
TX_004366,STORE_06,retail_park,CHK_029,14,2,0,new,card,0,8,0,0,122,0,1,0,2,211,1000,1,106.3,4.18,0,57.949999999999996,25.41,low,OK
TX_004367,STORE_02,city,CHK_029,18,1,0,regular,card,1,10,0,0,93,0,0,0,0,211,994,0,113.2,0.31,0,62.6,27.98,low,OK
TX_004368,STORE_05,retail_park,CHK_026,11,4,0,new,gift_card,0,14,0,0,189,1,1,2,2,183,993,1,177.3,75.29,1,97.05000000000001,47.05,medium,OPEN_SUPPORT
TX_004369,STORE_02,city,CHK_017,16,3,0,new,mobile,0,9,1,1,167,1,1,1,0,202,994,7,160.2,93.81,1,97.5,47.3,medium,OPEN_SUPPORT
TX_004370,STORE_03,mall,CHK_023,12,1,0,regular,card,0,6,1,1,117,0,0,0,1,188,994,7,122.4,16.27,0,76.8,35.84,medium,WATCH
TX_004371,STORE_01,city,CHK_019,20,5,1,professional,card,0,8,1,0,106,0,2,0,0,187,987,3,103.5,2.1,0,60.55,26.85,low,OK
TX_004372,STORE_03,mall,CHK_017,9,1,0,professional,card,1,7,1,0,70,0,2,0,1,202,994,2,79.1,0.09,0,47.75,19.76,low,OK
TX_004373,STORE_05,retail_park,CHK_026,21,6,1,regular,card,0,6,0,0,61,0,0,0,2,183,993,1,62.8,0.01,0,35.0,12.7,low,OK
TX_004374,STORE_02,city,CHK_024,16,6,1,professional,mobile,0,7,2,0,98,0,2,1,0,217,994,5,93.2,1.29,0,58.800000000000004,25.88,low,OK
TX_004375,STORE_04,mall,CHK_012,21,1,0,regular,gift_card,0,9,1,2,173,1,0,2,1,201,987,11,182.3,86.27,1,116.55000000000001,57.85,high,OPEN_SUPPORT
TX_004376,STORE_06,retail_park,CHK_006,16,4,0,professional,card,1,10,0,0,96,0,2,0,2,223,1000,0,97.8,0.62,0,54.9,23.72,low,OK
TX_004377,STORE_05,retail_park,CHK_033,16,3,0,regular,card,1,13,0,1,145,0,0,0,2,192,993,4,164.2,85.16,1,97.89999999999999,47.52,medium,OPEN_SUPPORT
TX_004378,STORE_04,mall,CHK_010,16,1,0,professional,card,1,4,0,2,139,0,2,0,1,204,987,8,136.5,35.99,0,86.65,41.3,medium,WATCH
TX_004379,STORE_03,mall,CHK_035,8,3,0,regular,card,0,8,0,0,71,0,0,0,1,218,994,1,78.3,0.02,0,43.949999999999996,17.66,low,OK
TX_004380,STORE_02,city,CHK_005,16,3,0,regular,mobile,0,9,0,0,73,0,0,1,0,205,994,1,83.3,0.11,0,47.05,19.37,low,OK
TX_004381,STORE_05,retail_park,CHK_018,19,3,0,regular,card,0,1,0,1,67,0,0,0,2,200,993,5,67.5,12.17,0,42.35,16.77,low,OK
TX_004382,STORE_07,hyper,CHK_029,17,6,1,regular,card,1,13,1,0,132,0,0,0,3,211,1063,2,108.8,0.31,0,66.2,29.98,low,OK
TX_004383,STORE_01,city,CHK_017,16,1,0,new,card,0,16,0,0,169,1,1,0,0,202,987,1,178.0,69.04,1,98.6,47.91,medium,MONITOR_QUEUE
TX_004384,STORE_03,mall,CHK_027,19,0,0,regular,card,1,6,1,1,118,0,0,0,1,200,994,6,123.6,7.69,0,77.39999999999999,36.17,medium,WATCH
TX_004385,STORE_07,hyper,CHK_023,16,3,0,new,card,1,15,0,0,144,0,1,0,3,188,1063,0,149.1,3.14,0,83.55,39.58,medium,WATCH
TX_004386,STORE_03,mall,CHK_019,20,4,0,regular,card,0,10,0,0,125,0,0,0,1,187,994,1,116.9,0.74,0,64.45,29.01,low,OK
TX_004387,STORE_04,mall,CHK_031,15,5,1,regular,mobile,1,10,0,0,83,0,0,1,1,194,987,0,84.1,0.05,0,48.05,19.93,low,OK
TX_004388,STORE_02,city,CHK_016,20,5,1,professional,card,0,9,0,0,137,0,2,0,0,195,994,1,120.0,1.1,0,65.4,29.53,low,OK
TX_004389,STORE_08,hyper,CHK_011,10,1,0,regular,card,1,6,0,0,67,0,0,0,3,179,982,0,63.2,0.1,0,35.2,12.81,low,OK
TX_004390,STORE_06,retail_park,CHK_018,20,0,0,regular,card,0,19,1,0,193,0,0,0,2,200,1000,3,193.9,4.0,0,112.35000000000001,55.52,high,MONITOR_QUEUE
TX_004391,STORE_03,mall,CHK_021,17,1,0,regular,card,0,10,2,1,151,0,0,0,1,203,994,9,145.6,71.19,1,94.8,45.81,medium,OPEN_SUPPORT
TX_004392,STORE_06,retail_park,CHK_004,8,1,0,regular,card,1,11,0,0,110,0,0,0,2,219,1000,0,100.1,0.12,0,56.65,24.69,low,OK
TX_004393,STORE_04,mall,CHK_029,21,1,0,regular,card,0,9,0,0,72,0,0,0,1,211,987,1,83.1,0.23,0,46.949999999999996,19.32,low,OK
TX_004394,STORE_03,mall,CHK_023,18,6,1,regular,card,1,11,0,0,115,0,0,0,1,188,994,0,119.4,0.5,0,66.3,30.03,low,OK
TX_004395,STORE_06,retail_park,CHK_020,16,3,0,new,card,1,9,2,0,90,0,1,0,2,175,1000,4,113.9,0.78,0,70.35000000000001,32.27,low,OK
TX_004396,STORE_05,retail_park,CHK_006,18,6,1,professional,card,1,10,0,1,161,1,2,0,2,223,993,4,161.4,80.19,1,94.7,45.75,medium,OPEN_SUPPORT
TX_004397,STORE_03,mall,CHK_005,8,2,0,regular,card,0,5,1,2,127,0,0,0,1,205,994,11,132.6,28.1,0,89.3,42.76,medium,WATCH
TX_004398,STORE_02,city,CHK_035,10,6,1,new,card,1,1,0,0,28,0,1,0,0,218,994,0,28.9,0.25,0,15.049999999999999,1.66,low,OK
TX_004399,STORE_08,hyper,CHK_003,21,1,0,regular,card,0,9,1,0,86,0,0,0,3,195,982,3,90.2,0.11,0,54.5,23.5,low,OK
TX_004400,STORE_04,mall,CHK_003,12,0,0,regular,card,0,6,0,1,130,0,0,0,1,195,987,5,123.5,11.81,0,73.35,33.93,low,OK
TX_004401,STORE_04,mall,CHK_023,18,6,1,regular,mobile,1,13,0,0,114,0,0,1,1,188,987,0,128.8,0.3,0,72.2,33.3,low,OK
TX_004402,STORE_05,retail_park,CHK_040,15,3,0,regular,card,1,5,0,0,52,0,0,0,2,193,993,0,53.8,0.01,0,29.9,9.88,low,OK
TX_004403,STORE_08,hyper,CHK_026,13,0,0,professional,card,1,5,1,0,60,0,2,0,3,183,982,2,65.2,0.4,0,39.6,15.25,low,OK
TX_004404,STORE_01,city,CHK_010,10,6,1,new,card,1,11,0,0,117,0,1,0,0,204,987,0,115.4,0.96,0,64.3,28.92,low,OK
TX_004405,STORE_06,retail_park,CHK_022,17,1,0,regular,card,1,9,0,0,83,0,0,0,2,223,1000,0,83.8,0.01,0,47.3,19.51,low,OK
TX_004406,STORE_06,retail_park,CHK_010,19,0,0,new,card,1,8,1,0,120,0,1,0,2,204,1000,2,109.4,0.24,0,63.5,28.48,low,OK
TX_004407,STORE_02,city,CHK_029,11,2,0,regular,card,1,2,0,0,33,0,0,0,0,211,994,0,32.7,0.0,0,17.55,3.04,low,OK
TX_004408,STORE_03,mall,CHK_033,13,1,0,new,card,1,8,0,0,85,0,1,0,1,192,994,0,95.8,0.29,0,52.699999999999996,22.5,low,OK
TX_004409,STORE_02,city,CHK_030,18,5,1,regular,card,0,7,2,1,135,0,0,0,0,197,994,9,131.8,35.56,0,86.10000000000001,40.99,medium,WATCH
TX_004410,STORE_05,retail_park,CHK_031,9,4,0,regular,card,0,9,3,0,116,0,0,0,2,194,993,7,113.8,1.86,0,74.30000000000001,34.46,low,OK
TX_004411,STORE_05,retail_park,CHK_031,17,6,1,regular,card,1,6,0,0,60,0,0,0,2,194,993,0,59.4,0.0,0,33.3,11.76,low,OK
TX_004412,STORE_07,hyper,CHK_010,19,1,0,regular,card,1,9,2,0,130,0,0,0,3,204,1063,4,117.8,0.71,0,72.30000000000001,33.35,low,OK
TX_004413,STORE_03,mall,CHK_011,17,2,0,regular,card,1,16,0,0,133,0,0,0,1,179,994,0,131.6,0.0,0,75.39999999999999,35.07,medium,WATCH
TX_004414,STORE_08,hyper,CHK_024,14,4,0,regular,mobile,1,6,1,2,130,0,0,1,3,217,982,10,140.9,31.23,0,94.05,45.39,medium,WATCH
TX_004415,STORE_04,mall,CHK_032,13,5,1,regular,card,1,11,0,0,118,0,0,0,1,205,987,0,103.3,0.03,0,58.25,25.57,low,OK
TX_004416,STORE_05,retail_park,CHK_031,21,2,0,regular,card,1,10,3,0,105,0,0,0,2,194,993,6,104.4,3.56,0,70.2,32.19,low,OK
TX_004417,STORE_03,mall,CHK_014,8,6,1,new,mobile,1,9,1,0,101,0,1,1,1,213,994,2,100.8,0.3,0,59.8,26.43,low,OK
TX_004418,STORE_08,hyper,CHK_013,20,4,0,regular,card,1,25,3,0,224,1,0,0,3,192,982,6,195.5,28.41,0,124.75,62.39,high,MONITOR_QUEUE
TX_004419,STORE_06,retail_park,CHK_005,15,6,1,regular,mobile,1,12,1,0,97,0,0,1,2,205,1000,2,107.8,0.31,0,65.1,29.37,low,OK
TX_004420,STORE_02,city,CHK_011,8,0,0,regular,card,1,15,0,1,154,0,0,0,0,179,994,4,161.4,44.84,0,97.7,47.41,medium,WATCH
TX_004421,STORE_01,city,CHK_011,21,6,1,regular,card,0,7,0,2,165,1,0,0,0,179,987,9,165.9,82.59,1,103.15,50.43,medium,OPEN_SUPPORT
TX_004422,STORE_08,hyper,CHK_022,10,5,1,new,card,1,6,0,0,74,0,1,0,3,223,982,0,68.4,0.09,0,37.800000000000004,14.25,low,OK
TX_004423,STORE_03,mall,CHK_019,10,6,1,new,card,0,5,0,0,77,0,1,0,1,187,994,1,73.0,3.23,0,39.5,15.2,low,OK
TX_004424,STORE_08,hyper,CHK_008,18,3,0,regular,card,1,9,0,0,117,0,0,0,3,173,982,0,107.0,0.1,0,58.9,25.93,low,OK
TX_004425,STORE_02,city,CHK_040,18,2,0,professional,gift_card,0,11,0,1,198,1,2,2,0,193,994,5,179.7,80.91,1,104.44999999999999,51.15,medium,OPEN_SUPPORT
TX_004426,STORE_05,retail_park,CHK_005,19,2,0,regular,mobile,1,15,1,0,148,0,0,1,2,205,993,2,148.0,0.5,0,87.0,41.49,medium,WATCH
TX_004427,STORE_04,mall,CHK_001,11,4,0,regular,mobile,1,12,1,0,112,0,0,1,1,209,987,2,108.2,0.0,0,65.3,29.48,low,OK
TX_004428,STORE_08,hyper,CHK_017,20,1,0,regular,mobile,0,12,1,0,132,0,0,1,3,202,982,3,134.4,2.99,0,78.4,36.73,medium,WATCH
TX_004429,STORE_08,hyper,CHK_029,15,0,0,regular,card,1,8,1,0,71,0,0,0,3,211,982,2,77.9,0.55,0,47.75,19.76,low,OK
TX_004430,STORE_06,retail_park,CHK_015,19,5,1,regular,card,0,3,0,1,83,0,0,0,2,207,1000,5,88.8,14.84,0,54.199999999999996,23.33,low,OK
TX_004431,STORE_08,hyper,CHK_018,16,4,0,regular,card,1,13,0,0,120,0,0,0,3,200,982,0,112.9,0.2,0,64.25,28.9,low,OK
TX_004432,STORE_01,city,CHK_014,19,6,1,regular,card,0,11,0,1,189,1,0,0,0,213,987,5,188.7,84.69,1,108.94999999999999,53.64,medium,OPEN_SUPPORT
TX_004433,STORE_01,city,CHK_035,11,4,0,new,gift_card,1,1,0,1,63,0,1,2,0,218,987,4,67.3,5.32,0,42.25,16.72,low,OK
TX_004434,STORE_04,mall,CHK_030,14,0,0,new,card,0,8,0,0,127,0,1,0,1,197,987,1,112.9,4.91,0,61.25,27.23,low,OK
TX_004435,STORE_08,hyper,CHK_017,14,3,0,regular,card,0,6,0,0,77,0,0,0,3,202,982,1,70.2,0.0,0,38.7,14.75,low,OK
TX_004436,STORE_04,mall,CHK_008,17,5,1,regular,card,0,12,1,0,108,0,0,0,1,173,987,3,117.7,1.56,0,70.05,32.11,low,OK
TX_004437,STORE_03,mall,CHK_012,15,2,0,professional,card,1,6,0,1,113,0,2,0,1,201,994,4,116.2,6.07,0,69.69999999999999,31.91,low,OK
TX_004438,STORE_01,city,CHK_001,11,3,0,regular,card,1,12,3,0,105,0,0,0,0,209,987,6,112.7,5.23,0,75.55,35.15,medium,WATCH
TX_004439,STORE_06,retail_park,CHK_010,19,2,0,new,card,1,9,2,1,198,1,1,0,2,204,1000,8,171.9,72.9,1,107.35000000000001,52.75,medium,OPEN_SUPPORT
TX_004440,STORE_07,hyper,CHK_018,18,0,0,regular,card,0,5,3,1,140,1,0,0,3,200,1063,11,129.7,90.71,1,87.85,41.96,medium,OPEN_SUPPORT
TX_004441,STORE_02,city,CHK_022,11,6,1,professional,mobile,1,8,0,0,86,0,2,1,0,223,994,0,85.1,0.0,0,47.349999999999994,19.54,low,OK
TX_004442,STORE_01,city,CHK_038,15,3,0,regular,card,0,5,0,0,65,0,0,0,0,194,987,1,60.1,0.24,0,33.05,11.62,low,OK
TX_004443,STORE_03,mall,CHK_024,20,6,1,professional,card,1,11,1,0,118,0,2,0,1,217,994,2,131.2,2.12,0,76.19999999999999,35.51,medium,WATCH
TX_004444,STORE_05,retail_park,CHK_027,21,2,0,regular,card,1,10,0,0,81,0,0,0,2,200,993,0,92.1,0.42,0,52.05,22.14,low,OK
TX_004445,STORE_07,hyper,CHK_004,11,1,0,regular,card,0,14,0,0,136,0,0,0,3,219,1063,1,130.4,5.06,0,73.60000000000001,34.07,low,OK
TX_004446,STORE_03,mall,CHK_017,13,2,0,regular,card,1,4,1,0,50,0,0,0,1,202,994,2,56.2,0.01,0,34.5,12.43,low,OK
TX_004447,STORE_08,hyper,CHK_036,21,0,0,new,gift_card,1,4,4,0,88,0,1,2,3,205,982,8,74.1,24.4,0,55.449999999999996,24.02,low,OK
TX_004448,STORE_01,city,CHK_016,18,4,0,regular,card,1,14,0,0,124,0,0,0,0,195,987,0,135.7,0.31,0,76.25,35.54,medium,WATCH
TX_004449,STORE_08,hyper,CHK_036,13,4,0,regular,card,1,12,1,1,176,1,0,0,3,205,982,6,164.7,85.98,1,101.55,49.54,medium,OPEN_SUPPORT
TX_004450,STORE_07,hyper,CHK_012,18,5,1,professional,card,1,9,1,0,114,0,2,0,3,201,1063,2,120.6,0.0,0,69.7,31.91,low,OK
TX_004451,STORE_05,retail_park,CHK_011,10,3,0,regular,card,1,8,0,0,68,0,0,0,2,179,993,0,78.4,0.06,0,44.0,17.69,low,OK
TX_004452,STORE_07,hyper,CHK_039,15,5,1,professional,card,1,4,1,0,58,0,2,0,3,195,1063,2,61.3,0.0,0,37.05,13.84,low,OK
TX_004453,STORE_05,retail_park,CHK_025,13,2,0,regular,card,1,11,0,0,90,0,0,0,2,213,993,0,100.9,0.26,0,57.050000000000004,24.91,low,OK
TX_004454,STORE_04,mall,CHK_021,18,1,0,regular,card,1,8,1,0,95,0,0,0,1,203,987,2,98.6,0.01,0,58.099999999999994,25.49,low,OK
TX_004455,STORE_01,city,CHK_014,21,1,0,regular,card,1,12,1,1,140,0,0,0,0,213,987,6,154.3,66.21,1,96.35000000000001,46.66,medium,MONITOR_QUEUE
TX_004456,STORE_06,retail_park,CHK_017,15,1,0,regular,card,1,8,0,2,134,0,0,0,2,202,1000,8,149.9,48.42,0,95.75,46.33,medium,WATCH
TX_004457,STORE_02,city,CHK_033,18,2,0,new,card,0,12,0,0,166,1,1,0,0,192,994,1,161.2,65.86,1,87.8,41.93,medium,MONITOR_QUEUE
TX_004458,STORE_02,city,CHK_024,13,1,0,regular,card,1,9,0,0,78,0,0,0,0,217,994,0,89.1,0.01,0,49.949999999999996,20.98,low,OK
TX_004459,STORE_07,hyper,CHK_017,15,6,1,new,card,0,12,1,0,119,0,1,0,3,202,1063,3,142.4,46.95,0,82.4,38.94,medium,WATCH
TX_004460,STORE_07,hyper,CHK_024,14,4,0,regular,card,1,18,2,0,179,0,0,0,3,217,1063,4,168.2,2.08,0,102.89999999999999,50.29,medium,WATCH
TX_004461,STORE_03,mall,CHK_013,20,3,0,new,card,1,18,1,0,260,0,1,0,1,192,994,2,239.8,5.74,0,134.70000000000002,67.89,high,MONITOR_QUEUE
TX_004462,STORE_05,retail_park,CHK_004,13,0,0,new,card,0,11,2,0,142,0,1,0,2,219,993,5,141.7,24.71,0,85.44999999999999,40.63,medium,WATCH
TX_004463,STORE_05,retail_park,CHK_039,12,4,0,regular,mobile,1,12,0,1,142,0,0,1,2,195,993,4,144.2,63.55,1,87.3,41.66,medium,MONITOR_QUEUE
TX_004464,STORE_05,retail_park,CHK_006,21,3,0,new,card,0,3,0,0,49,0,1,0,2,223,993,1,60.4,5.24,0,32.0,11.04,low,OK
TX_004465,STORE_06,retail_park,CHK_023,9,4,0,new,mobile,0,12,0,0,127,0,1,1,2,188,1000,1,128.4,21.0,0,71.4,32.85,low,OK
TX_004466,STORE_02,city,CHK_025,15,6,1,regular,card,0,10,0,0,79,0,0,0,0,213,994,1,88.1,0.0,0,50.05,21.04,low,OK
TX_004467,STORE_01,city,CHK_033,15,1,0,regular,card,0,15,1,2,199,1,0,0,0,192,987,11,215.1,91.32,1,136.55,68.92,high,OPEN_SUPPORT
TX_004468,STORE_08,hyper,CHK_024,10,3,0,new,card,0,15,1,0,178,1,1,0,3,217,982,3,173.5,81.35,1,99.75,48.55,medium,OPEN_SUPPORT
TX_004469,STORE_01,city,CHK_030,16,5,1,new,mobile,0,5,0,1,110,1,1,1,0,197,987,5,110.5,90.38,1,66.25,30.0,low,OPEN_SUPPORT
TX_004470,STORE_04,mall,CHK_025,11,1,0,new,card,0,12,0,0,132,0,1,0,1,213,987,1,134.3,28.51,0,74.35000000000001,34.49,low,OK
TX_004471,STORE_02,city,CHK_020,16,6,1,regular,card,1,15,0,0,140,0,0,0,0,175,994,0,138.3,0.63,0,78.15,36.59,medium,WATCH
TX_004472,STORE_02,city,CHK_023,11,4,0,regular,mobile,1,11,0,0,92,0,0,1,0,188,994,0,95.3,0.0,0,54.25,23.36,low,OK
TX_004473,STORE_07,hyper,CHK_019,20,3,0,regular,card,0,7,0,0,95,0,0,0,3,187,1063,1,90.2,0.43,0,49.300000000000004,20.62,low,OK
TX_004474,STORE_07,hyper,CHK_007,13,3,0,professional,card,1,5,0,0,64,0,2,0,3,217,1063,0,66.1,0.03,0,36.05,13.29,low,OK
TX_004475,STORE_08,hyper,CHK_008,13,0,0,regular,card,0,8,0,1,144,0,0,0,3,173,982,5,140.2,18.41,0,82.89999999999999,39.22,medium,WATCH
TX_004476,STORE_01,city,CHK_026,9,0,0,regular,card,1,2,2,0,36,0,0,0,0,183,987,4,43.1,0.15,0,30.75,10.35,low,OK
TX_004477,STORE_07,hyper,CHK_036,13,0,0,regular,card,0,9,2,2,227,1,0,0,3,205,1063,13,220.4,92.11,1,139.6,70.61,high,OPEN_SUPPORT
TX_004478,STORE_01,city,CHK_007,14,3,0,regular,card,1,10,0,0,83,0,0,0,0,217,987,0,98.1,0.11,0,55.05,23.8,low,OK
TX_004479,STORE_03,mall,CHK_008,15,5,1,regular,card,0,6,0,0,72,0,0,0,1,173,994,1,65.9,0.08,0,36.550000000000004,13.56,low,OK
TX_004480,STORE_07,hyper,CHK_006,11,3,0,regular,gift_card,1,7,2,0,78,0,0,2,3,223,1063,4,78.4,0.0,0,51.400000000000006,21.78,low,OK
TX_004481,STORE_03,mall,CHK_021,17,5,1,regular,mobile,1,15,1,0,129,0,0,1,1,203,994,2,132.2,0.2,0,79.1,37.12,medium,WATCH
TX_004482,STORE_02,city,CHK_013,12,0,0,new,gift_card,0,6,0,0,88,0,1,2,0,192,994,1,87.3,3.58,0,47.25,19.49,low,OK
TX_004483,STORE_05,retail_park,CHK_028,10,1,0,new,card,1,5,2,0,77,0,1,0,2,218,993,4,71.7,0.32,0,46.85,19.26,low,OK
TX_004484,STORE_07,hyper,CHK_009,13,3,0,regular,mobile,1,13,2,0,110,0,0,1,3,211,1063,4,122.4,2.69,0,77.0,35.95,medium,WATCH
TX_004485,STORE_04,mall,CHK_017,11,2,0,regular,card,1,10,0,1,147,0,0,0,1,202,987,4,139.4,47.32,0,83.7,39.66,medium,WATCH
TX_004486,STORE_02,city,CHK_038,20,6,1,regular,card,1,7,3,0,103,0,0,0,0,194,994,6,100.5,1.9,0,66.45,30.11,low,OK
TX_004487,STORE_06,retail_park,CHK_014,8,5,1,regular,card,1,12,2,0,110,0,0,0,2,213,1000,4,115.5,0.96,0,72.95,33.71,low,OK
TX_004488,STORE_06,retail_park,CHK_012,17,3,0,regular,gift_card,1,11,0,0,95,0,0,2,2,201,1000,0,99.7,0.56,0,56.45,24.58,low,OK
TX_004489,STORE_01,city,CHK_020,21,2,0,professional,card,1,8,0,0,75,0,2,0,0,175,987,0,77.3,0.0,0,43.449999999999996,17.38,low,OK
TX_004490,STORE_05,retail_park,CHK_001,8,6,1,regular,card,1,8,0,0,85,0,0,0,2,209,993,0,78.3,0.0,0,43.949999999999996,17.66,low,OK
TX_004491,STORE_07,hyper,CHK_032,11,5,1,regular,card,0,16,0,0,158,0,0,0,3,205,1063,1,142.4,2.6,0,80.8,38.06,medium,WATCH
TX_004492,STORE_03,mall,CHK_015,20,2,0,new,mobile,0,15,0,0,207,1,1,1,1,207,994,1,194.1,78.01,1,106.05,52.03,medium,OPEN_SUPPORT
TX_004493,STORE_08,hyper,CHK_032,11,6,1,regular,card,0,16,1,0,172,0,0,0,3,205,982,3,157.9,6.65,0,92.55,44.56,medium,WATCH
TX_004494,STORE_01,city,CHK_038,12,0,0,regular,card,1,5,0,0,55,0,0,0,0,194,987,0,56.8,0.01,0,31.4,10.71,low,OK
TX_004495,STORE_06,retail_park,CHK_036,11,6,1,regular,card,0,8,3,0,104,0,0,0,2,205,1000,7,103.3,1.38,0,68.45,31.22,low,OK
TX_004496,STORE_01,city,CHK_019,17,4,0,regular,card,0,5,1,0,56,0,0,0,0,187,987,3,62.0,0.16,0,38.0,14.36,low,OK
TX_004497,STORE_04,mall,CHK_009,12,2,0,new,card,0,10,1,0,143,0,1,0,1,211,987,3,128.8,7.01,0,74.4,34.51,low,OK
TX_004498,STORE_08,hyper,CHK_026,17,4,0,regular,mobile,0,4,1,1,88,0,0,1,3,183,982,7,94.5,15.64,0,61.65,27.46,low,OK
TX_004499,STORE_01,city,CHK_003,13,6,1,regular,card,0,4,2,1,112,0,0,0,0,195,987,9,107.1,38.61,0,71.95,33.16,low,OK
TX_004500,STORE_07,hyper,CHK_015,10,3,0,regular,card,0,8,0,0,71,0,0,0,3,207,1063,1,79.4,0.14,0,44.5,17.96,low,OK
TX_004501,STORE_07,hyper,CHK_015,17,6,1,new,card,0,9,0,0,107,0,1,0,3,207,1063,1,104.7,3.78,0,57.75,25.3,low,OK
TX_004502,STORE_05,retail_park,CHK_028,12,4,0,new,card,1,14,2,0,153,0,1,0,2,218,993,4,158.3,9.17,0,95.55000000000001,46.22,medium,WATCH
TX_004503,STORE_07,hyper,CHK_033,8,3,0,professional,card,0,15,3,1,216,1,2,0,3,192,1063,11,209.1,94.37,1,133.55,67.26,high,OPEN_SUPPORT
TX_004504,STORE_07,hyper,CHK_022,17,4,0,regular,card,1,7,1,0,74,0,0,0,3,223,1063,2,74.7,0.0,0,45.550000000000004,18.54,low,OK
TX_004505,STORE_04,mall,CHK_027,9,6,1,regular,gift_card,1,8,3,0,102,0,0,2,1,200,987,6,92.4,2.8,0,63.0,28.2,low,OK
TX_004506,STORE_05,retail_park,CHK_031,18,2,0,regular,card,1,10,1,0,117,0,0,0,2,194,993,2,113.7,0.42,0,66.85,30.33,low,OK
TX_004507,STORE_08,hyper,CHK_030,10,0,0,regular,mobile,1,10,0,0,69,0,0,1,3,197,982,0,83.2,0.16,0,47.6,19.68,low,OK
TX_004508,STORE_07,hyper,CHK_022,19,3,0,new,mobile,0,11,0,0,127,0,1,1,3,223,1063,1,136.4,24.06,0,74.8,34.74,low,OK
TX_004509,STORE_06,retail_park,CHK_022,18,5,1,regular,mobile,1,13,0,0,145,0,0,1,2,223,1000,0,142.2,0.31,0,78.89999999999999,37.01,medium,WATCH
TX_004510,STORE_04,mall,CHK_013,16,0,0,regular,mobile,0,14,1,0,132,0,0,1,1,192,987,3,138.5,1.69,0,81.65,38.53,medium,WATCH
TX_004511,STORE_07,hyper,CHK_010,13,6,1,new,mobile,0,5,0,0,64,0,1,1,3,204,1063,1,71.3,2.67,0,38.65,14.72,low,OK
TX_004512,STORE_02,city,CHK_032,16,2,0,professional,mobile,0,10,1,0,107,0,2,1,0,205,994,3,108.2,1.37,0,64.1,28.81,low,OK
TX_004513,STORE_06,retail_park,CHK_014,20,5,1,new,card,1,11,0,0,123,0,1,0,2,213,1000,0,123.6,0.97,0,68.39999999999999,31.19,low,OK
TX_004514,STORE_04,mall,CHK_039,9,3,0,regular,card,1,11,1,0,107,0,0,0,1,195,987,2,104.1,0.05,0,62.65,28.01,low,OK
TX_004515,STORE_03,mall,CHK_003,18,0,0,professional,mobile,0,11,0,1,163,1,2,1,1,195,994,5,174.9,87.43,1,102.05,49.82,medium,OPEN_SUPPORT
TX_004516,STORE_04,mall,CHK_003,13,5,1,regular,card,0,20,2,0,241,0,0,0,1,195,987,5,201.2,14.9,0,120.6,60.09,high,MONITOR_QUEUE
TX_004517,STORE_05,retail_park,CHK_030,10,1,0,regular,card,0,2,1,0,39,0,0,0,2,197,993,3,39.3,0.09,0,24.849999999999998,7.09,low,OK
TX_004518,STORE_05,retail_park,CHK_022,19,5,1,regular,gift_card,0,5,1,1,137,0,0,2,2,223,993,7,128.0,12.38,0,79.0,37.06,medium,WATCH
TX_004519,STORE_04,mall,CHK_016,13,0,0,regular,card,1,10,1,0,104,0,0,0,1,195,987,2,104.5,0.31,0,62.25,27.79,low,OK
TX_004520,STORE_02,city,CHK_004,9,0,0,regular,card,0,7,0,0,80,0,0,0,0,219,994,1,69.0,0.0,0,38.7,14.75,low,OK
TX_004521,STORE_02,city,CHK_012,12,2,0,professional,card,1,11,1,0,109,0,2,0,0,201,994,2,122.2,0.24,0,71.69999999999999,33.02,low,OK
TX_004522,STORE_03,mall,CHK_027,16,0,0,regular,mobile,0,5,1,0,52,0,0,1,1,200,994,3,59.0,0.11,0,36.5,13.53,low,OK
TX_004523,STORE_05,retail_park,CHK_015,12,3,0,regular,card,0,18,1,0,202,0,0,0,2,207,993,3,186.4,6.14,0,108.0,53.11,medium,WATCH
TX_004524,STORE_05,retail_park,CHK_026,16,6,1,new,card,1,9,0,0,82,0,1,0,2,183,993,0,93.7,0.0,0,52.25,22.25,low,OK
TX_004525,STORE_05,retail_park,CHK_036,17,6,1,regular,card,1,7,0,0,75,0,0,0,2,205,993,0,68.0,0.0,0,38.2,14.48,low,OK
TX_004526,STORE_07,hyper,CHK_018,20,2,0,regular,card,1,13,0,0,114,0,0,0,3,200,1063,0,130.3,0.76,0,72.95,33.71,low,OK
TX_004527,STORE_04,mall,CHK_038,8,2,0,regular,card,0,17,0,0,146,0,0,0,1,194,987,1,152.1,2.86,0,86.25,41.07,medium,WATCH
TX_004528,STORE_07,hyper,CHK_008,17,5,1,regular,card,0,17,0,0,127,0,0,0,3,173,1063,1,146.9,2.72,0,83.65,39.63,medium,WATCH
TX_004529,STORE_07,hyper,CHK_015,8,5,1,professional,card,0,17,1,0,196,0,2,0,3,207,1063,3,190.7,20.16,0,109.55,53.97,medium,WATCH
TX_004530,STORE_06,retail_park,CHK_001,13,6,1,regular,card,0,9,1,1,117,0,0,0,2,209,1000,7,137.5,34.11,0,86.15,41.02,medium,WATCH
TX_004531,STORE_06,retail_park,CHK_011,17,0,0,regular,card,0,12,1,1,129,0,0,0,2,179,1000,7,141.3,71.49,1,89.85000000000001,43.07,medium,OPEN_SUPPORT
TX_004532,STORE_06,retail_park,CHK_021,12,4,0,new,mobile,0,9,1,1,170,1,1,1,2,203,1000,7,163.8,95.43,1,99.30000000000001,48.3,medium,OPEN_SUPPORT
TX_004533,STORE_02,city,CHK_021,20,6,1,regular,mobile,1,6,0,0,72,0,0,1,0,203,994,0,73.1,0.0,0,40.15,15.55,low,OK
TX_004534,STORE_04,mall,CHK_002,8,2,0,professional,card,1,10,0,2,200,1,2,0,1,161,987,8,197.8,85.45,1,120.9,60.25,high,OPEN_SUPPORT
TX_004535,STORE_06,retail_park,CHK_028,12,6,1,new,card,0,11,1,0,129,0,1,0,2,218,1000,3,137.8,30.96,0,79.5,37.34,medium,WATCH
TX_004536,STORE_01,city,CHK_037,11,1,0,new,mobile,0,10,2,0,116,0,1,1,0,194,987,5,122.2,11.98,0,75.1,34.9,low,OK
TX_004537,STORE_01,city,CHK_030,17,3,0,regular,card,1,8,1,0,85,0,0,0,0,197,987,2,80.2,0.01,0,48.9,20.4,low,OK
TX_004538,STORE_07,hyper,CHK_036,18,3,0,regular,card,0,12,3,0,130,0,0,0,3,205,1063,7,146.8,27.6,0,92.60000000000001,44.59,medium,WATCH
TX_004539,STORE_04,mall,CHK_040,21,3,0,regular,card,1,1,0,0,23,0,0,0,1,193,987,0,24.2,0.03,0,12.7,0.36,low,OK
TX_004540,STORE_03,mall,CHK_016,11,4,0,new,card,0,6,2,0,79,0,1,0,1,195,994,5,95.0,7.95,0,59.1,26.04,low,OK
TX_004541,STORE_03,mall,CHK_031,12,1,0,regular,card,0,7,1,0,94,0,0,0,1,194,994,3,86.1,0.1,0,51.25,21.7,low,OK
TX_004542,STORE_07,hyper,CHK_038,8,6,1,new,card,1,6,1,0,68,0,1,0,3,194,1063,2,71.8,0.0,0,43.5,17.41,low,OK
TX_004543,STORE_05,retail_park,CHK_030,12,5,1,regular,mobile,0,12,1,0,112,0,0,1,2,197,993,3,124.1,0.83,0,73.25,33.88,low,OK
TX_004544,STORE_07,hyper,CHK_002,18,6,1,regular,card,0,13,1,0,138,0,0,0,3,161,1063,3,145.6,4.62,0,84.6,40.16,medium,WATCH
TX_004545,STORE_04,mall,CHK_027,20,1,0,professional,card,1,8,0,0,100,0,2,0,1,200,987,0,98.7,0.41,0,54.15,23.3,low,OK
TX_004546,STORE_07,hyper,CHK_004,8,4,0,regular,gift_card,1,11,1,0,124,0,0,2,3,219,1063,2,108.4,0.8,0,64.8,29.2,low,OK
TX_004547,STORE_03,mall,CHK_002,15,5,1,regular,card,1,6,1,0,69,0,0,0,1,161,994,2,67.3,0.0,0,41.25,16.16,low,OK
TX_004548,STORE_05,retail_park,CHK_034,10,6,1,new,card,0,9,1,0,101,0,1,0,2,189,993,3,105.5,3.07,0,62.15,27.73,low,OK
TX_004549,STORE_05,retail_park,CHK_022,14,1,0,regular,card,1,7,2,0,72,0,0,0,2,223,993,4,79.5,0.29,0,51.95,22.09,low,OK
TX_004550,STORE_07,hyper,CHK_021,18,5,1,regular,card,1,11,0,0,125,0,0,0,3,203,1063,0,117.7,0.65,0,65.45,29.56,low,OK
TX_004551,STORE_03,mall,CHK_029,14,6,1,regular,card,0,9,2,0,102,0,0,0,1,211,994,5,109.9,0.55,0,68.35000000000001,31.17,low,OK
TX_004552,STORE_08,hyper,CHK_017,12,0,0,regular,card,1,8,2,0,78,0,0,0,3,202,982,4,88.8,0.0,0,57.199999999999996,24.99,low,OK
TX_004553,STORE_06,retail_park,CHK_025,13,0,0,regular,card,0,7,0,0,90,0,0,0,2,213,1000,1,82.6,0.08,0,45.5,18.52,low,OK
TX_004554,STORE_01,city,CHK_018,14,2,0,regular,card,0,1,0,2,120,0,0,0,0,200,987,9,112.0,23.41,0,72.6,33.52,low,OK
TX_004555,STORE_03,mall,CHK_003,12,5,1,regular,mobile,1,8,0,0,89,0,0,1,1,195,994,0,82.7,0.0,0,46.15,18.88,low,OK
TX_004556,STORE_07,hyper,CHK_028,13,2,0,regular,mobile,1,10,2,1,157,0,0,1,3,218,1063,8,154.8,36.1,0,99.4,48.35,medium,WATCH
TX_004557,STORE_08,hyper,CHK_011,20,4,0,new,card,1,12,0,0,174,0,1,0,3,179,982,0,159.3,2.31,0,86.85000000000001,41.41,medium,WATCH
TX_004558,STORE_06,retail_park,CHK_023,10,1,0,regular,card,1,12,0,0,96,0,0,0,2,188,1000,0,104.1,0.17,0,59.25,26.13,low,OK
TX_004559,STORE_01,city,CHK_026,15,0,0,regular,card,1,9,3,0,96,0,0,0,0,183,987,6,100.3,0.53,0,67.55,30.72,low,OK
TX_004560,STORE_03,mall,CHK_015,11,4,0,professional,gift_card,0,6,0,0,71,0,2,2,1,207,994,1,74.9,1.2,0,41.050000000000004,16.05,low,OK
TX_004561,STORE_01,city,CHK_003,17,3,0,new,card,0,8,0,0,95,0,1,0,0,195,987,1,100.5,5.26,0,55.05,23.8,low,OK
TX_004562,STORE_07,hyper,CHK_021,19,6,1,regular,mobile,0,14,1,0,162,0,0,1,3,203,1063,3,158.6,5.47,0,91.7,44.09,medium,WATCH
TX_004563,STORE_01,city,CHK_039,20,1,0,new,card,1,9,2,0,143,0,1,0,0,195,987,4,131.7,1.99,0,79.25,37.2,medium,WATCH
TX_004564,STORE_06,retail_park,CHK_004,11,6,1,professional,card,1,11,1,0,129,0,2,0,2,219,1000,2,122.4,0.5,0,71.8,33.08,low,OK
TX_004565,STORE_07,hyper,CHK_033,8,2,0,new,mobile,0,12,4,0,134,1,1,1,3,192,1063,9,138.2,84.17,1,92.3,44.42,medium,OPEN_SUPPORT
TX_004566,STORE_05,retail_park,CHK_014,20,6,1,regular,card,0,8,1,0,92,0,0,0,2,213,993,3,95.5,0.4,0,56.55,24.63,low,OK
TX_004567,STORE_02,city,CHK_015,8,5,1,regular,card,1,4,1,0,56,0,0,0,0,207,994,2,53.4,0.0,0,33.1,11.65,low,OK
TX_004568,STORE_05,retail_park,CHK_012,17,3,0,regular,card,1,8,1,0,79,0,0,0,2,201,993,2,76.9,0.01,0,47.25,19.49,low,OK
TX_004569,STORE_06,retail_park,CHK_014,12,4,0,regular,card,1,12,1,0,112,0,0,0,2,213,1000,2,119.2,0.31,0,70.8,32.52,low,OK
TX_004570,STORE_02,city,CHK_029,12,1,0,regular,mobile,0,5,0,0,53,0,0,1,0,211,994,1,55.7,0.16,0,30.85,10.41,low,OK
TX_004571,STORE_06,retail_park,CHK_032,9,0,0,regular,mobile,1,17,0,0,119,0,0,1,2,205,1000,0,152.2,0.68,0,86.3,41.1,medium,WATCH
TX_004572,STORE_06,retail_park,CHK_029,16,3,0,professional,mobile,0,10,0,1,154,0,2,1,2,211,1000,5,156.2,63.87,1,92.1,44.31,medium,MONITOR_QUEUE
TX_004573,STORE_04,mall,CHK_038,13,0,0,professional,card,1,6,0,0,76,0,2,0,1,194,987,0,74.1,0.21,0,40.65,15.83,low,OK
TX_004574,STORE_05,retail_park,CHK_031,14,0,0,regular,card,1,13,0,0,112,0,0,0,2,194,993,0,121.3,0.2,0,68.45,31.22,low,OK
TX_004575,STORE_02,city,CHK_016,10,5,1,regular,card,1,1,1,0,29,0,0,0,0,195,994,2,29.1,0.0,0,19.150000000000002,3.93,low,OK
TX_004576,STORE_08,hyper,CHK_032,10,3,0,new,card,1,10,0,0,109,0,1,0,3,205,982,0,106.0,0.13,0,59.0,25.99,low,OK
TX_004577,STORE_05,retail_park,CHK_040,18,6,1,regular,card,0,11,1,1,185,1,0,0,2,193,993,7,182.2,87.28,1,109.69999999999999,54.05,medium,OPEN_SUPPORT
TX_004578,STORE_07,hyper,CHK_022,15,0,0,new,card,1,14,0,0,124,0,1,0,3,223,1063,0,132.9,3.08,0,74.85000000000001,34.76,low,OK
TX_004579,STORE_07,hyper,CHK_035,15,3,0,new,card,1,9,2,0,100,0,1,0,3,218,1063,4,110.3,0.6,0,68.55,31.28,low,OK
TX_004580,STORE_04,mall,CHK_022,17,3,0,regular,card,1,8,0,0,79,0,0,0,1,223,987,0,73.8,0.01,0,41.699999999999996,16.41,low,OK
TX_004581,STORE_02,city,CHK_013,12,5,1,regular,card,1,12,1,1,156,0,0,0,0,192,994,6,151.4,64.1,1,94.9,45.86,medium,MONITOR_QUEUE
TX_004582,STORE_08,hyper,CHK_001,14,6,1,regular,card,1,13,1,0,110,0,0,0,3,209,982,2,125.0,0.42,0,74.3,34.46,low,OK
TX_004583,STORE_05,retail_park,CHK_034,18,1,0,regular,card,1,1,0,0,30,0,0,0,2,189,993,0,28.0,0.01,0,14.6,1.41,low,OK
TX_004584,STORE_03,mall,CHK_026,12,4,0,professional,mobile,0,6,1,0,94,0,2,1,1,183,994,3,89.3,1.76,0,52.25,22.25,low,OK
TX_004585,STORE_08,hyper,CHK_032,16,6,1,regular,card,1,15,1,0,142,0,0,0,3,205,982,2,139.7,0.14,0,82.85,39.19,medium,WATCH
TX_004586,STORE_07,hyper,CHK_034,21,2,0,regular,gift_card,1,12,0,0,111,0,0,2,3,189,1063,0,109.5,0.8,0,61.95,27.62,low,OK
TX_004587,STORE_02,city,CHK_001,12,6,1,regular,card,1,15,0,0,114,0,0,0,0,209,994,0,129.2,0.92,0,73.6,34.07,low,OK
TX_004588,STORE_06,retail_park,CHK_021,13,1,0,new,mobile,1,9,2,0,102,0,1,1,2,203,1000,4,116.3,0.56,0,71.55000000000001,32.94,low,OK
TX_004589,STORE_01,city,CHK_004,19,6,1,regular,card,1,15,3,0,146,0,0,0,0,219,987,6,157.9,26.14,0,99.95,48.66,medium,WATCH
TX_004590,STORE_05,retail_park,CHK_031,10,4,0,regular,card,0,4,0,0,45,0,0,0,2,194,993,1,46.5,0.08,0,25.65,7.53,low,OK
TX_004591,STORE_08,hyper,CHK_028,17,0,0,regular,card,0,16,0,0,125,0,0,0,3,218,982,1,133.0,2.01,0,76.1,35.46,medium,WATCH
TX_004592,STORE_02,city,CHK_025,14,6,1,regular,card,1,6,0,0,60,0,0,0,0,213,994,0,67.4,0.0,0,37.300000000000004,13.98,low,OK
TX_004593,STORE_08,hyper,CHK_016,19,1,0,regular,card,1,13,0,0,152,0,0,0,3,195,982,0,137.4,0.52,0,76.5,35.68,medium,WATCH
TX_004594,STORE_04,mall,CHK_039,10,2,0,regular,gift_card,1,6,1,1,112,0,0,2,1,195,987,6,116.0,6.13,0,73.6,34.07,low,OK
TX_004595,STORE_03,mall,CHK_036,17,4,0,new,card,0,5,3,0,80,1,1,0,1,205,994,7,83.9,84.33,1,56.95,24.85,low,OPEN_SUPPORT
TX_004596,STORE_01,city,CHK_025,21,4,0,regular,card,0,12,3,1,167,1,0,0,0,213,987,11,162.4,85.0,1,108.4,53.34,medium,OPEN_SUPPORT
TX_004597,STORE_01,city,CHK_036,21,1,0,regular,card,1,4,1,0,48,0,0,0,0,205,987,2,49.8,0.03,0,31.299999999999997,10.66,low,OK
TX_004598,STORE_05,retail_park,CHK_004,8,4,0,new,mobile,1,11,1,0,124,0,1,1,2,219,993,2,117.7,0.76,0,69.45,31.77,low,OK
TX_004599,STORE_06,retail_park,CHK_027,18,1,0,regular,card,1,12,1,0,141,0,0,0,2,200,1000,2,132.7,0.7,0,77.55,36.26,medium,WATCH
TX_004600,STORE_07,hyper,CHK_015,10,0,0,regular,card,1,15,1,0,110,0,0,0,3,207,1063,2,122.3,0.31,0,74.15,34.38,low,OK
TX_004601,STORE_05,retail_park,CHK_024,17,5,1,regular,mobile,1,7,1,2,157,0,0,1,2,217,993,10,156.5,43.99,0,102.45,50.04,medium,WATCH
TX_004602,STORE_01,city,CHK_019,9,2,0,regular,gift_card,0,3,1,1,100,0,0,2,0,187,987,7,98.8,9.42,0,63.199999999999996,28.31,low,OK
TX_004603,STORE_03,mall,CHK_035,13,0,0,new,card,1,14,0,2,284,1,1,0,1,218,994,8,271.3,95.38,1,160.05,81.93,critical,OPEN_SUPPORT
TX_004604,STORE_01,city,CHK_032,15,4,0,professional,card,1,3,0,0,41,0,2,0,0,205,987,0,43.8,0.16,0,23.7,6.45,low,OK
TX_004605,STORE_06,retail_park,CHK_019,11,0,0,new,card,0,12,2,0,129,0,1,0,2,187,1000,5,150.1,60.67,1,90.25,43.29,medium,MONITOR_QUEUE
TX_004606,STORE_02,city,CHK_035,21,4,0,regular,card,0,6,1,0,62,0,0,0,0,218,994,3,69.1,0.21,0,42.15,16.66,low,OK
TX_004607,STORE_08,hyper,CHK_038,14,2,0,professional,card,1,14,1,1,219,1,2,0,3,194,982,6,210.7,96.85,1,125.75,62.94,high,OPEN_SUPPORT
TX_004608,STORE_03,mall,CHK_023,19,0,0,regular,card,0,6,0,0,80,0,0,0,1,188,994,1,78.5,0.27,0,42.85,17.05,low,OK
TX_004609,STORE_08,hyper,CHK_039,14,5,1,regular,card,1,17,1,1,217,1,0,0,3,195,982,6,202.0,92.37,1,123.2,61.53,high,OPEN_SUPPORT
TX_004610,STORE_01,city,CHK_022,13,6,1,regular,card,0,10,0,0,112,0,0,0,0,223,987,1,104.3,0.17,0,58.15,25.52,low,OK
TX_004611,STORE_08,hyper,CHK_007,20,2,0,regular,card,1,12,2,0,130,0,0,0,3,217,982,4,131.9,1.29,0,81.15,38.25,medium,WATCH
TX_004612,STORE_08,hyper,CHK_040,12,2,0,regular,mobile,0,13,0,1,205,1,0,1,3,193,982,5,184.5,87.61,1,108.05,53.14,medium,OPEN_SUPPORT
TX_004613,STORE_01,city,CHK_031,21,3,0,regular,mobile,1,14,0,0,131,0,0,1,0,194,987,0,129.3,0.31,0,73.05000000000001,33.77,low,OK
TX_004614,STORE_03,mall,CHK_007,20,0,0,regular,card,0,4,0,1,106,0,0,0,1,217,994,5,103.5,9.52,0,62.15,27.73,low,OK
TX_004615,STORE_06,retail_park,CHK_016,11,0,0,regular,card,0,11,1,1,126,0,0,0,2,195,1000,7,134.1,57.74,1,85.64999999999999,40.74,medium,MONITOR_QUEUE
TX_004616,STORE_01,city,CHK_015,11,5,1,new,card,1,11,0,0,109,0,1,0,0,207,987,0,116.9,1.22,0,65.05,29.34,low,OK
TX_004617,STORE_07,hyper,CHK_039,16,4,0,new,mobile,1,10,3,1,161,1,1,1,3,195,1063,10,160.0,89.34,1,106.0,52.01,medium,OPEN_SUPPORT
TX_004618,STORE_05,retail_park,CHK_005,20,1,0,regular,card,0,8,1,0,105,0,0,0,2,205,993,3,97.0,0.14,0,57.3,25.05,low,OK
TX_004619,STORE_08,hyper,CHK_031,12,0,0,regular,mobile,1,7,2,0,92,0,0,1,3,194,982,4,83.6,0.0,0,54.0,23.22,low,OK
TX_004620,STORE_02,city,CHK_008,13,1,0,regular,card,0,6,0,0,68,0,0,0,0,173,994,1,68.2,0.09,0,37.7,14.2,low,OK
TX_004621,STORE_03,mall,CHK_037,15,6,1,new,card,0,7,0,0,92,0,1,0,1,194,994,1,85.3,3.58,0,46.85,19.26,low,OK
TX_004622,STORE_01,city,CHK_015,19,4,0,regular,mobile,0,4,0,1,103,0,0,1,0,207,987,5,100.4,13.09,0,60.6,26.88,low,OK
TX_004623,STORE_04,mall,CHK_019,14,3,0,regular,gift_card,0,5,0,0,71,0,0,2,1,187,987,1,66.5,0.1,0,36.25,13.4,low,OK
TX_004624,STORE_05,retail_park,CHK_005,15,2,0,regular,mobile,1,11,2,0,118,0,0,1,2,205,993,4,118.6,1.9,0,73.89999999999999,34.24,low,OK
TX_004625,STORE_07,hyper,CHK_001,12,6,1,professional,card,0,18,0,0,228,0,2,0,3,209,1063,1,211.9,21.3,0,116.75,57.96,high,MONITOR_QUEUE
TX_004626,STORE_02,city,CHK_012,16,0,0,regular,mobile,1,8,2,0,86,0,0,1,0,201,994,4,86.1,0.07,0,55.849999999999994,24.25,low,OK
TX_004627,STORE_02,city,CHK_018,14,1,0,regular,card,0,7,0,0,77,0,0,0,0,200,994,1,82.9,0.21,0,45.650000000000006,18.6,low,OK
TX_004628,STORE_04,mall,CHK_007,10,0,0,regular,card,0,15,1,0,165,0,0,0,1,217,987,3,160.6,4.01,0,93.3,44.98,medium,WATCH
TX_004629,STORE_07,hyper,CHK_029,12,2,0,professional,card,0,19,1,1,265,1,2,0,3,211,1063,7,253.9,96.09,1,150.35,76.56,critical,OPEN_SUPPORT
TX_004630,STORE_02,city,CHK_017,15,6,1,regular,card,0,6,1,2,120,0,0,0,0,202,994,11,161.7,74.56,1,104.44999999999999,51.15,medium,OPEN_SUPPORT
TX_004631,STORE_07,hyper,CHK_029,16,0,0,new,card,1,18,2,1,232,1,1,0,3,211,1063,8,231.7,96.8,1,142.65,72.29,high,OPEN_SUPPORT
TX_004632,STORE_08,hyper,CHK_034,19,1,0,regular,card,1,11,1,0,105,0,0,0,3,189,982,2,118.6,0.18,0,69.89999999999999,32.02,low,OK
TX_004633,STORE_04,mall,CHK_019,8,5,1,regular,mobile,0,8,0,0,79,0,0,1,1,187,987,1,82.5,0.0,0,46.05,18.82,low,OK
TX_004634,STORE_01,city,CHK_031,17,1,0,regular,card,0,1,0,0,26,0,0,0,0,194,987,1,26.2,0.26,0,13.7,0.91,low,OK
TX_004635,STORE_08,hyper,CHK_039,14,1,0,new,card,1,8,1,0,108,0,1,0,3,195,982,2,102.7,1.02,0,60.15,26.63,low,OK
TX_004636,STORE_03,mall,CHK_039,13,0,0,regular,card,1,8,2,0,83,0,0,0,1,195,994,4,91.8,0.16,0,58.699999999999996,25.82,low,OK
TX_004637,STORE_03,mall,CHK_037,13,6,1,new,card,1,5,0,0,64,0,1,0,1,194,994,0,68.1,0.15,0,37.05,13.84,low,OK
TX_004638,STORE_03,mall,CHK_002,13,1,0,regular,mobile,1,3,0,0,44,0,0,1,1,161,994,0,43.8,0.01,0,23.7,6.45,low,OK
TX_004639,STORE_05,retail_park,CHK_038,15,2,0,regular,mobile,0,8,1,3,201,1,0,1,2,194,993,15,199.1,90.13,1,132.35,66.59,high,OPEN_SUPPORT
TX_004640,STORE_03,mall,CHK_012,19,1,0,regular,card,0,6,0,0,78,0,0,0,1,201,994,1,76.9,0.3,0,42.050000000000004,16.61,low,OK
TX_004641,STORE_05,retail_park,CHK_015,14,3,0,regular,card,0,8,1,1,141,0,0,0,2,207,993,7,135.7,20.7,0,84.64999999999999,40.19,medium,WATCH
TX_004642,STORE_07,hyper,CHK_032,16,3,0,regular,card,0,8,0,1,133,0,0,0,3,205,1063,5,132.7,19.07,0,79.14999999999999,37.14,medium,WATCH
TX_004643,STORE_04,mall,CHK_017,14,2,0,new,card,1,15,1,0,191,0,1,0,1,202,987,2,176.8,6.66,0,101.4,49.46,medium,WATCH
TX_004644,STORE_03,mall,CHK_015,14,4,0,regular,mobile,1,4,1,0,58,0,0,1,1,207,994,2,56.3,0.0,0,34.55,12.46,low,OK
TX_004645,STORE_08,hyper,CHK_025,12,0,0,regular,card,0,9,0,0,112,0,0,0,3,213,982,1,107.4,0.0,0,59.1,26.04,low,OK
TX_004646,STORE_07,hyper,CHK_007,19,4,0,regular,card,1,8,0,0,80,0,0,0,3,217,1063,0,92.3,0.0,0,50.949999999999996,21.53,low,OK
TX_004647,STORE_01,city,CHK_038,20,4,0,regular,card,0,9,0,0,93,0,0,0,0,194,987,1,102.5,0.42,0,56.65,24.69,low,OK
TX_004648,STORE_01,city,CHK_012,8,0,0,regular,card,1,7,0,0,56,0,0,0,0,201,987,0,62.3,0.0,0,35.35,12.9,low,OK
TX_004649,STORE_06,retail_park,CHK_022,13,4,0,regular,card,1,4,1,0,53,0,0,0,2,223,1000,2,55.9,0.0,0,34.35,12.34,low,OK
TX_004650,STORE_04,mall,CHK_029,14,3,0,new,mobile,0,9,0,0,97,0,1,1,1,211,987,1,118.1,3.14,0,64.45,29.01,low,OK
TX_004651,STORE_05,retail_park,CHK_020,15,3,0,new,card,1,11,1,0,104,0,1,0,2,175,993,2,115.0,1.82,0,68.1,31.03,low,OK
TX_004652,STORE_04,mall,CHK_005,16,5,1,regular,card,1,10,2,1,143,0,0,0,1,205,987,8,137.7,61.61,1,90.85,43.62,medium,MONITOR_QUEUE
TX_004653,STORE_08,hyper,CHK_018,8,4,0,regular,card,1,14,0,0,130,0,0,0,3,200,982,0,123.8,0.0,0,70.3,32.24,low,OK
TX_004654,STORE_05,retail_park,CHK_023,10,5,1,regular,card,0,3,1,0,46,0,0,0,2,188,993,3,48.6,0.0,0,30.1,9.99,low,OK
TX_004655,STORE_02,city,CHK_001,15,6,1,new,card,0,6,1,2,176,1,1,0,0,209,994,11,166.9,94.71,1,107.05,52.59,medium,OPEN_SUPPORT
TX_004656,STORE_08,hyper,CHK_015,19,1,0,regular,card,1,18,1,2,261,1,0,0,3,207,982,10,254.9,95.72,1,158.25,80.93,critical,OPEN_SUPPORT
TX_004657,STORE_01,city,CHK_007,16,4,0,regular,card,1,5,1,0,56,0,0,0,0,217,987,2,57.6,0.03,0,35.8,13.15,low,OK
TX_004658,STORE_04,mall,CHK_026,18,1,0,new,card,0,13,0,0,145,0,1,0,1,183,987,1,181.5,61.1,1,98.55,47.88,medium,MONITOR_QUEUE
TX_004659,STORE_08,hyper,CHK_032,9,3,0,professional,card,1,10,1,1,146,0,2,0,3,205,982,6,146.9,32.48,0,91.45,43.95,medium,WATCH
TX_004660,STORE_07,hyper,CHK_031,17,2,0,regular,card,1,9,1,0,74,0,0,0,3,194,1063,2,80.9,0.01,0,49.85,20.92,low,OK
TX_004661,STORE_06,retail_park,CHK_017,21,4,0,new,card,0,7,4,0,117,1,1,0,2,202,1000,9,122.7,58.67,1,81.55,38.47,medium,MONITOR_QUEUE
TX_004662,STORE_01,city,CHK_028,13,4,0,regular,card,0,3,0,0,43,0,0,0,0,218,987,1,43.2,0.25,0,23.400000000000002,6.28,low,OK
TX_004663,STORE_04,mall,CHK_039,19,0,0,new,card,0,8,0,0,120,0,1,0,1,195,987,1,114.4,3.93,0,62.0,27.65,low,OK
TX_004664,STORE_02,city,CHK_022,16,5,1,regular,card,0,3,0,0,40,0,0,0,0,223,994,1,43.3,0.03,0,23.45,6.31,low,OK
TX_004665,STORE_01,city,CHK_019,21,0,0,regular,card,0,6,0,1,120,0,0,0,0,187,987,5,113.0,10.57,0,68.1,31.03,low,OK
TX_004666,STORE_05,retail_park,CHK_031,21,3,0,regular,card,0,1,1,1,65,0,0,0,2,194,993,7,65.9,13.18,0,45.550000000000004,18.54,low,OK
TX_004667,STORE_07,hyper,CHK_020,18,0,0,new,card,0,11,2,0,173,1,1,0,3,175,1063,5,163.7,70.22,1,96.44999999999999,46.72,medium,OPEN_SUPPORT
TX_004668,STORE_04,mall,CHK_028,20,4,0,regular,card,0,16,0,0,209,0,0,0,1,218,987,1,161.7,2.68,0,90.44999999999999,43.4,medium,WATCH
TX_004669,STORE_03,mall,CHK_023,19,5,1,regular,card,1,12,0,0,138,0,0,0,1,188,994,0,127.9,0.5,0,71.15,32.72,low,OK
TX_004670,STORE_06,retail_park,CHK_006,16,3,0,regular,card,1,10,2,0,113,0,0,0,2,223,1000,4,97.8,1.33,0,62.9,28.15,low,OK
TX_004671,STORE_01,city,CHK_025,8,3,0,regular,card,0,7,1,0,71,0,0,0,0,213,987,3,75.2,0.07,0,45.800000000000004,18.68,low,OK
TX_004672,STORE_06,retail_park,CHK_025,13,3,0,regular,card,1,3,1,0,56,0,0,0,2,213,1000,2,47.7,0.13,0,29.650000000000002,9.74,low,OK
TX_004673,STORE_01,city,CHK_004,20,2,0,new,card,1,12,2,0,195,0,1,0,0,219,987,4,153.2,7.43,0,91.8,44.15,medium,WATCH
TX_004674,STORE_06,retail_park,CHK_025,20,5,1,new,mobile,1,9,0,1,141,0,1,1,2,213,1000,4,148.8,32.86,0,87.80000000000001,41.93,medium,WATCH
TX_004675,STORE_08,hyper,CHK_027,18,5,1,regular,card,1,10,1,0,129,0,0,0,3,200,982,2,113.0,0.31,0,66.5,30.14,low,OK
TX_004676,STORE_08,hyper,CHK_001,17,5,1,regular,card,1,18,1,0,136,0,0,0,3,209,982,2,146.8,0.4,0,88.2,42.15,medium,WATCH
TX_004677,STORE_07,hyper,CHK_033,10,1,0,regular,card,0,14,0,0,138,0,0,0,3,192,1063,1,126.4,5.61,0,71.60000000000001,32.96,low,OK
TX_004678,STORE_02,city,CHK_022,17,0,0,regular,mobile,1,10,2,0,93,0,0,1,0,223,994,4,93.8,1.36,0,60.9,27.04,low,OK
TX_004679,STORE_02,city,CHK_040,13,4,0,regular,mobile,1,16,2,0,154,0,0,1,0,193,994,4,150.0,2.95,0,92.6,44.59,medium,WATCH
TX_004680,STORE_08,hyper,CHK_015,17,4,0,new,card,0,5,2,0,77,0,1,0,3,207,982,5,78.5,8.26,0,50.25,21.15,low,OK
TX_004681,STORE_03,mall,CHK_034,9,3,0,regular,card,1,11,1,0,105,0,0,0,1,189,994,2,104.8,0.05,0,63.0,28.2,low,OK
TX_004682,STORE_08,hyper,CHK_037,19,5,1,new,card,0,16,1,0,259,1,1,0,3,194,982,3,230.8,86.75,1,129.0,64.74,high,OPEN_SUPPORT
TX_004683,STORE_06,retail_park,CHK_024,14,1,0,regular,card,1,11,2,1,183,1,0,0,2,217,1000,8,172.1,82.73,1,108.64999999999999,53.47,medium,OPEN_SUPPORT
TX_004684,STORE_01,city,CHK_015,8,6,1,regular,card,0,9,0,0,77,0,0,0,0,207,987,1,87.2,0.0,0,49.0,20.45,low,OK
TX_004685,STORE_01,city,CHK_003,16,5,1,new,mobile,0,17,1,1,237,1,1,1,0,195,987,7,226.2,96.76,1,135.29999999999998,68.23,high,OPEN_SUPPORT
TX_004686,STORE_04,mall,CHK_002,17,0,0,regular,mobile,1,15,2,1,186,1,0,1,1,161,987,8,184.2,85.86,1,117.1,58.15,high,OPEN_SUPPORT
TX_004687,STORE_07,hyper,CHK_039,18,6,1,regular,card,0,5,0,0,81,0,0,0,3,195,1063,1,71.1,0.06,0,38.55,14.67,low,OK
TX_004688,STORE_05,retail_park,CHK_017,20,2,0,regular,card,1,13,2,0,160,0,0,0,2,202,993,4,154.6,2.78,0,93.1,44.87,medium,WATCH
TX_004689,STORE_05,retail_park,CHK_034,10,0,0,new,card,1,3,3,0,57,0,1,0,2,189,993,6,59.5,1.2,0,43.55,17.44,low,OK
TX_004690,STORE_05,retail_park,CHK_037,12,1,0,regular,card,0,2,1,0,46,0,0,0,2,194,993,3,40.5,0.12,0,25.45,7.42,low,OK
TX_004691,STORE_05,retail_park,CHK_037,13,1,0,regular,card,0,2,1,0,41,0,0,0,2,194,993,3,42.3,0.13,0,26.349999999999998,7.92,low,OK
TX_004692,STORE_04,mall,CHK_009,9,6,1,new,card,1,3,2,0,62,0,1,0,1,211,987,4,61.9,0.41,0,40.75,15.89,low,OK
TX_004693,STORE_06,retail_park,CHK_031,11,2,0,new,card,1,6,0,0,60,0,1,0,2,194,1000,0,71.4,0.18,0,39.300000000000004,15.08,low,OK
TX_004694,STORE_02,city,CHK_018,9,4,0,professional,card,0,10,1,1,147,0,2,0,0,200,994,7,154.3,60.05,1,95.15,46.0,medium,MONITOR_QUEUE
TX_004695,STORE_03,mall,CHK_015,15,5,1,new,card,1,8,0,0,100,0,1,0,1,207,994,0,92.3,0.15,0,50.949999999999996,21.53,low,OK
TX_004696,STORE_08,hyper,CHK_026,18,3,0,new,card,1,22,1,0,313,0,1,0,3,183,982,2,202.1,5.89,0,118.25,58.79,high,MONITOR_QUEUE
TX_004697,STORE_07,hyper,CHK_025,14,3,0,regular,card,1,16,0,0,139,0,0,0,3,213,1063,0,139.9,0.0,0,79.55,37.37,medium,WATCH
TX_004698,STORE_06,retail_park,CHK_040,21,6,1,regular,mobile,1,9,0,0,72,0,0,1,2,193,1000,0,75.1,0.0,0,42.949999999999996,17.1,low,OK
TX_004699,STORE_08,hyper,CHK_010,16,1,0,regular,card,0,15,1,1,196,1,0,0,3,204,982,7,187.5,94.22,1,114.75,56.85,high,OPEN_SUPPORT
TX_004700,STORE_06,retail_park,CHK_020,21,2,0,regular,card,0,10,1,0,89,0,0,0,2,175,1000,3,90.5,0.6,0,55.25,23.91,low,OK
TX_004701,STORE_03,mall,CHK_029,21,5,1,professional,card,1,9,0,0,96,0,2,0,1,211,994,0,95.0,0.21,0,52.9,22.61,low,OK
TX_004702,STORE_06,retail_park,CHK_010,17,0,0,regular,card,1,16,1,0,139,0,0,0,2,204,1000,2,136.5,0.48,0,81.85,38.64,medium,WATCH
TX_004703,STORE_01,city,CHK_036,10,4,0,regular,gift_card,0,1,1,0,36,0,0,2,0,205,987,3,35.0,0.13,0,22.1,5.56,low,OK
TX_004704,STORE_03,mall,CHK_023,10,0,0,regular,card,0,14,1,1,170,1,0,0,1,188,994,7,173.3,86.44,1,107.05000000000001,52.59,medium,OPEN_SUPPORT
TX_004705,STORE_02,city,CHK_024,10,1,0,regular,card,1,4,2,0,61,0,0,0,0,217,994,4,59.8,0.28,0,40.3,15.64,low,OK
TX_004706,STORE_06,retail_park,CHK_009,10,4,0,new,card,1,5,0,0,68,0,1,0,2,211,1000,0,64.7,0.34,0,35.35,12.9,low,OK
TX_004707,STORE_03,mall,CHK_019,9,2,0,professional,card,0,3,0,0,50,0,2,0,1,187,994,1,49.2,0.7,0,26.400000000000002,7.94,low,OK
TX_004708,STORE_01,city,CHK_024,8,0,0,professional,mobile,1,5,1,1,106,0,2,1,0,217,987,6,109.5,5.41,0,69.75,31.94,low,OK
TX_004709,STORE_02,city,CHK_039,14,4,0,regular,card,1,12,0,0,117,0,0,0,0,195,994,0,117.2,0.05,0,65.8,29.75,low,OK
TX_004710,STORE_03,mall,CHK_003,11,2,0,regular,card,0,8,2,1,142,0,0,0,1,195,994,9,130.3,46.0,0,85.95,40.91,medium,WATCH
TX_004711,STORE_05,retail_park,CHK_021,14,1,0,new,mobile,1,6,0,1,133,0,1,1,2,203,993,4,117.1,11.58,0,70.14999999999999,32.16,low,OK
TX_004712,STORE_03,mall,CHK_017,13,6,1,new,card,1,4,1,0,65,0,1,0,1,202,994,2,67.4,0.41,0,40.1,15.53,low,OK
TX_004713,STORE_05,retail_park,CHK_022,16,6,1,professional,gift_card,1,16,0,0,147,0,2,2,2,223,993,0,153.9,1.8,0,86.55,41.24,medium,WATCH
TX_004714,STORE_03,mall,CHK_004,15,0,0,new,card,0,2,0,0,43,0,1,0,1,219,994,1,42.8,2.46,0,22.599999999999998,5.84,low,OK
TX_004715,STORE_05,retail_park,CHK_012,18,5,1,professional,card,0,4,1,0,81,0,2,0,2,201,993,3,74.1,2.72,0,43.449999999999996,17.38,low,OK
TX_004716,STORE_04,mall,CHK_036,9,2,0,regular,card,1,6,2,0,69,0,0,0,1,205,987,4,70.7,0.06,0,46.95,19.32,low,OK
TX_004717,STORE_06,retail_park,CHK_030,11,2,0,regular,card,0,8,1,0,73,0,0,0,2,197,1000,3,84.5,0.29,0,51.05,21.59,low,OK
TX_004718,STORE_08,hyper,CHK_032,14,1,0,new,card,1,11,0,0,112,0,1,0,3,205,982,0,131.6,1.56,0,72.39999999999999,33.41,low,OK
TX_004719,STORE_02,city,CHK_018,16,6,1,regular,mobile,0,1,0,0,24,0,0,1,0,200,994,1,25.8,0.1,0,13.5,0.8,low,OK
TX_004720,STORE_07,hyper,CHK_003,17,2,0,regular,card,1,13,0,1,151,0,0,0,3,195,1063,4,156.1,75.23,1,93.85,45.28,medium,OPEN_SUPPORT
TX_004721,STORE_03,mall,CHK_029,17,3,0,regular,card,0,8,0,0,66,0,0,0,1,211,994,1,74.0,0.08,0,41.8,16.47,low,OK
TX_004722,STORE_05,retail_park,CHK_003,17,4,0,professional,card,0,5,0,0,71,0,2,0,2,195,993,1,66.7,3.25,0,36.35,13.45,low,OK
TX_004723,STORE_07,hyper,CHK_010,17,6,1,regular,card,1,4,2,0,51,0,0,0,3,204,1063,4,55.7,0.11,0,38.25,14.5,low,OK
TX_004724,STORE_06,retail_park,CHK_028,16,0,0,regular,card,1,12,2,1,174,1,0,0,2,218,1000,8,167.1,88.01,1,106.75,52.42,medium,OPEN_SUPPORT
TX_004725,STORE_07,hyper,CHK_018,13,4,0,new,mobile,1,20,0,0,208,0,1,1,3,200,1063,0,198.8,3.01,0,111.4,55.0,high,MONITOR_QUEUE
TX_004726,STORE_03,mall,CHK_031,11,4,0,regular,mobile,0,7,0,1,109,0,0,1,1,194,994,5,113.9,14.25,0,69.15,31.61,low,OK
TX_004727,STORE_03,mall,CHK_030,20,5,1,regular,card,0,11,0,0,141,0,0,0,1,197,994,1,124.1,2.17,0,68.64999999999999,31.33,low,OK
TX_004728,STORE_04,mall,CHK_035,21,4,0,regular,card,0,14,0,0,138,0,0,0,1,218,987,1,136.5,2.7,0,76.65,35.76,medium,WATCH
TX_004729,STORE_08,hyper,CHK_011,10,5,1,regular,mobile,0,12,4,0,111,0,0,1,3,179,982,9,122.0,14.68,0,84.2,39.94,medium,WATCH
TX_004730,STORE_02,city,CHK_009,12,1,0,regular,mobile,0,1,0,0,26,0,0,1,0,211,994,1,27.2,0.16,0,14.2,1.19,low,OK
TX_004731,STORE_03,mall,CHK_039,15,3,0,regular,card,0,9,1,0,106,0,0,0,1,195,994,3,98.2,0.11,0,58.5,25.71,low,OK
TX_004732,STORE_07,hyper,CHK_032,12,0,0,regular,card,1,11,2,1,148,0,0,0,3,205,1063,8,148.1,61.9,1,96.64999999999999,46.83,medium,MONITOR_QUEUE
TX_004733,STORE_04,mall,CHK_036,19,6,1,regular,mobile,1,5,1,0,62,0,0,1,1,205,987,2,66.1,0.0,0,40.05,15.5,low,OK
TX_004734,STORE_01,city,CHK_040,11,6,1,professional,mobile,0,4,1,0,62,0,2,1,0,193,987,3,62.9,0.81,0,37.85,14.28,low,OK
TX_004735,STORE_06,retail_park,CHK_031,16,3,0,regular,mobile,1,2,4,0,52,0,0,1,2,194,1000,8,54.7,1.86,0,44.550000000000004,17.99,low,OK
TX_004736,STORE_05,retail_park,CHK_032,16,2,0,regular,card,0,8,0,0,74,0,0,0,2,205,993,1,76.4,0.34,0,43.0,17.13,low,OK
TX_004737,STORE_08,hyper,CHK_031,21,0,0,regular,card,0,10,0,1,137,0,0,0,3,194,982,5,137.6,45.65,0,82.8,39.16,medium,WATCH
TX_004738,STORE_05,retail_park,CHK_031,11,5,1,regular,gift_card,0,13,0,0,111,0,0,2,2,194,993,1,117.9,1.81,0,66.75,30.28,low,OK
TX_004739,STORE_01,city,CHK_003,10,3,0,new,card,0,3,1,0,54,0,1,0,0,195,987,3,53.1,3.02,0,32.35,11.24,low,OK
TX_004740,STORE_04,mall,CHK_011,20,5,1,regular,mobile,1,7,0,0,70,0,0,1,1,179,987,0,79.9,0.0,0,44.150000000000006,17.77,low,OK
TX_004741,STORE_07,hyper,CHK_021,20,4,0,new,card,1,10,0,0,117,0,1,0,3,203,1063,0,121.8,0.95,0,66.9,30.36,low,OK
TX_004742,STORE_04,mall,CHK_036,13,5,1,regular,card,1,9,3,0,116,0,0,0,1,205,987,6,111.7,0.24,0,73.25,33.88,low,OK
TX_004743,STORE_01,city,CHK_035,10,5,1,regular,card,0,9,1,0,88,0,0,0,0,218,987,3,92.4,0.04,0,55.6,24.11,low,OK
TX_004744,STORE_08,hyper,CHK_040,16,6,1,regular,card,0,15,1,1,153,0,0,0,3,193,982,7,182.6,91.81,1,112.3,55.49,high,OPEN_SUPPORT
TX_004745,STORE_05,retail_park,CHK_022,13,4,0,regular,card,1,5,2,0,75,0,0,0,2,223,993,4,70.7,0.06,0,46.35,18.99,low,OK
TX_004746,STORE_08,hyper,CHK_015,14,1,0,regular,card,1,10,1,1,127,0,0,0,3,207,982,6,134.7,55.39,1,85.35,40.58,medium,MONITOR_QUEUE
TX_004747,STORE_03,mall,CHK_023,14,6,1,regular,card,0,14,0,0,172,0,0,0,1,188,994,1,159.7,3.6,0,88.25,42.18,medium,WATCH
TX_004748,STORE_01,city,CHK_031,13,5,1,new,card,1,15,0,1,215,1,1,0,0,194,987,4,202.8,92.78,1,118.4,58.87,high,OPEN_SUPPORT
TX_004749,STORE_07,hyper,CHK_033,16,0,0,regular,card,1,14,0,1,154,0,0,0,3,192,1063,4,162.9,74.5,1,97.85000000000001,47.5,medium,OPEN_SUPPORT
TX_004750,STORE_04,mall,CHK_015,10,0,0,regular,card,0,1,2,0,41,0,0,0,1,207,987,5,39.6,0.03,0,28.400000000000002,9.05,low,OK
TX_004751,STORE_06,retail_park,CHK_040,15,4,0,regular,gift_card,1,10,1,0,94,0,0,2,2,193,1000,2,91.9,0.22,0,55.95,24.3,low,OK
TX_004752,STORE_07,hyper,CHK_021,9,2,0,regular,card,0,7,1,0,82,0,0,0,3,203,1063,3,78.6,0.25,0,47.5,19.62,low,OK
TX_004753,STORE_05,retail_park,CHK_001,20,6,1,professional,card,1,5,1,0,82,0,2,0,2,209,993,2,80.5,0.2,0,47.25,19.49,low,OK
TX_004754,STORE_07,hyper,CHK_010,11,0,0,new,card,0,18,1,0,190,1,1,0,3,204,1063,3,197.5,79.9,1,113.55,56.19,high,OPEN_SUPPORT
TX_004755,STORE_05,retail_park,CHK_018,10,1,0,regular,card,0,1,2,0,36,0,0,0,2,200,993,5,36.3,0.13,0,26.75,8.14,low,OK
TX_004756,STORE_07,hyper,CHK_038,16,2,0,regular,card,0,19,0,0,186,0,0,0,3,194,1063,1,174.0,3.48,0,98.4,47.8,medium,WATCH
TX_004757,STORE_04,mall,CHK_038,21,5,1,new,card,1,6,1,1,122,0,1,0,1,194,987,6,127.5,19.03,0,79.35,37.25,medium,WATCH
TX_004758,STORE_04,mall,CHK_012,8,1,0,professional,mobile,1,6,0,0,62,0,2,1,1,201,987,0,67.3,0.0,0,37.25,13.95,low,OK
TX_004759,STORE_05,retail_park,CHK_010,17,1,0,regular,mobile,0,7,0,1,109,0,0,1,2,204,993,5,116.3,14.09,0,70.35000000000001,32.27,low,OK
TX_004760,STORE_06,retail_park,CHK_012,15,0,0,regular,card,1,6,1,0,59,0,0,0,2,201,1000,2,65.5,0.01,0,40.35,15.67,low,OK
TX_004761,STORE_05,retail_park,CHK_016,21,2,0,professional,card,0,9,3,0,128,0,2,0,2,195,993,7,125.5,24.09,0,80.15,37.7,medium,WATCH
TX_004762,STORE_06,retail_park,CHK_008,8,2,0,regular,card,1,6,2,0,69,0,0,0,2,173,1000,4,71.0,0.0,0,47.1,19.4,low,OK
TX_004763,STORE_03,mall,CHK_024,13,2,0,new,card,0,6,2,0,113,0,1,0,1,217,994,5,101.7,4.64,0,62.45,27.9,low,OK
TX_004764,STORE_02,city,CHK_038,11,4,0,professional,card,1,15,3,0,175,1,2,0,0,194,994,6,164.6,83.3,1,103.3,50.51,medium,OPEN_SUPPORT
TX_004765,STORE_01,city,CHK_035,9,4,0,regular,card,1,8,0,0,69,0,0,0,0,218,987,0,72.8,0.0,0,41.199999999999996,16.14,low,OK
TX_004766,STORE_07,hyper,CHK_033,9,1,0,regular,card,1,12,0,1,177,1,0,0,3,192,1063,4,165.7,80.83,1,98.05,47.61,medium,OPEN_SUPPORT
TX_004767,STORE_04,mall,CHK_035,15,5,1,regular,card,0,10,1,0,96,0,0,0,1,218,987,3,98.5,0.97,0,59.25,26.13,low,OK
TX_004768,STORE_03,mall,CHK_006,21,6,1,new,card,0,9,1,0,118,0,1,0,1,223,994,3,106.7,6.37,0,62.75,28.07,low,OK
TX_004769,STORE_03,mall,CHK_014,19,4,0,regular,gift_card,0,13,0,0,175,0,0,2,1,213,994,1,162.2,2.57,0,88.89999999999999,42.54,medium,WATCH
TX_004770,STORE_04,mall,CHK_033,13,4,0,regular,card,1,7,1,0,74,0,0,0,1,192,987,2,82.8,0.0,0,49.6,20.79,low,OK
TX_004771,STORE_03,mall,CHK_021,21,2,0,regular,mobile,1,9,1,0,70,0,0,1,1,203,994,2,77.6,0.03,0,48.199999999999996,20.01,low,OK
TX_004772,STORE_03,mall,CHK_003,13,3,0,regular,card,1,9,1,0,81,0,0,0,1,195,994,2,92.5,0.01,0,55.65,24.14,low,OK
TX_004773,STORE_06,retail_park,CHK_007,14,2,0,regular,card,1,10,0,0,113,0,0,0,2,217,1000,0,101.9,0.5,0,56.95,24.85,low,OK
TX_004774,STORE_07,hyper,CHK_037,20,2,0,regular,card,0,12,1,0,140,0,0,0,3,194,1063,3,144.5,3.63,0,83.45,39.52,medium,WATCH
TX_004775,STORE_05,retail_park,CHK_013,15,2,0,regular,card,1,4,1,3,184,1,0,0,2,192,993,14,162.3,54.68,1,111.55000000000001,55.08,high,MONITOR_QUEUE
TX_004776,STORE_06,retail_park,CHK_007,21,1,0,new,gift_card,0,5,1,0,79,0,1,2,2,217,1000,3,74.0,3.38,0,44.0,17.69,low,OK
TX_004777,STORE_06,retail_park,CHK_022,16,6,1,new,card,1,5,0,0,71,0,1,0,2,223,1000,0,68.6,0.15,0,37.3,13.98,low,OK
TX_004778,STORE_04,mall,CHK_011,17,4,0,regular,card,0,4,0,0,45,0,0,0,1,179,987,1,46.8,0.35,0,25.799999999999997,7.61,low,OK
TX_004779,STORE_05,retail_park,CHK_031,13,3,0,regular,card,0,11,1,0,140,0,0,0,2,194,993,3,129.2,1.98,0,75.19999999999999,34.96,low,OK
TX_004780,STORE_03,mall,CHK_002,19,2,0,regular,mobile,1,4,1,0,63,0,0,1,1,161,994,2,62.9,0.01,0,37.85,14.28,low,OK
TX_004781,STORE_08,hyper,CHK_038,16,4,0,regular,card,1,9,2,0,87,0,0,0,3,194,982,4,91.2,0.3,0,59.0,25.99,low,OK
TX_004782,STORE_06,retail_park,CHK_028,15,0,0,regular,gift_card,1,7,1,0,78,0,0,2,2,218,1000,2,77.3,0.13,0,46.85,19.26,low,OK
TX_004783,STORE_02,city,CHK_033,19,2,0,regular,card,1,3,4,2,174,1,0,0,0,192,994,16,163.9,88.85,1,115.75,57.4,high,OPEN_SUPPORT
TX_004784,STORE_04,mall,CHK_025,14,1,0,regular,mobile,0,7,0,0,87,0,0,1,1,213,987,1,81.8,0.41,0,45.1,18.3,low,OK
TX_004785,STORE_03,mall,CHK_040,9,0,0,regular,card,0,2,4,0,59,0,0,0,1,193,994,9,55.1,4.54,0,44.75,18.1,low,OK
TX_004786,STORE_01,city,CHK_037,18,0,0,new,mobile,1,7,0,1,136,0,1,1,0,194,987,4,138.6,8.58,0,81.5,38.44,medium,WATCH
TX_004787,STORE_05,retail_park,CHK_033,11,5,1,regular,card,1,1,0,0,23,0,0,0,2,192,993,0,24.7,0.0,0,12.95,0.5,low,OK
TX_004788,STORE_06,retail_park,CHK_005,11,4,0,regular,card,1,9,1,0,82,0,0,0,2,205,1000,2,84.4,0.0,0,51.6,21.89,low,OK
TX_004789,STORE_08,hyper,CHK_018,11,5,1,regular,card,1,13,0,0,116,0,0,0,3,200,982,0,112.8,0.05,0,64.2,28.87,low,OK
TX_004790,STORE_01,city,CHK_035,9,1,0,new,card,0,17,2,0,209,1,1,0,0,218,987,5,215.9,58.41,1,126.15,63.16,high,MONITOR_QUEUE
TX_004791,STORE_07,hyper,CHK_029,10,6,1,regular,card,0,15,0,0,138,0,0,0,3,211,1063,1,134.1,1.35,0,76.05,35.43,medium,WATCH
TX_004792,STORE_02,city,CHK_022,20,6,1,professional,card,1,6,3,0,108,0,2,0,0,223,994,6,102.8,3.07,0,67.0,30.42,low,OK
TX_004793,STORE_07,hyper,CHK_022,19,1,0,new,card,1,13,1,0,140,0,1,0,3,223,1063,2,153.7,4.62,0,88.64999999999999,42.4,medium,WATCH
TX_004794,STORE_05,retail_park,CHK_006,13,4,0,professional,card,1,15,5,0,204,1,2,0,2,223,993,10,153.8,54.32,1,105.9,51.95,medium,MONITOR_QUEUE
TX_004795,STORE_01,city,CHK_017,11,5,1,regular,mobile,1,1,1,1,56,0,0,1,0,202,987,6,72.6,6.43,0,48.9,20.4,low,OK
TX_004796,STORE_04,mall,CHK_007,8,3,0,regular,card,0,4,3,0,69,0,0,0,1,217,987,7,67.4,3.4,0,48.1,19.96,low,OK
TX_004797,STORE_01,city,CHK_023,17,6,1,regular,mobile,0,8,2,0,92,0,0,1,0,188,987,5,87.1,0.08,0,56.349999999999994,24.52,low,OK
TX_004798,STORE_02,city,CHK_018,20,3,0,regular,card,0,7,0,1,159,0,0,0,0,200,994,5,142.4,11.74,0,83.4,39.5,medium,WATCH
TX_004799,STORE_03,mall,CHK_010,14,6,1,new,gift_card,1,11,0,0,139,0,1,2,1,204,994,0,138.5,0.39,0,75.85,35.32,medium,WATCH
TX_004800,STORE_06,retail_park,CHK_022,11,0,0,professional,mobile,1,9,2,0,109,0,2,1,2,223,1000,4,111.8,1.09,0,69.3,31.69,low,OK
TX_004801,STORE_07,hyper,CHK_020,15,4,0,regular,card,0,11,1,0,122,0,0,0,3,175,1063,3,111.8,1.54,0,66.5,30.14,low,OK
TX_004802,STORE_02,city,CHK_040,17,5,1,regular,card,0,12,0,1,144,0,0,0,0,193,994,5,146.6,63.89,1,88.5,42.32,medium,MONITOR_QUEUE
TX_004803,STORE_01,city,CHK_005,16,6,1,regular,mobile,0,5,2,0,71,0,0,1,0,205,987,5,67.9,0.0,0,44.95,18.21,low,OK
TX_004804,STORE_01,city,CHK_030,20,2,0,professional,card,0,6,0,0,93,0,2,0,0,197,987,1,89.3,2.88,0,48.25,20.04,low,OK
TX_004805,STORE_06,retail_park,CHK_006,12,6,1,regular,card,0,12,0,0,151,0,0,0,2,223,1000,1,130.7,0.81,0,72.55,33.49,low,OK
TX_004806,STORE_04,mall,CHK_005,10,1,0,regular,gift_card,1,7,2,0,86,0,0,2,1,205,987,4,79.9,0.0,0,52.150000000000006,22.2,low,OK
TX_004807,STORE_02,city,CHK_002,13,6,1,professional,card,1,8,2,1,168,1,2,0,0,161,994,8,157.8,73.52,1,99.7,48.52,medium,OPEN_SUPPORT
TX_004808,STORE_02,city,CHK_037,9,5,1,regular,card,1,1,1,0,27,0,0,0,0,194,994,2,28.3,0.0,0,18.75,3.71,low,OK
TX_004809,STORE_08,hyper,CHK_030,10,1,0,new,card,1,15,0,0,135,0,1,0,3,197,982,0,142.6,2.37,0,80.3,37.78,medium,WATCH
TX_004810,STORE_07,hyper,CHK_020,10,2,0,regular,card,0,8,0,0,86,0,0,0,3,175,1063,1,83.6,0.24,0,46.599999999999994,19.13,low,OK
TX_004811,STORE_08,hyper,CHK_022,21,6,1,new,card,1,6,0,0,59,0,1,0,3,223,982,0,65.7,0.95,0,36.45,13.51,low,OK
TX_004812,STORE_03,mall,CHK_007,11,5,1,regular,card,0,9,0,0,95,0,0,0,1,217,994,1,92.6,0.02,0,51.699999999999996,21.95,low,OK
TX_004813,STORE_07,hyper,CHK_013,8,6,1,new,card,1,14,3,1,173,1,1,0,3,192,1063,10,185.1,94.57,1,120.95,60.28,high,OPEN_SUPPORT
TX_004814,STORE_06,retail_park,CHK_009,14,2,0,regular,gift_card,0,8,0,0,87,0,0,2,2,211,1000,1,87.4,0.21,0,48.5,20.18,low,OK
TX_004815,STORE_05,retail_park,CHK_008,14,1,0,new,gift_card,1,16,0,0,168,0,1,2,2,173,993,0,166.6,1.02,0,92.89999999999999,44.76,medium,WATCH
TX_004816,STORE_01,city,CHK_019,17,0,0,regular,mobile,0,6,1,0,75,0,0,1,0,187,987,3,71.4,0.11,0,43.300000000000004,17.3,low,OK
TX_004817,STORE_07,hyper,CHK_035,14,5,1,regular,card,1,11,1,0,98,0,0,0,3,218,1063,2,110.4,0.03,0,65.8,29.75,low,OK
TX_004818,STORE_02,city,CHK_017,14,4,0,regular,mobile,1,5,0,0,63,0,0,1,0,202,994,0,57.4,0.0,0,31.7,10.88,low,OK
TX_004819,STORE_01,city,CHK_023,20,2,0,regular,card,1,10,1,0,134,0,0,0,0,188,987,2,114.8,0.11,0,67.4,30.64,low,OK
TX_004820,STORE_02,city,CHK_013,11,6,1,regular,card,1,10,0,0,91,0,0,0,0,192,994,0,86.4,0.34,0,49.2,20.56,low,OK
TX_004821,STORE_08,hyper,CHK_012,10,4,0,regular,mobile,1,11,0,0,76,0,0,1,3,201,982,0,88.6,0.15,0,50.9,21.51,low,OK
TX_004822,STORE_08,hyper,CHK_030,10,2,0,regular,card,1,9,0,2,198,1,0,0,3,197,982,8,190.6,78.49,1,116.7,57.93,high,OPEN_SUPPORT
TX_004823,STORE_01,city,CHK_039,10,2,0,professional,card,0,6,1,0,77,0,2,0,0,195,987,3,79.9,1.56,0,47.550000000000004,19.65,low,OK
TX_004824,STORE_01,city,CHK_021,18,1,0,new,card,0,9,1,0,151,0,1,0,0,203,987,3,135.9,2.86,0,77.35000000000001,36.15,medium,WATCH
TX_004825,STORE_04,mall,CHK_024,15,6,1,professional,card,1,5,0,0,52,0,2,0,1,217,987,0,67.9,0.15,0,36.95,13.78,low,OK
TX_004826,STORE_03,mall,CHK_040,20,0,0,regular,card,1,6,1,0,74,0,0,0,1,193,994,2,76.0,0.03,0,45.6,18.57,low,OK
TX_004827,STORE_07,hyper,CHK_011,18,3,0,new,card,0,14,1,0,216,1,1,0,3,179,1063,3,202.0,83.26,1,113.4,56.1,high,OPEN_SUPPORT
TX_004828,STORE_06,retail_park,CHK_024,17,0,0,regular,card,1,11,0,0,110,0,0,0,2,217,1000,0,96.0,0.37,0,54.6,23.55,low,OK
TX_004829,STORE_03,mall,CHK_016,11,2,0,professional,mobile,0,1,2,0,41,0,2,1,1,195,994,5,42.0,2.66,0,29.6,9.71,low,OK
TX_004830,STORE_03,mall,CHK_017,11,6,1,regular,card,1,1,0,1,51,0,0,0,1,202,994,4,58.3,5.71,0,37.75,14.23,low,OK
TX_004831,STORE_06,retail_park,CHK_007,13,3,0,professional,card,1,17,1,0,192,0,2,0,2,217,1000,2,184.6,2.64,0,106.5,52.28,medium,WATCH
TX_004832,STORE_01,city,CHK_033,21,0,0,new,mobile,1,11,1,1,151,0,1,1,0,192,987,6,161.5,46.59,0,99.35,48.33,medium,WATCH
TX_004833,STORE_05,retail_park,CHK_006,9,6,1,professional,card,1,15,0,0,119,0,2,0,2,223,993,0,127.7,1.86,0,72.85,33.66,low,OK
TX_004834,STORE_05,retail_park,CHK_010,20,5,1,regular,card,0,3,1,0,58,0,0,0,2,204,993,3,54.4,0.15,0,33.0,11.6,low,OK
TX_004835,STORE_07,hyper,CHK_020,21,4,0,regular,card,1,5,1,1,105,0,0,0,3,175,1063,6,104.0,6.95,0,67.0,30.42,low,OK
TX_004836,STORE_08,hyper,CHK_039,20,6,1,new,card,0,17,0,0,194,1,1,0,3,195,982,1,195.8,85.25,1,108.10000000000001,53.17,medium,OPEN_SUPPORT
TX_004837,STORE_03,mall,CHK_024,12,4,0,regular,mobile,0,3,1,0,48,0,0,1,1,217,994,3,48.3,0.19,0,29.95,9.91,low,OK
TX_004838,STORE_06,retail_park,CHK_002,14,4,0,regular,mobile,1,13,0,0,116,0,0,1,2,161,1000,0,118.4,0.47,0,67.0,30.42,low,OK
TX_004839,STORE_05,retail_park,CHK_021,18,1,0,regular,mobile,1,2,0,0,40,0,0,1,2,203,993,0,36.8,0.01,0,19.599999999999998,4.18,low,OK
TX_004840,STORE_08,hyper,CHK_038,20,1,0,regular,card,1,12,0,0,117,0,0,0,3,194,982,0,127.4,0.48,0,70.9,32.58,low,OK
TX_004841,STORE_06,retail_park,CHK_028,11,4,0,regular,mobile,1,4,0,0,39,0,0,1,2,218,1000,0,42.4,0.0,0,23.599999999999998,6.39,low,OK
TX_004842,STORE_04,mall,CHK_001,11,4,0,new,card,1,6,2,0,89,0,1,0,1,209,987,4,90.7,0.15,0,56.95,24.85,low,OK
TX_004843,STORE_04,mall,CHK_037,14,5,1,regular,card,1,12,0,0,115,0,0,0,1,194,987,0,115.5,0.05,0,64.95,29.28,low,OK
TX_004844,STORE_06,retail_park,CHK_004,17,0,0,professional,card,1,8,1,0,90,0,2,0,2,219,1000,2,91.5,0.15,0,54.55,23.53,low,OK
TX_004845,STORE_07,hyper,CHK_003,10,1,0,regular,gift_card,1,4,1,1,103,0,0,2,3,195,1063,6,106.9,10.0,0,67.85000000000001,30.89,low,OK
TX_004846,STORE_02,city,CHK_010,14,4,0,regular,card,0,7,1,0,92,0,0,0,0,204,994,3,82.8,0.23,0,49.6,20.79,low,OK
TX_004847,STORE_05,retail_park,CHK_028,8,0,0,regular,card,1,13,0,1,152,0,0,0,2,218,993,4,161.4,53.11,1,96.5,46.75,medium,MONITOR_QUEUE
TX_004848,STORE_08,hyper,CHK_008,13,0,0,regular,gift_card,1,13,1,0,123,0,0,2,3,173,982,2,124.7,0.4,0,74.14999999999999,34.38,low,OK
TX_004849,STORE_07,hyper,CHK_023,16,6,1,new,card,1,6,2,0,73,0,1,0,3,188,1063,4,86.5,0.4,0,54.85,23.69,low,OK
TX_004850,STORE_04,mall,CHK_038,19,2,0,new,card,1,3,0,0,51,0,1,0,1,194,987,0,54.0,0.15,0,28.8,9.27,low,OK
TX_004851,STORE_02,city,CHK_027,13,0,0,new,card,0,11,1,0,148,0,1,0,0,200,994,3,150.0,36.95,0,85.6,40.71,medium,WATCH
TX_004852,STORE_03,mall,CHK_016,20,0,0,new,card,1,12,1,0,142,0,1,0,1,195,994,2,146.1,2.84,0,84.25,39.97,medium,WATCH
TX_004853,STORE_06,retail_park,CHK_037,21,0,0,regular,card,0,8,0,0,93,0,0,0,2,194,1000,1,86.3,0.14,0,47.949999999999996,19.87,low,OK
TX_004854,STORE_03,mall,CHK_030,16,5,1,professional,card,1,9,1,0,90,0,2,0,1,197,994,2,99.6,0.2,0,59.199999999999996,26.1,low,OK
TX_004855,STORE_07,hyper,CHK_026,8,5,1,regular,card,1,20,0,1,161,1,0,0,3,183,1063,4,175.8,88.16,1,107.9,53.06,medium,OPEN_SUPPORT
TX_004856,STORE_06,retail_park,CHK_026,20,6,1,regular,card,0,9,1,0,110,0,0,0,2,183,1000,3,110.7,0.01,0,64.75,29.17,low,OK
TX_004857,STORE_05,retail_park,CHK_037,18,0,0,professional,card,0,9,1,0,107,0,2,0,2,194,993,3,115.2,2.41,0,67.0,30.42,low,OK
TX_004858,STORE_01,city,CHK_032,20,3,0,new,card,0,4,0,0,73,0,1,0,0,205,987,1,70.9,4.85,0,37.85,14.28,low,OK
TX_004859,STORE_08,hyper,CHK_028,20,3,0,professional,card,1,9,2,0,128,0,2,0,3,218,982,4,127.5,2.62,0,77.15,36.04,medium,WATCH
TX_004860,STORE_08,hyper,CHK_028,16,0,0,regular,mobile,1,10,0,0,78,0,0,1,3,218,982,0,83.3,0.0,0,47.65,19.71,low,OK
TX_004861,STORE_07,hyper,CHK_033,11,6,1,new,card,1,11,1,0,135,0,1,0,3,192,1063,2,124.7,1.71,0,72.94999999999999,33.71,low,OK
TX_004862,STORE_01,city,CHK_022,21,0,0,regular,card,0,9,3,0,92,0,0,0,0,223,987,7,95.0,5.78,0,64.9,29.26,low,OK
TX_004863,STORE_06,retail_park,CHK_029,12,4,0,regular,card,1,7,2,1,116,0,0,0,2,211,1000,8,125.7,18.42,0,83.05,39.3,medium,WATCH
TX_004864,STORE_02,city,CHK_016,21,5,1,new,mobile,1,11,0,0,125,0,1,1,0,195,994,0,119.7,0.42,0,66.45,30.11,low,OK
TX_004865,STORE_02,city,CHK_032,8,1,0,regular,card,0,9,1,0,81,0,0,0,0,205,994,3,90.3,0.14,0,54.55,23.53,low,OK
TX_004866,STORE_04,mall,CHK_024,9,5,1,professional,card,1,14,0,1,149,0,2,0,1,217,987,4,162.2,45.91,0,97.5,47.3,medium,WATCH
TX_004867,STORE_01,city,CHK_040,18,5,1,new,card,1,7,0,1,128,0,1,0,0,193,987,4,129.8,9.42,0,77.10000000000001,36.01,medium,WATCH
TX_004868,STORE_04,mall,CHK_013,16,0,0,regular,card,0,13,1,0,137,0,0,0,1,192,987,3,126.1,2.38,0,74.85,34.76,low,OK
TX_004869,STORE_02,city,CHK_008,15,4,0,new,card,1,12,0,0,133,0,1,0,0,173,994,0,126.2,0.74,0,70.3,32.24,low,OK
TX_004870,STORE_03,mall,CHK_001,20,1,0,regular,card,1,7,1,0,82,0,0,0,1,209,994,2,87.1,0.03,0,51.75,21.98,low,OK
TX_004871,STORE_08,hyper,CHK_032,17,3,0,regular,card,0,8,0,0,87,0,0,0,3,205,982,1,78.7,0.17,0,44.15,17.77,low,OK
TX_004872,STORE_03,mall,CHK_006,9,3,0,regular,mobile,1,1,0,0,21,0,0,1,1,223,994,0,23.7,0.0,0,12.45,0.22,low,OK
TX_004873,STORE_07,hyper,CHK_018,20,2,0,new,card,0,11,0,0,153,0,1,0,3,200,1063,1,147.2,25.74,0,80.19999999999999,37.72,medium,WATCH
TX_004874,STORE_07,hyper,CHK_035,19,6,1,regular,mobile,0,9,1,1,147,0,0,1,3,218,1063,7,150.5,34.77,0,92.65,44.62,medium,WATCH
TX_004875,STORE_01,city,CHK_010,18,0,0,new,card,1,8,0,0,101,0,1,0,0,204,987,0,102.0,0.23,0,55.8,24.22,low,OK
TX_004876,STORE_08,hyper,CHK_024,10,2,0,regular,mobile,0,16,1,0,140,0,0,1,3,217,982,3,143.5,4.97,0,85.35,40.58,medium,WATCH
TX_004877,STORE_04,mall,CHK_014,19,5,1,new,mobile,1,10,0,0,128,0,1,1,1,213,987,0,123.8,0.43,0,67.9,30.92,low,OK
TX_004878,STORE_05,retail_park,CHK_024,14,0,0,regular,mobile,1,1,0,0,26,0,0,1,2,217,993,0,26.1,0.01,0,13.65,0.89,low,OK
TX_004879,STORE_06,retail_park,CHK_040,13,2,0,new,card,1,11,0,0,150,0,1,0,2,193,1000,0,132.4,0.45,0,72.8,33.63,low,OK
TX_004880,STORE_04,mall,CHK_001,11,0,0,new,card,1,6,3,0,89,0,1,0,1,209,987,6,92.0,2.28,0,61.6,27.43,low,OK
TX_004881,STORE_05,retail_park,CHK_024,12,2,0,regular,card,0,13,0,0,125,0,0,0,2,217,993,1,127.7,3.51,0,71.65,32.99,low,OK
TX_004882,STORE_08,hyper,CHK_003,9,6,1,new,mobile,0,11,1,0,103,0,1,1,3,195,982,3,127.2,13.2,0,74.19999999999999,34.4,low,OK
TX_004883,STORE_07,hyper,CHK_006,15,0,0,regular,card,0,15,0,0,119,0,0,0,3,223,1063,1,126.3,3.05,0,72.15,33.27,low,OK
TX_004884,STORE_03,mall,CHK_018,10,3,0,new,gift_card,0,7,2,0,114,0,1,2,1,200,994,5,103.3,5.55,0,63.85,28.67,low,OK
TX_004885,STORE_01,city,CHK_001,8,4,0,regular,card,1,14,1,0,136,0,0,0,0,209,987,2,125.3,0.49,0,75.05000000000001,34.87,low,OK
TX_004886,STORE_03,mall,CHK_003,14,0,0,new,card,1,9,2,0,118,0,1,0,1,195,994,4,118.1,0.6,0,72.45,33.43,low,OK
TX_004887,STORE_06,retail_park,CHK_009,13,6,1,new,card,1,12,1,0,126,0,1,0,2,211,1000,2,146.0,3.7,0,84.2,39.94,medium,WATCH
TX_004888,STORE_04,mall,CHK_034,20,3,0,new,mobile,1,15,1,0,182,0,1,1,1,189,987,2,181.5,4.48,0,103.75,50.76,medium,WATCH
TX_004889,STORE_02,city,CHK_025,9,2,0,regular,card,0,16,1,0,157,0,0,0,0,213,994,3,136.0,4.67,0,81.6,38.5,medium,WATCH
TX_004890,STORE_04,mall,CHK_036,17,2,0,new,card,1,12,0,0,124,0,1,0,1,205,987,0,126.6,0.88,0,70.5,32.36,low,OK
TX_004891,STORE_07,hyper,CHK_040,19,4,0,regular,gift_card,1,6,0,0,82,0,0,2,3,193,1063,0,79.6,0.8,0,43.4,17.35,low,OK
TX_004892,STORE_07,hyper,CHK_030,10,0,0,new,gift_card,0,15,0,0,167,1,1,2,3,197,1063,1,170.4,84.17,1,94.2,45.47,medium,OPEN_SUPPORT
TX_004893,STORE_07,hyper,CHK_007,16,3,0,new,card,1,7,1,0,96,0,1,0,3,217,1063,2,87.9,0.75,0,52.150000000000006,22.2,low,OK
TX_004894,STORE_02,city,CHK_025,10,6,1,new,mobile,1,4,0,0,45,0,1,1,0,213,994,0,48.7,0.25,0,26.75,8.14,low,OK
TX_004895,STORE_08,hyper,CHK_012,12,1,0,regular,mobile,1,13,0,0,142,0,0,1,3,201,982,0,118.8,0.2,0,67.2,30.53,low,OK
TX_004896,STORE_06,retail_park,CHK_033,13,5,1,new,mobile,1,4,0,0,58,0,1,1,2,192,1000,0,58.4,0.0,0,31.599999999999998,10.82,low,OK
TX_004897,STORE_02,city,CHK_040,13,3,0,regular,card,1,14,2,1,195,1,0,0,0,193,994,8,188.1,95.51,1,118.45,58.9,high,OPEN_SUPPORT
TX_004898,STORE_01,city,CHK_015,18,1,0,new,card,1,6,1,0,96,0,1,0,0,207,987,2,89.9,0.28,0,52.550000000000004,22.42,low,OK
TX_004899,STORE_07,hyper,CHK_040,18,6,1,regular,card,0,12,0,0,154,0,0,0,3,193,1063,1,136.2,1.41,0,75.3,35.01,medium,WATCH
TX_004900,STORE_05,retail_park,CHK_020,16,4,0,new,card,1,8,0,0,96,0,1,0,2,175,993,0,93.4,0.0,0,51.5,21.84,low,OK
TX_004901,STORE_08,hyper,CHK_035,20,2,0,regular,card,0,10,1,0,122,0,0,0,3,218,982,3,125.4,0.82,0,72.7,33.57,low,OK
TX_004902,STORE_07,hyper,CHK_038,13,3,0,regular,card,0,15,1,0,175,0,0,0,3,194,1063,3,160.9,4.71,0,93.45,45.06,medium,WATCH
TX_004903,STORE_03,mall,CHK_015,11,4,0,regular,card,1,5,2,0,67,0,0,0,1,207,994,4,64.4,0.06,0,43.2,17.24,low,OK
TX_004904,STORE_06,retail_park,CHK_022,16,2,0,regular,card,0,14,0,1,154,0,0,0,2,223,1000,5,168.0,69.48,1,100.4,48.91,medium,MONITOR_QUEUE
TX_004905,STORE_08,hyper,CHK_030,16,4,0,regular,card,1,2,2,0,47,0,0,0,3,197,982,4,46.2,0.0,0,32.300000000000004,11.21,low,OK
TX_004906,STORE_03,mall,CHK_013,18,4,0,regular,card,1,9,1,1,151,0,0,0,1,192,994,6,152.4,27.78,0,93.60000000000001,45.14,medium,WATCH
TX_004907,STORE_04,mall,CHK_022,13,2,0,regular,card,1,7,0,0,87,0,0,0,1,223,987,0,78.2,0.01,0,43.300000000000004,17.3,low,OK
TX_004908,STORE_04,mall,CHK_022,19,5,1,regular,card,1,9,1,0,88,0,0,0,1,223,987,2,98.3,0.25,0,58.55,25.74,low,OK
TX_004909,STORE_07,hyper,CHK_026,18,2,0,regular,mobile,0,10,1,0,138,0,0,1,3,183,1063,3,115.9,0.45,0,67.95,30.94,low,OK
TX_004910,STORE_07,hyper,CHK_004,10,6,1,professional,card,1,20,0,0,201,0,2,0,3,219,1063,0,198.1,0.76,0,111.05,54.8,medium,WATCH
TX_004911,STORE_04,mall,CHK_019,11,5,1,regular,card,0,10,0,0,80,0,0,0,1,187,987,1,92.8,0.2,0,52.4,22.34,low,OK
TX_004912,STORE_07,hyper,CHK_010,21,4,0,new,card,1,2,1,0,40,0,1,0,3,204,1063,2,42.5,0.03,0,26.45,7.97,low,OK
TX_004913,STORE_01,city,CHK_028,14,2,0,professional,mobile,1,9,1,1,131,0,2,1,0,218,987,6,138.2,17.03,0,86.5,41.21,medium,WATCH
TX_004914,STORE_05,retail_park,CHK_014,17,5,1,regular,card,1,6,1,0,65,0,0,0,2,213,993,2,66.7,0.0,0,40.95,16.0,low,OK
TX_004915,STORE_04,mall,CHK_026,14,4,0,regular,mobile,1,10,1,0,96,0,0,1,1,183,987,2,101.9,0.0,0,60.95,27.07,low,OK
TX_004916,STORE_08,hyper,CHK_011,17,1,0,regular,card,0,11,1,0,101,0,0,0,3,179,982,3,111.7,0.23,0,66.45,30.11,low,OK
TX_004917,STORE_01,city,CHK_025,15,0,0,new,card,0,12,1,0,156,0,1,0,0,213,987,3,140.1,26.31,0,81.25,38.31,medium,WATCH
TX_004918,STORE_05,retail_park,CHK_006,21,1,0,new,card,0,10,1,1,156,1,1,0,2,223,993,7,163.8,93.97,1,99.9,48.63,medium,OPEN_SUPPORT
TX_004919,STORE_01,city,CHK_013,20,0,0,regular,card,1,1,1,0,36,0,0,0,0,192,987,2,35.0,0.03,0,22.1,5.56,low,OK
TX_004920,STORE_06,retail_park,CHK_040,18,3,0,professional,mobile,0,7,3,0,99,0,2,1,2,193,1000,7,101.6,25.77,0,67.0,30.42,low,OK
TX_004921,STORE_07,hyper,CHK_017,18,4,0,new,card,0,17,1,1,320,1,1,0,3,202,1063,7,232.0,97.92,1,138.2,69.83,high,OPEN_SUPPORT
TX_004922,STORE_06,retail_park,CHK_024,14,2,0,professional,card,1,18,2,0,179,0,2,0,2,217,1000,4,196.9,6.11,0,117.25,58.23,high,MONITOR_QUEUE
TX_004923,STORE_04,mall,CHK_026,18,0,0,regular,mobile,0,11,1,0,149,0,0,1,1,183,987,3,131.0,0.55,0,76.1,35.46,medium,WATCH
TX_004924,STORE_07,hyper,CHK_012,16,5,1,regular,card,0,10,2,1,136,0,0,0,3,201,1063,9,140.3,53.27,1,92.15,44.34,medium,MONITOR_QUEUE
TX_004925,STORE_04,mall,CHK_040,18,5,1,regular,card,1,6,0,1,104,0,0,0,1,193,987,4,113.1,8.64,0,68.14999999999999,31.05,low,OK
TX_004926,STORE_02,city,CHK_019,15,0,0,regular,card,0,10,2,0,124,0,0,0,0,187,994,5,102.8,3.74,0,65.4,29.53,low,OK
TX_004927,STORE_08,hyper,CHK_009,17,4,0,regular,card,1,10,1,0,109,0,0,0,3,211,982,2,93.3,0.54,0,56.65,24.69,low,OK
TX_004928,STORE_07,hyper,CHK_030,16,4,0,new,card,0,10,0,0,128,0,1,0,3,197,1063,1,112.4,6.83,0,62.2,27.76,low,OK
TX_004929,STORE_04,mall,CHK_027,9,4,0,new,mobile,1,9,0,0,80,0,1,1,1,200,987,0,93.5,0.34,0,52.15,22.2,low,OK
TX_004930,STORE_04,mall,CHK_038,13,6,1,professional,gift_card,0,9,0,0,129,0,2,2,1,194,987,1,122.7,0.55,0,66.75,30.28,low,OK
TX_004931,STORE_01,city,CHK_008,10,6,1,regular,mobile,0,14,1,1,138,0,0,1,0,173,987,7,155.6,50.67,1,98.2,47.69,medium,MONITOR_QUEUE
TX_004932,STORE_08,hyper,CHK_031,16,6,1,professional,mobile,0,3,1,0,48,0,2,1,3,194,982,3,50.1,1.04,0,30.85,10.41,low,OK
TX_004933,STORE_08,hyper,CHK_021,20,2,0,regular,card,1,13,0,1,175,1,0,0,3,203,982,4,175.2,92.5,1,103.39999999999999,50.57,medium,OPEN_SUPPORT
TX_004934,STORE_03,mall,CHK_005,11,0,0,regular,card,1,11,2,0,119,0,0,0,1,205,994,4,116.6,1.6,0,72.89999999999999,33.68,low,OK
TX_004935,STORE_02,city,CHK_016,18,5,1,regular,card,0,13,1,0,172,0,0,0,0,195,994,3,157.3,4.81,0,90.45,43.4,medium,WATCH
TX_004936,STORE_07,hyper,CHK_005,9,1,0,regular,mobile,1,7,2,0,72,0,0,1,3,205,1063,4,79.4,0.0,0,51.900000000000006,22.06,low,OK
TX_004937,STORE_06,retail_park,CHK_011,19,2,0,regular,card,1,15,1,0,131,0,0,0,2,179,1000,2,147.6,0.21,0,86.8,41.38,medium,WATCH
TX_004938,STORE_08,hyper,CHK_022,17,3,0,regular,card,0,8,1,0,85,0,0,0,3,223,982,3,84.7,0.74,0,51.15,21.64,low,OK
TX_004939,STORE_05,retail_park,CHK_038,18,4,0,regular,card,1,9,1,0,93,0,0,0,2,194,993,2,103.4,0.18,0,61.1,27.15,low,OK
TX_004940,STORE_06,retail_park,CHK_032,20,0,0,new,card,1,6,1,0,86,0,1,0,2,205,1000,2,86.7,0.24,0,50.95,21.53,low,OK
TX_004941,STORE_07,hyper,CHK_030,14,0,0,new,card,1,18,2,0,185,0,1,0,3,197,1063,4,191.2,6.39,0,114.39999999999999,56.66,high,MONITOR_QUEUE
TX_004942,STORE_08,hyper,CHK_022,16,1,0,new,card,1,7,0,0,66,0,1,0,3,223,982,0,74.9,0.16,0,41.650000000000006,16.39,low,OK
TX_004943,STORE_03,mall,CHK_020,18,6,1,new,card,1,7,1,0,92,0,1,0,1,175,994,2,92.0,0.05,0,54.2,23.33,low,OK
TX_004944,STORE_06,retail_park,CHK_001,18,0,0,regular,card,0,10,0,0,121,0,0,0,2,209,1000,1,121.5,0.45,0,66.75,30.28,low,OK
TX_004945,STORE_04,mall,CHK_006,16,2,0,regular,card,1,6,0,0,54,0,0,0,1,223,987,0,61.7,0.04,0,34.45,12.4,low,OK
TX_004946,STORE_03,mall,CHK_035,17,5,1,regular,card,1,8,0,0,71,0,0,0,1,218,994,0,72.8,0.0,0,41.199999999999996,16.14,low,OK
TX_004947,STORE_03,mall,CHK_017,12,0,0,regular,mobile,0,7,0,0,90,0,0,1,1,202,994,1,83.4,0.15,0,45.900000000000006,18.74,low,OK
TX_004948,STORE_06,retail_park,CHK_005,13,1,0,regular,card,0,10,1,0,126,0,0,0,2,205,1000,3,112.9,0.67,0,66.45,30.11,low,OK
TX_004949,STORE_04,mall,CHK_007,8,3,0,regular,card,1,9,3,0,107,0,0,0,1,217,987,6,104.6,1.29,0,69.7,31.91,low,OK
TX_004950,STORE_02,city,CHK_009,8,5,1,professional,card,0,6,2,0,85,0,2,0,0,211,994,5,85.2,0.84,0,54.2,23.33,low,OK
TX_004951,STORE_06,retail_park,CHK_001,14,4,0,regular,card,1,7,0,1,126,0,0,0,2,209,1000,4,122.0,9.02,0,73.2,33.85,low,OK
TX_004952,STORE_07,hyper,CHK_025,17,3,0,new,card,1,8,2,0,110,0,1,0,3,213,1063,4,100.1,0.16,0,62.849999999999994,28.12,low,OK
TX_004953,STORE_03,mall,CHK_032,20,1,0,regular,mobile,0,8,0,0,85,0,0,1,1,205,994,1,96.9,0.26,0,53.25,22.81,low,OK
TX_004954,STORE_03,mall,CHK_013,19,4,0,regular,card,0,4,2,0,73,0,0,0,1,192,994,5,68.6,0.29,0,44.699999999999996,18.07,low,OK
TX_004955,STORE_03,mall,CHK_031,18,0,0,regular,card,1,8,0,1,133,0,0,0,1,194,994,4,130.8,9.73,0,78.2,36.62,medium,WATCH
TX_004956,STORE_05,retail_park,CHK_026,20,6,1,regular,mobile,0,14,1,0,145,0,0,1,2,183,993,3,155.2,3.26,0,90.0,43.15,medium,WATCH
TX_004957,STORE_04,mall,CHK_040,14,5,1,regular,card,1,4,1,0,65,0,0,0,1,193,987,2,58.4,0.0,0,35.6,13.04,low,OK
TX_004958,STORE_04,mall,CHK_020,18,0,0,regular,card,1,11,0,0,98,0,0,0,1,175,987,0,107.2,0.19,0,60.2,26.65,low,OK
TX_004959,STORE_05,retail_park,CHK_034,15,1,0,new,card,0,6,0,1,99,1,1,0,2,189,993,5,113.9,89.07,1,68.55,31.28,low,OPEN_SUPPORT
TX_004960,STORE_05,retail_park,CHK_010,21,5,1,regular,card,1,4,1,0,46,0,0,0,2,204,993,2,48.6,0.0,0,30.7,10.32,low,OK
TX_004961,STORE_02,city,CHK_005,11,5,1,regular,mobile,0,11,1,0,96,0,0,1,0,205,994,3,114.5,0.55,0,67.85,30.89,low,OK
TX_004962,STORE_08,hyper,CHK_022,14,5,1,regular,mobile,1,8,0,0,75,0,0,1,3,223,982,0,77.9,0.35,0,43.75,17.55,low,OK
TX_004963,STORE_08,hyper,CHK_005,18,0,0,new,mobile,0,12,1,1,222,1,1,1,3,205,982,7,184.0,86.28,1,111.2,54.89,medium,OPEN_SUPPORT
TX_004964,STORE_08,hyper,CHK_037,20,2,0,new,card,0,8,2,1,182,1,1,0,3,194,982,9,169.1,94.29,1,105.35,51.65,medium,OPEN_SUPPORT
TX_004965,STORE_03,mall,CHK_002,14,5,1,regular,card,1,19,4,0,221,1,0,0,1,161,994,8,206.9,73.56,1,130.85,65.76,high,OPEN_SUPPORT
TX_004966,STORE_08,hyper,CHK_040,14,4,0,new,card,1,10,0,0,129,0,1,0,3,193,982,0,122.1,0.19,0,67.05,30.45,low,OK
TX_004967,STORE_02,city,CHK_038,19,5,1,new,card,1,6,0,1,131,0,1,0,0,194,994,4,129.3,7.44,0,76.25,35.54,medium,WATCH
TX_004968,STORE_07,hyper,CHK_021,16,2,0,regular,card,1,5,0,0,49,0,0,0,3,203,1063,0,50.2,0.01,0,28.1,8.88,low,OK
TX_004969,STORE_06,retail_park,CHK_024,19,5,1,new,card,0,6,0,0,91,0,1,0,2,217,1000,1,90.9,5.12,0,49.050000000000004,20.48,low,OK
TX_004970,STORE_01,city,CHK_004,18,3,0,regular,card,1,8,0,0,104,0,0,0,0,219,987,0,98.3,0.01,0,53.949999999999996,23.19,low,OK
TX_004971,STORE_07,hyper,CHK_024,8,0,0,new,card,0,11,2,1,184,1,1,0,3,217,1063,9,161.2,68.31,1,103.19999999999999,50.46,medium,MONITOR_QUEUE
TX_004972,STORE_08,hyper,CHK_019,8,2,0,new,gift_card,1,12,0,0,124,0,1,2,3,187,982,0,126.0,0.8,0,70.2,32.19,low,OK
TX_004973,STORE_06,retail_park,CHK_016,21,1,0,regular,card,0,6,1,0,60,0,0,0,2,195,1000,3,66.1,0.23,0,40.65,15.83,low,OK
TX_004974,STORE_06,retail_park,CHK_010,16,3,0,regular,mobile,0,16,2,1,211,1,0,1,2,204,1000,9,204.5,94.59,1,127.85,64.1,high,OPEN_SUPPORT
TX_004975,STORE_07,hyper,CHK_013,19,2,0,regular,card,0,9,1,1,173,1,0,0,3,192,1063,7,162.1,72.39,1,98.45,47.83,medium,OPEN_SUPPORT
TX_004976,STORE_01,city,CHK_021,20,2,0,new,card,1,10,0,1,164,1,1,0,0,203,987,4,163.6,87.51,1,95.8,46.36,medium,OPEN_SUPPORT
TX_004977,STORE_01,city,CHK_014,21,6,1,regular,mobile,0,1,1,0,30,0,0,1,0,213,987,3,33.2,0.0,0,21.200000000000003,5.07,low,OK
TX_004978,STORE_04,mall,CHK_037,14,5,1,new,mobile,1,4,1,0,72,0,1,1,1,194,987,2,67.0,0.1,0,39.9,15.42,low,OK
TX_004979,STORE_07,hyper,CHK_017,10,2,0,regular,card,0,11,0,0,117,0,0,0,3,202,1063,1,105.9,0.76,0,59.550000000000004,26.29,low,OK
TX_004980,STORE_07,hyper,CHK_002,11,4,0,regular,card,1,16,1,0,118,0,0,0,3,161,1063,2,131.0,0.31,0,79.1,37.12,medium,WATCH
TX_004981,STORE_03,mall,CHK_002,10,0,0,professional,card,1,1,1,0,30,0,2,0,1,161,994,2,31.3,0.0,0,20.25,4.54,low,OK
TX_004982,STORE_08,hyper,CHK_040,20,4,0,regular,card,1,7,1,0,87,0,0,0,3,193,982,2,87.8,0.2,0,52.1,22.17,low,OK
TX_004983,STORE_05,retail_park,CHK_001,20,2,0,regular,card,0,8,1,1,156,0,0,0,2,209,993,7,138.2,27.59,0,85.89999999999999,40.88,medium,WATCH
TX_004984,STORE_02,city,CHK_040,12,2,0,new,card,1,15,0,0,174,0,1,0,0,193,994,0,157.0,3.54,0,87.5,41.77,medium,WATCH
TX_004985,STORE_07,hyper,CHK_009,15,6,1,regular,mobile,0,8,1,0,80,0,0,1,3,211,1063,3,82.5,0.4,0,50.05,21.04,low,OK
TX_004986,STORE_07,hyper,CHK_019,8,5,1,regular,mobile,1,6,0,0,48,0,0,1,3,187,1063,0,51.3,0.0,0,29.25,9.52,low,OK
TX_004987,STORE_03,mall,CHK_021,18,3,0,new,card,1,5,1,0,92,0,1,0,1,203,994,2,87.2,0.22,0,50.6,21.34,low,OK
TX_004988,STORE_08,hyper,CHK_018,10,4,0,regular,card,1,8,2,1,147,0,0,0,3,200,982,8,133.4,14.76,0,87.5,41.77,medium,WATCH
TX_004989,STORE_04,mall,CHK_032,20,0,0,regular,card,1,14,1,0,139,0,0,0,1,205,987,2,141.4,0.2,0,83.10000000000001,39.33,medium,WATCH
TX_004990,STORE_03,mall,CHK_025,11,4,0,regular,gift_card,0,9,0,0,87,0,0,2,1,213,994,1,93.9,0.15,0,52.35,22.31,low,OK
TX_004991,STORE_05,retail_park,CHK_020,17,6,1,regular,card,0,11,0,0,118,0,0,0,2,175,993,1,107.1,1.67,0,60.15,26.63,low,OK
TX_004992,STORE_06,retail_park,CHK_022,17,1,0,regular,card,0,7,2,0,98,0,0,0,2,223,1000,5,93.4,0.4,0,58.900000000000006,25.93,low,OK
TX_004993,STORE_01,city,CHK_006,19,3,0,regular,card,0,4,0,0,62,0,0,0,0,223,987,1,59.5,0.43,0,32.15,11.13,low,OK
TX_004994,STORE_03,mall,CHK_037,12,3,0,regular,card,1,15,3,0,157,0,0,0,1,194,994,6,150.5,27.58,0,96.25,46.61,medium,WATCH
TX_004995,STORE_03,mall,CHK_026,15,2,0,new,card,1,11,0,0,97,0,1,0,1,183,994,0,111.2,0.59,0,62.2,27.76,low,OK
TX_004996,STORE_06,retail_park,CHK_001,18,4,0,regular,mobile,1,12,1,0,120,0,0,1,2,209,1000,2,128.0,0.57,0,75.2,34.96,low,OK
TX_004997,STORE_05,retail_park,CHK_032,18,2,0,regular,card,0,8,0,0,89,0,0,0,2,205,993,1,94.7,0.21,0,52.15,22.2,low,OK
TX_004998,STORE_02,city,CHK_024,21,5,1,regular,card,0,10,0,0,93,0,0,0,0,217,994,1,97.8,0.33,0,54.9,23.72,low,OK
TX_004999,STORE_04,mall,CHK_010,10,6,1,regular,card,0,6,1,0,75,0,0,0,1,204,987,3,68.8,0.02,0,42.0,16.58,low,OK
TX_005000,STORE_08,hyper,CHK_028,11,6,1,regular,card,1,4,0,0,46,0,0,0,3,218,982,0,47.6,0.0,0,26.2,7.83,low,OK
TX_005001,STORE_06,retail_park,CHK_006,10,0,0,professional,card,0,6,1,0,81,0,2,0,2,223,1000,3,80.2,0.85,0,47.7,19.73,low,OK
TX_005002,STORE_03,mall,CHK_026,14,6,1,regular,card,0,13,0,1,181,1,0,0,1,183,994,5,181.2,95.03,1,106.39999999999999,52.23,medium,OPEN_SUPPORT
TX_005003,STORE_02,city,CHK_014,17,1,0,regular,card,1,8,1,0,73,0,0,0,0,213,994,2,75.3,0.01,0,46.449999999999996,19.04,low,OK
TX_005004,STORE_05,retail_park,CHK_019,10,2,0,regular,card,0,12,1,0,132,0,0,0,2,187,993,3,122.3,0.96,0,72.35000000000001,33.38,low,OK
TX_005005,STORE_07,hyper,CHK_020,9,6,1,regular,card,1,7,0,1,124,0,0,0,3,175,1063,4,102.4,8.24,0,63.400000000000006,28.43,low,OK
TX_005006,STORE_05,retail_park,CHK_011,9,5,1,regular,mobile,0,9,1,0,73,0,0,1,2,179,993,3,86.8,0.0,0,52.8,22.56,low,OK
TX_005007,STORE_08,hyper,CHK_034,20,1,0,regular,mobile,0,9,0,0,112,0,0,1,3,189,982,1,106.6,0.16,0,58.699999999999996,25.82,low,OK
TX_005008,STORE_05,retail_park,CHK_028,20,6,1,regular,card,1,15,0,0,128,0,0,0,2,218,993,0,151.9,0.57,0,84.95,40.35,medium,WATCH
TX_005009,STORE_07,hyper,CHK_024,10,6,1,regular,mobile,1,13,0,2,151,0,0,1,3,217,1063,8,175.0,46.92,0,111.3,54.94,medium,WATCH
TX_005010,STORE_03,mall,CHK_026,13,1,0,regular,card,0,8,0,0,101,0,0,0,1,183,994,1,92.7,0.04,0,51.15,21.64,low,OK
TX_005011,STORE_01,city,CHK_040,15,1,0,regular,card,1,3,0,0,39,0,0,0,0,193,987,0,39.0,0.01,0,21.3,5.12,low,OK
TX_005012,STORE_05,retail_park,CHK_027,17,3,0,regular,mobile,1,12,2,0,127,0,0,1,2,200,993,4,118.5,1.73,0,74.45,34.54,low,OK
TX_005013,STORE_02,city,CHK_009,13,3,0,new,card,1,9,1,1,173,1,1,0,0,211,994,6,163.7,48.81,0,99.25,48.27,medium,WATCH
TX_005014,STORE_08,hyper,CHK_019,21,3,0,professional,card,1,9,1,0,82,0,2,0,3,187,982,2,103.0,0.2,0,60.9,27.04,low,OK
TX_005015,STORE_08,hyper,CHK_020,20,2,0,new,mobile,1,11,2,0,169,0,1,1,3,175,982,4,156.7,3.52,0,92.94999999999999,44.78,medium,WATCH
TX_005016,STORE_06,retail_park,CHK_025,15,2,0,regular,card,1,7,1,1,114,0,0,0,2,213,1000,6,119.6,8.83,0,76.0,35.4,medium,WATCH
TX_005017,STORE_04,mall,CHK_013,16,4,0,new,card,0,6,1,0,91,0,1,0,1,192,987,3,85.9,4.75,0,50.550000000000004,21.31,low,OK
TX_005018,STORE_06,retail_park,CHK_016,18,1,0,regular,card,1,8,0,1,130,0,0,0,2,195,1000,4,129.9,11.31,0,77.75,36.37,medium,WATCH
TX_005019,STORE_07,hyper,CHK_034,16,3,0,regular,card,1,15,0,0,125,0,0,0,3,189,1063,0,125.2,0.38,0,71.6,32.96,low,OK
TX_005020,STORE_02,city,CHK_007,20,0,0,regular,card,1,12,1,0,113,0,0,0,0,217,994,2,125.1,0.18,0,73.75,34.15,low,OK
TX_005021,STORE_03,mall,CHK_025,21,4,0,regular,card,0,9,0,1,126,0,0,0,1,213,994,5,132.9,21.12,0,79.85000000000001,37.53,medium,WATCH
TX_005022,STORE_01,city,CHK_035,13,4,0,regular,card,1,6,1,2,138,0,0,0,0,218,987,10,143.2,45.54,0,95.19999999999999,46.03,medium,WATCH
TX_005023,STORE_05,retail_park,CHK_012,10,4,0,regular,card,1,10,0,0,94,0,0,0,2,201,993,0,86.5,0.09,0,49.25,20.59,low,OK
TX_005024,STORE_06,retail_park,CHK_009,12,6,1,regular,card,1,1,0,0,29,0,0,0,2,211,1000,0,26.9,0.0,0,14.049999999999999,1.11,low,OK
TX_005025,STORE_02,city,CHK_014,11,3,0,new,mobile,1,5,1,0,57,0,1,1,0,213,994,2,64.6,0.0,0,39.3,15.08,low,OK
TX_005026,STORE_01,city,CHK_013,20,1,0,new,mobile,1,5,0,0,83,0,1,1,0,192,987,0,79.4,0.0,0,42.7,16.97,low,OK
TX_005027,STORE_05,retail_park,CHK_030,14,2,0,new,gift_card,0,10,0,0,141,0,1,2,2,197,993,1,131.7,7.32,0,71.85,33.1,low,OK
TX_005028,STORE_06,retail_park,CHK_021,16,4,0,new,card,0,6,1,0,75,0,1,0,2,203,1000,3,81.0,4.92,0,48.1,19.96,low,OK
TX_005029,STORE_01,city,CHK_018,12,2,0,regular,card,0,9,0,0,93,0,0,0,0,200,987,1,102.9,0.11,0,56.85,24.8,low,OK
TX_005030,STORE_03,mall,CHK_021,17,1,0,regular,card,1,4,0,0,50,0,0,0,1,203,994,0,46.5,0.01,0,25.65,7.53,low,OK
TX_005031,STORE_07,hyper,CHK_003,16,3,0,regular,card,1,4,2,0,60,0,0,0,3,195,1063,4,57.8,0.01,0,39.3,15.08,low,OK
TX_005032,STORE_05,retail_park,CHK_023,18,1,0,regular,card,0,6,1,0,84,0,0,0,2,188,993,3,80.8,0.05,0,48.0,19.9,low,OK
TX_005033,STORE_02,city,CHK_026,13,5,1,new,card,0,12,0,0,139,0,1,0,0,183,994,1,148.3,33.66,0,81.35000000000001,38.36,medium,WATCH
TX_005034,STORE_04,mall,CHK_003,12,6,1,regular,mobile,1,9,1,0,102,0,0,1,1,195,987,2,96.6,0.0,0,57.699999999999996,25.27,low,OK
TX_005035,STORE_04,mall,CHK_018,8,5,1,regular,card,0,8,0,0,80,0,0,0,1,200,987,1,82.1,0.02,0,45.849999999999994,18.71,low,OK
TX_005036,STORE_03,mall,CHK_038,10,3,0,professional,mobile,1,13,2,0,120,0,2,1,1,194,994,4,124.2,5.48,0,77.89999999999999,36.45,medium,WATCH
TX_005037,STORE_01,city,CHK_021,8,3,0,regular,card,1,10,1,0,106,0,0,0,0,203,987,2,92.1,0.31,0,56.05,24.36,low,OK
TX_005038,STORE_05,retail_park,CHK_036,18,6,1,new,card,0,14,0,0,171,1,1,0,2,205,993,1,177.1,80.54,1,96.95,47.0,medium,OPEN_SUPPORT
TX_005039,STORE_07,hyper,CHK_003,21,6,1,professional,card,0,16,2,0,167,0,2,0,3,195,1063,5,183.4,30.36,0,109.3,53.83,medium,WATCH
TX_005040,STORE_02,city,CHK_018,9,4,0,new,card,0,10,2,0,145,0,1,0,0,200,994,5,123.2,15.81,0,75.6,35.18,medium,WATCH
TX_005041,STORE_06,retail_park,CHK_032,9,1,0,professional,mobile,1,11,0,0,114,0,2,1,2,205,1000,0,111.5,0.0,0,62.35,27.84,low,OK
TX_005042,STORE_03,mall,CHK_018,9,6,1,new,card,0,8,1,2,179,1,1,0,1,200,994,11,180.7,96.71,1,115.14999999999999,57.07,high,OPEN_SUPPORT
TX_005043,STORE_05,retail_park,CHK_034,16,3,0,regular,card,1,11,2,1,120,0,0,0,2,189,993,8,136.4,69.13,1,90.8,43.59,medium,MONITOR_QUEUE
TX_005044,STORE_03,mall,CHK_012,14,4,0,new,mobile,0,5,0,0,73,0,1,1,1,201,994,1,72.6,3.8,0,39.3,15.08,low,OK
TX_005045,STORE_04,mall,CHK_036,13,0,0,regular,card,1,8,0,0,77,0,0,0,1,205,987,0,82.0,0.01,0,45.8,18.68,low,OK
TX_005046,STORE_02,city,CHK_001,16,2,0,new,card,0,10,2,0,143,0,1,0,0,209,994,5,130.4,22.33,0,79.2,37.17,medium,WATCH
TX_005047,STORE_07,hyper,CHK_035,15,6,1,regular,card,0,12,0,0,91,0,0,0,3,218,1063,1,114.1,0.95,0,64.25,28.9,low,OK
TX_005048,STORE_03,mall,CHK_037,8,6,1,regular,card,1,13,1,0,124,0,0,0,1,194,994,2,114.5,0.16,0,69.05,31.55,low,OK
TX_005049,STORE_06,retail_park,CHK_030,11,3,0,new,card,0,8,0,0,87,0,1,0,2,197,1000,1,97.7,4.49,0,53.65,23.03,low,OK
TX_005050,STORE_05,retail_park,CHK_013,18,2,0,professional,gift_card,0,13,0,1,264,1,2,2,2,192,993,5,210.1,85.2,1,120.85,60.23,high,OPEN_SUPPORT
TX_005051,STORE_07,hyper,CHK_019,8,0,0,regular,mobile,0,15,1,1,200,1,0,1,3,187,1063,7,169.5,66.3,1,105.75,51.87,medium,MONITOR_QUEUE
TX_005052,STORE_02,city,CHK_021,8,3,0,regular,card,1,12,1,0,90,0,0,0,0,203,994,2,105.1,0.0,0,63.75,28.62,low,OK
TX_005053,STORE_02,city,CHK_027,20,0,0,new,mobile,1,10,2,0,152,0,1,1,0,200,994,4,145.2,2.44,0,86.6,41.27,medium,WATCH
TX_005054,STORE_03,mall,CHK_018,17,0,0,regular,card,1,8,1,0,74,0,0,0,1,200,994,2,76.4,0.01,0,47.0,19.35,low,OK
TX_005055,STORE_08,hyper,CHK_031,12,1,0,new,card,1,17,1,0,215,0,1,0,3,194,982,2,203.9,6.76,0,116.15,57.63,high,MONITOR_QUEUE
TX_005056,STORE_05,retail_park,CHK_009,18,0,0,new,card,0,7,1,0,108,0,1,0,2,211,993,3,111.8,5.31,0,64.1,28.81,low,OK
TX_005057,STORE_08,hyper,CHK_037,14,2,0,regular,mobile,1,15,1,1,179,1,0,1,3,194,982,6,181.0,94.01,1,111.5,55.05,high,OPEN_SUPPORT
TX_005058,STORE_07,hyper,CHK_014,13,0,0,new,mobile,0,9,1,2,243,1,1,1,3,213,1063,11,226.2,94.84,1,138.5,70.0,high,OPEN_SUPPORT
TX_005059,STORE_03,mall,CHK_034,9,6,1,regular,mobile,1,10,2,0,91,0,0,1,1,189,994,4,94.7,1.84,0,61.35,27.29,low,OK
TX_005060,STORE_02,city,CHK_024,12,3,0,regular,mobile,1,11,1,0,119,0,0,1,0,217,994,2,111.0,0.34,0,66.1,29.92,low,OK
TX_005061,STORE_01,city,CHK_036,20,5,1,regular,card,0,11,1,0,131,0,0,0,0,205,987,3,134.4,2.88,0,77.8,36.4,medium,WATCH
TX_005062,STORE_06,retail_park,CHK_031,15,5,1,professional,mobile,1,10,3,0,103,0,2,1,2,194,1000,6,111.3,4.1,0,73.65,34.1,low,OK
TX_005063,STORE_01,city,CHK_004,10,6,1,regular,card,1,11,1,0,100,0,0,0,0,219,987,2,101.7,0.31,0,61.45,27.35,low,OK
TX_005064,STORE_08,hyper,CHK_016,11,5,1,regular,gift_card,1,7,0,1,119,0,0,2,3,195,982,4,115.6,6.91,0,70.0,32.08,low,OK
TX_005065,STORE_05,retail_park,CHK_015,14,6,1,new,mobile,1,6,2,0,81,0,1,1,2,207,993,4,88.3,0.25,0,55.75,24.19,low,OK
TX_005066,STORE_04,mall,CHK_025,18,2,0,new,card,0,4,0,0,76,0,1,0,1,213,987,1,71.8,4.29,0,38.3,14.53,low,OK
TX_005067,STORE_03,mall,CHK_016,13,0,0,professional,card,1,1,3,0,43,0,2,0,1,195,994,6,44.6,0.5,0,34.9,12.65,low,OK
TX_005068,STORE_05,retail_park,CHK_013,21,0,0,regular,card,0,2,0,1,80,0,0,0,2,192,993,5,76.1,12.78,0,47.25,19.49,low,OK
TX_005069,STORE_06,retail_park,CHK_036,11,2,0,new,card,0,11,1,0,135,0,1,0,2,205,1000,3,136.3,25.44,0,78.75,36.92,medium,WATCH
TX_005070,STORE_01,city,CHK_004,15,5,1,regular,card,0,4,0,0,50,0,0,0,0,219,987,1,48.5,0.22,0,26.65,8.08,low,OK
TX_005071,STORE_05,retail_park,CHK_020,21,1,0,regular,card,0,1,0,0,26,0,0,0,2,175,993,1,27.0,0.13,0,14.1,1.13,low,OK
TX_005072,STORE_08,hyper,CHK_027,13,2,0,professional,card,0,17,2,1,234,1,2,0,3,200,982,9,230.1,97.84,1,141.25,71.52,high,OPEN_SUPPORT
TX_005073,STORE_08,hyper,CHK_008,13,3,0,regular,card,0,12,1,1,185,1,0,0,3,173,982,7,173.4,81.5,1,105.9,51.95,medium,OPEN_SUPPORT
TX_005074,STORE_05,retail_park,CHK_011,11,1,0,regular,card,0,10,0,0,104,0,0,0,2,179,993,1,96.1,0.31,0,54.05,23.25,low,OK
TX_005075,STORE_03,mall,CHK_017,14,1,0,regular,mobile,1,9,1,1,137,0,0,1,1,202,994,6,139.6,18.41,0,87.2,41.6,medium,WATCH
TX_005076,STORE_06,retail_park,CHK_025,21,1,0,new,mobile,0,12,0,0,129,0,1,1,2,213,1000,1,133.5,34.03,0,73.95,34.27,low,OK
TX_005077,STORE_05,retail_park,CHK_034,11,1,0,regular,mobile,1,4,1,0,50,0,0,1,2,189,993,2,51.6,0.0,0,32.2,11.15,low,OK
TX_005078,STORE_01,city,CHK_010,12,1,0,regular,mobile,1,2,1,1,96,0,0,1,0,204,987,6,88.3,6.12,0,57.35,25.08,low,OK
TX_005079,STORE_04,mall,CHK_013,9,4,0,regular,card,1,16,1,0,120,0,0,0,1,192,987,2,134.2,0.22,0,80.69999999999999,38.0,medium,WATCH
TX_005080,STORE_08,hyper,CHK_031,9,0,0,regular,card,0,13,1,0,122,0,0,0,3,194,982,3,120.4,2.88,0,72.0,33.19,low,OK
TX_005081,STORE_03,mall,CHK_024,8,2,0,regular,card,0,3,2,0,54,0,0,0,1,217,994,5,58.7,0.02,0,39.15,15.0,low,OK
TX_005082,STORE_06,retail_park,CHK_012,18,4,0,regular,card,1,4,0,0,59,0,0,0,2,201,1000,0,49.3,0.2,0,27.049999999999997,8.3,low,OK
TX_005083,STORE_04,mall,CHK_036,17,1,0,regular,card,1,6,2,0,63,0,0,0,1,205,987,4,72.9,0.44,0,48.050000000000004,19.93,low,OK
TX_005084,STORE_03,mall,CHK_016,9,0,0,regular,card,0,2,1,1,75,0,0,0,1,195,994,7,78.9,13.38,0,52.650000000000006,22.47,low,OK
TX_005085,STORE_04,mall,CHK_017,18,4,0,regular,card,1,9,0,0,118,0,0,0,1,202,987,0,107.4,0.2,0,59.1,26.04,low,OK
TX_005086,STORE_06,retail_park,CHK_001,18,1,0,regular,mobile,1,6,0,0,70,0,0,1,2,209,1000,0,70.8,0.33,0,39.0,14.92,low,OK
TX_005087,STORE_05,retail_park,CHK_040,14,6,1,new,card,1,8,1,0,101,0,1,0,2,193,993,2,99.6,0.25,0,58.599999999999994,25.77,low,OK
TX_005088,STORE_05,retail_park,CHK_017,17,1,0,professional,card,1,5,1,0,54,0,2,0,2,202,993,2,61.1,0.22,0,37.55,14.12,low,OK
TX_005089,STORE_07,hyper,CHK_010,19,3,0,new,card,0,11,0,0,127,0,1,0,3,204,1063,1,141.2,27.03,0,77.19999999999999,36.06,medium,WATCH
TX_005090,STORE_08,hyper,CHK_037,16,1,0,professional,gift_card,0,11,0,1,178,1,2,2,3,194,982,5,169.7,87.31,1,99.44999999999999,48.38,medium,OPEN_SUPPORT
TX_005091,STORE_08,hyper,CHK_005,13,1,0,regular,card,1,9,0,0,93,0,0,0,3,205,982,0,88.8,0.3,0,49.8,20.9,low,OK
TX_005092,STORE_07,hyper,CHK_006,21,3,0,regular,card,0,8,1,0,77,0,0,0,3,223,1063,3,81.9,0.23,0,49.75,20.87,low,OK
TX_005093,STORE_04,mall,CHK_032,18,3,0,new,mobile,0,4,1,0,77,0,1,1,1,205,987,3,73.2,3.26,0,43.0,17.13,low,OK
TX_005094,STORE_03,mall,CHK_006,10,2,0,new,card,1,7,1,0,98,0,1,0,1,223,994,2,87.9,0.09,0,52.150000000000006,22.2,low,OK
TX_005095,STORE_05,retail_park,CHK_031,14,0,0,new,card,0,13,0,0,157,0,1,0,2,194,993,1,153.3,56.94,1,84.45,40.08,medium,MONITOR_QUEUE
TX_005096,STORE_06,retail_park,CHK_040,16,3,0,regular,card,0,6,1,0,66,0,0,0,2,193,1000,3,73.8,0.14,0,44.5,17.96,low,OK
TX_005097,STORE_04,mall,CHK_008,21,4,0,regular,card,1,7,0,0,69,0,0,0,1,173,987,0,67.0,0.02,0,37.7,14.2,low,OK
TX_005098,STORE_02,city,CHK_003,13,1,0,new,card,0,9,1,1,181,1,1,0,0,195,994,7,173.5,94.75,1,104.15,50.98,medium,OPEN_SUPPORT
TX_005099,STORE_08,hyper,CHK_036,13,4,0,regular,card,1,10,0,0,111,0,0,0,3,205,982,0,105.1,0.18,0,58.55,25.74,low,OK
TX_005100,STORE_07,hyper,CHK_025,17,5,1,regular,mobile,1,8,1,0,70,0,0,1,3,213,1063,2,70.5,0.24,0,44.05,17.71,low,OK
TX_005101,STORE_04,mall,CHK_028,9,5,1,regular,card,0,13,0,0,114,0,0,0,1,218,987,1,121.8,1.83,0,68.7,31.36,low,OK
TX_005102,STORE_04,mall,CHK_029,14,3,0,new,card,1,3,0,1,110,0,1,0,1,211,987,4,102.1,9.72,0,60.849999999999994,27.01,low,OK
TX_005103,STORE_07,hyper,CHK_005,16,3,0,new,mobile,1,19,2,1,212,1,1,1,3,205,1063,8,223.3,99.04,1,139.05,70.3,high,OPEN_SUPPORT
TX_005104,STORE_02,city,CHK_035,14,3,0,regular,mobile,0,10,2,0,108,0,0,1,0,218,994,5,111.3,4.72,0,69.65,31.88,low,OK
TX_005105,STORE_04,mall,CHK_001,20,5,1,new,card,0,6,0,0,101,0,1,0,1,209,987,1,93.2,5.06,0,50.2,21.12,low,OK
TX_005106,STORE_04,mall,CHK_032,15,0,0,regular,card,0,9,0,0,98,0,0,0,1,205,987,1,95.3,0.14,0,53.05,22.7,low,OK
TX_005107,STORE_06,retail_park,CHK_011,10,0,0,regular,card,0,5,2,0,62,0,0,0,2,179,1000,5,64.9,0.0,0,43.45,17.38,low,OK
TX_005108,STORE_04,mall,CHK_012,9,6,1,regular,mobile,0,9,1,0,85,0,0,1,1,201,987,3,89.3,0.02,0,54.05,23.25,low,OK
TX_005109,STORE_02,city,CHK_005,13,6,1,regular,card,1,8,0,1,116,0,0,0,0,205,994,4,119.0,9.0,0,72.3,33.35,low,OK
TX_005110,STORE_05,retail_park,CHK_035,13,6,1,regular,card,1,5,1,0,64,0,0,0,2,218,993,2,63.5,0.0,0,38.75,14.78,low,OK
TX_005111,STORE_06,retail_park,CHK_027,8,1,0,regular,card,0,8,1,0,82,0,0,0,2,200,1000,3,84.8,0.25,0,51.199999999999996,21.67,low,OK
TX_005112,STORE_01,city,CHK_013,21,0,0,regular,card,0,8,0,0,76,0,0,0,0,192,987,1,80.3,0.53,0,44.949999999999996,18.21,low,OK
TX_005113,STORE_01,city,CHK_006,11,6,1,regular,card,0,14,1,1,159,0,0,0,0,223,987,7,167.8,49.54,0,104.30000000000001,51.07,medium,WATCH
TX_005114,STORE_02,city,CHK_002,15,5,1,regular,card,1,13,0,0,125,0,0,0,0,161,994,0,122.1,0.4,0,68.85,31.44,low,OK
TX_005115,STORE_03,mall,CHK_019,17,1,0,regular,mobile,0,6,0,0,67,0,0,1,1,187,994,1,62.6,0.11,0,34.9,12.65,low,OK
TX_005116,STORE_07,hyper,CHK_026,10,0,0,new,card,1,7,0,0,74,0,1,0,3,183,1063,0,81.0,0.0,0,44.7,18.07,low,OK
TX_005117,STORE_04,mall,CHK_029,11,6,1,regular,card,1,9,0,0,73,0,0,0,1,211,987,0,83.5,0.0,0,47.15,19.43,low,OK
TX_005118,STORE_04,mall,CHK_018,14,4,0,regular,mobile,1,8,2,0,101,0,0,1,1,200,987,4,87.9,0.06,0,56.75,24.74,low,OK
TX_005119,STORE_06,retail_park,CHK_027,20,2,0,regular,card,0,9,0,0,96,0,0,0,2,200,1000,1,104.2,0.6,0,57.5,25.16,low,OK
TX_005120,STORE_01,city,CHK_015,20,4,0,regular,mobile,0,17,0,0,171,0,0,1,0,207,987,1,172.2,3.76,0,96.3,46.64,medium,WATCH
TX_005121,STORE_08,hyper,CHK_032,16,1,0,regular,card,0,15,0,0,124,0,0,0,3,205,982,1,130.6,2.97,0,74.3,34.46,low,OK
TX_005122,STORE_04,mall,CHK_036,9,0,0,new,mobile,1,7,1,1,110,0,1,1,1,205,987,6,132.5,19.29,0,82.45,38.97,medium,WATCH
TX_005123,STORE_08,hyper,CHK_003,10,6,1,regular,card,1,8,2,0,84,0,0,0,3,195,982,4,86.1,0.0,0,55.849999999999994,24.25,low,OK
TX_005124,STORE_01,city,CHK_004,19,4,0,regular,card,0,3,1,0,58,0,0,0,0,219,987,3,51.2,0.08,0,31.400000000000002,10.71,low,OK
TX_005125,STORE_06,retail_park,CHK_026,19,1,0,new,card,0,9,1,0,115,0,1,0,2,183,1000,3,120.6,4.22,0,69.7,31.91,low,OK
TX_005126,STORE_02,city,CHK_005,21,5,1,new,mobile,0,1,0,1,74,1,1,1,0,205,994,5,81.1,54.06,1,49.15,20.54,low,MONITOR_QUEUE
TX_005127,STORE_07,hyper,CHK_040,21,5,1,regular,mobile,0,13,0,0,95,0,0,1,3,193,1063,1,98.7,4.25,0,57.15,24.97,low,OK
TX_005128,STORE_01,city,CHK_012,18,0,0,regular,card,1,6,2,1,115,0,0,0,0,201,987,8,120.0,19.22,0,79.6,37.39,medium,WATCH
TX_005129,STORE_01,city,CHK_007,8,2,0,regular,card,1,5,0,0,58,0,0,0,0,217,987,0,56.0,0.0,0,31.0,10.49,low,OK
TX_005130,STORE_01,city,CHK_020,16,0,0,new,mobile,0,11,1,0,135,0,1,1,0,175,987,3,132.7,13.76,0,76.94999999999999,35.93,medium,WATCH
TX_005131,STORE_04,mall,CHK_031,21,4,0,new,mobile,0,8,0,0,84,0,1,1,1,194,987,1,100.4,3.79,0,55.0,23.78,low,OK
TX_005132,STORE_05,retail_park,CHK_003,15,6,1,new,gift_card,1,8,1,0,107,0,1,2,2,195,993,2,103.7,0.31,0,60.65,26.9,low,OK
TX_005133,STORE_04,mall,CHK_004,11,2,0,new,card,1,6,1,1,132,0,1,0,1,219,987,6,118.9,17.23,0,75.05,34.87,low,OK
TX_005134,STORE_05,retail_park,CHK_018,12,1,0,new,card,0,11,1,0,149,0,1,0,2,200,993,3,144.9,26.99,0,83.05,39.3,medium,WATCH
TX_005135,STORE_01,city,CHK_019,9,2,0,professional,card,0,8,1,0,86,0,2,0,0,187,987,3,91.3,0.96,0,54.449999999999996,23.47,low,OK
TX_005136,STORE_06,retail_park,CHK_035,9,6,1,regular,card,1,12,1,3,218,1,0,0,2,218,1000,14,215.1,92.37,1,142.75,72.35,high,OPEN_SUPPORT
TX_005137,STORE_02,city,CHK_019,9,6,1,regular,card,0,10,1,0,107,0,0,0,0,187,994,3,98.1,0.0,0,59.05,26.02,low,OK
TX_005138,STORE_03,mall,CHK_012,15,2,0,regular,card,0,8,2,0,80,0,0,0,1,201,994,5,94.9,0.37,0,60.25,26.68,low,OK
TX_005139,STORE_05,retail_park,CHK_019,15,0,0,regular,card,1,7,1,0,72,0,0,0,2,187,993,2,75.6,0.01,0,46.0,18.79,low,OK
TX_005140,STORE_03,mall,CHK_028,16,2,0,new,card,1,10,0,0,95,0,1,0,1,218,994,0,103.5,0.6,0,57.75,25.3,low,OK
TX_005141,STORE_03,mall,CHK_024,19,3,0,regular,card,1,1,1,0,34,0,0,0,1,217,994,2,33.6,0.01,0,21.400000000000002,5.18,low,OK
TX_005142,STORE_03,mall,CHK_014,16,5,1,new,mobile,1,11,1,0,107,0,1,1,1,213,994,2,111.8,1.28,0,66.5,30.14,low,OK
TX_005143,STORE_03,mall,CHK_005,11,4,0,regular,mobile,1,11,1,1,137,0,0,1,1,205,994,6,140.1,52.06,1,88.64999999999999,42.4,medium,MONITOR_QUEUE
TX_005144,STORE_03,mall,CHK_037,11,2,0,regular,card,1,7,0,0,71,0,0,0,1,194,994,0,66.6,0.0,0,37.5,14.09,low,OK
TX_005145,STORE_04,mall,CHK_013,14,2,0,new,card,0,11,1,0,137,0,1,0,1,192,987,3,146.9,30.92,0,84.05,39.86,medium,WATCH
TX_005146,STORE_03,mall,CHK_014,17,3,0,regular,card,1,3,2,0,51,0,0,0,1,213,994,4,53.5,0.07,0,36.55,13.56,low,OK
TX_005147,STORE_07,hyper,CHK_007,18,0,0,regular,mobile,1,8,2,0,101,0,0,1,3,217,1063,4,97.1,0.01,0,61.349999999999994,27.29,low,OK
TX_005148,STORE_06,retail_park,CHK_005,13,0,0,regular,card,0,8,0,1,158,0,0,0,2,205,1000,5,139.9,16.2,0,82.75,39.14,medium,WATCH
TX_005149,STORE_03,mall,CHK_027,8,3,0,regular,card,0,8,1,0,84,0,0,0,1,200,994,3,84.5,0.08,0,51.05,21.59,low,OK
TX_005150,STORE_04,mall,CHK_040,16,5,1,regular,card,1,4,1,0,48,0,0,0,1,193,987,2,56.4,0.03,0,34.6,12.48,low,OK
TX_005151,STORE_03,mall,CHK_025,10,5,1,regular,card,0,13,0,0,127,0,0,0,1,213,994,1,121.5,1.92,0,68.55,31.28,low,OK
TX_005152,STORE_05,retail_park,CHK_037,18,1,0,new,mobile,0,11,0,1,221,1,1,1,2,194,993,5,197.1,95.55,1,113.14999999999999,55.96,high,OPEN_SUPPORT
TX_005153,STORE_04,mall,CHK_033,8,6,1,professional,card,1,6,0,0,64,0,2,0,1,192,987,0,66.6,0.14,0,36.9,13.76,low,OK
TX_005154,STORE_08,hyper,CHK_033,12,4,0,regular,mobile,0,10,0,0,112,0,0,1,3,192,982,1,109.0,0.18,0,60.5,26.82,low,OK
TX_005155,STORE_05,retail_park,CHK_010,19,5,1,regular,card,0,8,0,1,157,0,0,0,2,204,993,5,144.9,22.06,0,85.25,40.52,medium,WATCH
TX_005156,STORE_03,mall,CHK_027,9,6,1,regular,card,1,14,4,0,119,0,0,0,1,200,994,8,129.4,37.24,0,89.10000000000001,42.65,medium,WATCH
TX_005157,STORE_06,retail_park,CHK_029,10,3,0,regular,card,1,14,0,0,109,0,0,0,2,211,1000,0,113.0,0.12,0,64.9,29.26,low,OK
TX_005158,STORE_01,city,CHK_018,14,0,0,regular,card,1,5,0,1,104,0,0,0,0,200,987,4,95.5,6.9,0,58.75,25.85,low,OK
TX_005159,STORE_04,mall,CHK_004,21,2,0,new,gift_card,0,8,1,0,109,0,1,2,1,219,987,3,110.2,1.81,0,63.9,28.7,low,OK
TX_005160,STORE_01,city,CHK_004,11,2,0,regular,card,1,1,0,0,23,0,0,0,0,219,987,0,23.5,0.0,0,12.35,0.17,low,OK
TX_005161,STORE_04,mall,CHK_007,10,6,1,new,mobile,1,11,1,0,119,0,1,1,1,217,987,2,117.1,2.18,0,69.14999999999999,31.61,low,OK
TX_005162,STORE_08,hyper,CHK_025,8,6,1,regular,card,1,13,0,0,124,0,0,0,3,213,982,0,116.0,0.4,0,65.8,29.75,low,OK
TX_005163,STORE_04,mall,CHK_028,18,3,0,regular,card,1,7,0,1,122,0,0,0,1,218,987,4,127.1,8.08,0,75.75,35.26,medium,WATCH
TX_005164,STORE_06,retail_park,CHK_039,12,4,0,new,card,0,7,0,0,101,0,1,0,2,195,1000,1,97.3,5.37,0,52.85,22.59,low,OK
TX_005165,STORE_03,mall,CHK_037,14,3,0,regular,mobile,1,13,0,0,134,0,0,1,1,194,994,0,123.3,0.32,0,69.45,31.77,low,OK
TX_005166,STORE_01,city,CHK_018,9,0,0,regular,card,1,4,1,0,51,0,0,0,0,200,987,2,51.6,0.0,0,32.2,11.15,low,OK
TX_005167,STORE_05,retail_park,CHK_001,12,1,0,new,mobile,1,6,1,0,78,0,1,1,2,209,993,2,77.0,0.0,0,46.1,18.85,low,OK
TX_005168,STORE_07,hyper,CHK_019,10,0,0,professional,gift_card,1,8,1,0,104,0,2,2,3,187,1063,2,98.8,0.8,0,58.199999999999996,25.55,low,OK
TX_005169,STORE_01,city,CHK_038,10,1,0,regular,card,1,3,2,0,54,0,0,0,0,194,987,4,56.8,0.06,0,38.199999999999996,14.48,low,OK
TX_005170,STORE_01,city,CHK_032,8,2,0,regular,mobile,0,17,1,0,168,0,0,1,0,205,987,3,150.1,3.16,0,89.25,42.73,medium,WATCH
TX_005171,STORE_06,retail_park,CHK_016,10,5,1,regular,card,1,19,1,0,149,0,0,0,2,195,1000,2,152.9,0.57,0,91.85000000000001,44.17,medium,WATCH
TX_005172,STORE_04,mall,CHK_008,10,3,0,regular,card,0,12,2,0,100,0,0,0,1,173,987,5,116.1,2.18,0,73.25,33.88,low,OK
TX_005173,STORE_06,retail_park,CHK_034,18,3,0,new,card,1,18,0,0,235,0,1,0,2,189,1000,0,223.5,4.05,0,122.55,61.17,high,MONITOR_QUEUE
TX_005174,STORE_02,city,CHK_025,13,4,0,professional,card,0,1,2,0,45,0,2,0,0,213,994,5,44.2,1.77,0,30.700000000000003,10.32,low,OK
TX_005175,STORE_02,city,CHK_025,12,3,0,regular,card,1,9,0,0,108,0,0,0,0,213,994,0,89.5,0.01,0,50.15,21.09,low,OK
TX_005176,STORE_04,mall,CHK_002,14,4,0,regular,card,1,8,1,0,79,0,0,0,1,161,987,2,85.8,0.0,0,51.699999999999996,21.95,low,OK
TX_005177,STORE_04,mall,CHK_010,8,4,0,new,mobile,1,11,0,0,114,0,1,1,1,204,987,0,114.3,0.29,0,63.75,28.62,low,OK
TX_005178,STORE_01,city,CHK_021,11,2,0,regular,card,1,6,2,0,67,0,0,0,0,203,987,4,69.8,0.1,0,46.5,19.07,low,OK
TX_005179,STORE_01,city,CHK_011,21,2,0,regular,card,1,11,1,0,94,0,0,0,0,179,987,2,101.3,0.0,0,61.25,27.23,low,OK
TX_005180,STORE_07,hyper,CHK_025,15,6,1,professional,card,1,13,0,1,160,1,2,0,3,213,1063,4,176.0,90.01,1,103.8,50.79,medium,OPEN_SUPPORT
TX_005181,STORE_04,mall,CHK_024,16,4,0,new,mobile,0,2,1,0,45,0,1,1,1,217,987,3,50.6,2.92,0,30.5,10.21,low,OK
TX_005182,STORE_03,mall,CHK_009,8,2,0,new,mobile,0,11,1,0,130,0,1,1,1,211,994,3,128.4,12.77,0,74.8,34.74,low,OK
TX_005183,STORE_07,hyper,CHK_014,8,3,0,regular,card,1,8,1,0,81,0,0,0,3,213,1063,2,79.9,0.61,0,48.75,20.32,low,OK
TX_005184,STORE_03,mall,CHK_031,8,1,0,new,gift_card,1,15,0,0,164,0,1,2,1,194,994,0,156.2,1.48,0,87.1,41.54,medium,WATCH
TX_005185,STORE_02,city,CHK_035,12,6,1,regular,mobile,0,11,1,1,181,1,0,1,0,218,994,7,166.0,70.58,1,101.6,49.57,medium,OPEN_SUPPORT
TX_005186,STORE_06,retail_park,CHK_008,20,2,0,new,card,1,10,1,0,123,0,1,0,2,173,1000,2,125.2,1.71,0,72.6,33.52,low,OK
TX_005187,STORE_07,hyper,CHK_028,12,5,1,regular,card,1,7,1,0,79,0,0,0,3,218,1063,2,80.8,0.11,0,48.6,20.23,low,OK
TX_005188,STORE_01,city,CHK_036,17,3,0,regular,card,0,5,2,0,65,0,0,0,0,205,987,5,67.4,0.43,0,44.7,18.07,low,OK
TX_005189,STORE_07,hyper,CHK_036,14,4,0,new,card,1,7,6,0,129,0,1,0,3,205,1063,12,127.9,9.56,0,92.15,44.34,medium,WATCH
TX_005190,STORE_05,retail_park,CHK_036,20,1,0,regular,card,0,10,1,0,116,0,0,0,2,205,993,3,125.1,0.32,0,72.55,33.49,low,OK
TX_005191,STORE_05,retail_park,CHK_035,12,1,0,regular,card,1,8,1,0,100,0,0,0,2,218,993,2,86.7,0.35,0,52.15,22.2,low,OK
TX_005192,STORE_05,retail_park,CHK_004,15,1,0,regular,card,1,8,2,0,86,0,0,0,2,219,993,4,86.1,0.83,0,55.849999999999994,24.25,low,OK
TX_005193,STORE_03,mall,CHK_029,12,6,1,regular,card,1,8,0,0,98,0,0,0,1,211,994,0,88.7,0.0,0,49.15,20.54,low,OK
TX_005194,STORE_04,mall,CHK_035,21,4,0,new,card,0,5,0,0,77,0,1,0,1,218,987,1,67.1,3.94,0,36.55,13.56,low,OK
TX_005195,STORE_07,hyper,CHK_016,13,6,1,new,card,0,15,0,0,213,1,1,0,3,195,1063,1,175.8,70.4,1,96.9,46.97,medium,OPEN_SUPPORT
TX_005196,STORE_05,retail_park,CHK_001,20,5,1,regular,mobile,1,5,1,0,64,0,0,1,2,209,993,2,69.4,0.0,0,41.7,16.41,low,OK
TX_005197,STORE_01,city,CHK_001,20,1,0,new,mobile,1,2,2,1,110,0,1,1,0,209,987,8,100.3,23.86,0,67.35000000000001,30.61,low,OK
TX_005198,STORE_08,hyper,CHK_031,18,2,0,regular,card,1,3,0,0,46,0,0,0,3,194,982,0,47.9,0.1,0,25.75,7.58,low,OK
TX_005199,STORE_03,mall,CHK_024,8,6,1,regular,card,1,8,2,0,90,0,0,0,1,217,994,4,86.5,0.68,0,56.05,24.36,low,OK
TX_005200,STORE_03,mall,CHK_013,13,5,1,regular,card,1,17,2,0,166,0,0,0,1,192,994,4,160.9,5.67,0,98.65,47.94,medium,WATCH
TX_005201,STORE_08,hyper,CHK_015,19,0,0,regular,card,1,13,0,0,117,0,0,0,3,207,982,0,132.0,0.25,0,73.8,34.18,low,OK
TX_005202,STORE_08,hyper,CHK_010,9,4,0,regular,card,0,13,0,0,140,0,0,0,3,204,982,1,120.4,2.19,0,68.0,30.97,low,OK
TX_005203,STORE_03,mall,CHK_003,12,5,1,regular,card,1,11,1,1,171,1,0,0,1,195,994,6,141.6,69.17,1,89.39999999999999,42.82,medium,MONITOR_QUEUE
TX_005204,STORE_02,city,CHK_016,9,5,1,regular,mobile,0,4,1,0,47,0,0,1,0,195,994,3,52.9,0.0,0,32.85,11.51,low,OK
TX_005205,STORE_07,hyper,CHK_011,13,4,0,regular,card,1,16,1,0,183,0,0,0,3,179,1063,2,142.6,0.0,0,84.89999999999999,40.33,medium,WATCH
TX_005206,STORE_03,mall,CHK_009,15,2,0,new,card,0,7,2,0,84,0,1,0,1,211,994,5,98.6,4.18,0,61.5,27.37,low,OK
TX_005207,STORE_03,mall,CHK_013,14,5,1,professional,card,0,7,1,0,97,0,2,0,1,192,994,3,93.7,1.49,0,55.050000000000004,23.8,low,OK
TX_005208,STORE_05,retail_park,CHK_022,17,4,0,regular,mobile,0,11,1,0,120,0,0,1,2,223,993,3,116.3,1.09,0,68.75,31.39,low,OK
TX_005209,STORE_01,city,CHK_015,11,4,0,professional,mobile,0,10,0,0,98,0,2,1,0,207,987,1,101.0,0.76,0,56.5,24.61,low,OK
TX_005210,STORE_03,mall,CHK_011,19,3,0,regular,card,1,12,4,0,136,0,0,0,1,179,994,8,164.1,27.74,0,105.25,51.59,medium,WATCH
TX_005211,STORE_01,city,CHK_012,21,2,0,regular,card,0,14,0,0,113,0,0,0,0,201,987,1,134.3,3.63,0,75.55000000000001,35.15,medium,WATCH
TX_005212,STORE_05,retail_park,CHK_028,21,4,0,new,card,0,16,1,2,287,1,1,0,2,218,993,11,275.5,98.88,1,167.35,85.97,critical,OPEN_SUPPORT
TX_005213,STORE_05,retail_park,CHK_024,11,5,1,professional,mobile,1,6,1,0,69,0,2,1,2,217,993,2,69.6,0.05,0,42.4,16.8,low,OK
TX_005214,STORE_05,retail_park,CHK_011,11,3,0,new,card,1,10,1,0,96,0,1,0,2,179,993,2,103.2,0.64,0,61.6,27.43,low,OK
TX_005215,STORE_05,retail_park,CHK_014,21,1,0,regular,card,0,4,2,0,64,0,0,0,2,213,993,5,63.2,0.47,0,42.0,16.58,low,OK
TX_005216,STORE_04,mall,CHK_016,14,4,0,regular,card,0,11,0,0,107,0,0,0,1,195,987,1,111.8,2.79,0,62.5,27.93,low,OK
TX_005217,STORE_02,city,CHK_036,21,0,0,regular,card,1,15,0,0,101,0,0,0,0,205,994,0,132.6,0.0,0,75.3,35.01,medium,WATCH
TX_005218,STORE_03,mall,CHK_038,15,5,1,regular,card,1,6,2,0,66,0,0,0,1,194,994,4,73.6,0.06,0,48.4,20.12,low,OK
TX_005219,STORE_07,hyper,CHK_017,12,1,0,new,card,1,11,1,0,141,0,1,0,3,202,1063,2,130.4,0.51,0,75.8,35.29,medium,WATCH
TX_005220,STORE_06,retail_park,CHK_038,8,5,1,new,card,1,11,1,0,140,0,1,0,2,194,1000,2,120.5,1.38,0,70.85,32.55,low,OK
TX_005221,STORE_07,hyper,CHK_009,17,5,1,professional,card,0,12,0,1,141,0,2,0,3,211,1063,5,152.3,55.67,1,91.35000000000001,43.9,medium,MONITOR_QUEUE
TX_005222,STORE_04,mall,CHK_032,15,2,0,regular,card,1,11,0,0,91,0,0,0,1,205,987,0,97.7,0.03,0,55.45,24.02,low,OK
TX_005223,STORE_03,mall,CHK_015,17,6,1,regular,card,1,7,0,1,87,0,0,0,1,207,994,4,99.8,8.97,0,62.1,27.71,low,OK
TX_005224,STORE_08,hyper,CHK_030,19,4,0,regular,card,1,25,0,0,254,0,0,0,3,197,982,0,181.6,1.28,0,105.8,51.9,medium,WATCH
TX_005225,STORE_08,hyper,CHK_037,8,2,0,new,mobile,0,6,0,0,78,0,1,1,3,194,982,1,79.2,2.64,0,43.2,17.24,low,OK
TX_005226,STORE_07,hyper,CHK_015,19,1,0,regular,mobile,0,14,2,0,152,0,0,1,3,207,1063,5,158.1,3.87,0,95.45,46.17,medium,WATCH
TX_005227,STORE_07,hyper,CHK_003,9,0,0,regular,card,1,12,1,0,93,0,0,0,3,195,1063,2,104.2,0.2,0,63.3,28.37,low,OK
TX_005228,STORE_01,city,CHK_036,12,0,0,regular,card,0,3,2,0,63,0,0,0,0,205,987,5,61.1,0.03,0,40.349999999999994,15.67,low,OK
TX_005229,STORE_02,city,CHK_006,10,3,0,regular,card,1,8,0,1,130,0,0,0,0,223,994,4,123.8,4.68,0,74.7,34.68,low,OK
TX_005230,STORE_04,mall,CHK_014,11,2,0,new,mobile,0,8,1,1,156,1,1,1,1,213,987,7,145.3,92.73,1,89.45,42.85,medium,OPEN_SUPPORT
TX_005231,STORE_02,city,CHK_033,15,2,0,new,card,0,15,0,0,187,1,1,0,0,192,994,1,179.7,81.78,1,98.85,48.05,medium,OPEN_SUPPORT
TX_005232,STORE_02,city,CHK_003,17,5,1,regular,card,1,9,1,1,125,0,0,0,0,195,994,6,139.3,26.55,0,87.05000000000001,41.52,medium,WATCH
TX_005233,STORE_05,retail_park,CHK_020,11,0,0,regular,card,0,4,0,0,53,0,0,0,2,175,993,1,49.3,0.09,0,27.049999999999997,8.3,low,OK
TX_005234,STORE_06,retail_park,CHK_011,10,5,1,regular,card,0,13,0,0,123,0,0,0,2,179,1000,1,114.8,4.38,0,65.2,29.42,low,OK
TX_005235,STORE_06,retail_park,CHK_034,10,6,1,regular,card,1,8,1,1,122,0,0,0,2,189,1000,6,116.4,13.33,0,75.0,34.85,low,OK
TX_005236,STORE_04,mall,CHK_006,14,6,1,regular,mobile,1,13,1,0,119,0,0,1,1,223,987,2,125.8,0.3,0,74.7,34.68,low,OK
TX_005237,STORE_01,city,CHK_024,9,5,1,regular,card,1,12,1,0,127,0,0,0,0,217,987,2,109.2,0.0,0,65.8,29.75,low,OK
TX_005238,STORE_02,city,CHK_007,14,5,1,regular,card,0,12,0,0,146,0,0,0,0,217,994,1,125.6,2.04,0,70.0,32.08,low,OK
TX_005239,STORE_06,retail_park,CHK_040,21,4,0,regular,mobile,0,11,1,0,96,0,0,1,2,193,1000,3,99.4,1.48,0,60.300000000000004,26.71,low,OK
TX_005240,STORE_07,hyper,CHK_002,19,4,0,new,mobile,1,2,3,1,103,1,1,1,3,161,1063,10,105.3,87.64,1,73.85000000000001,34.21,low,OPEN_SUPPORT
TX_005241,STORE_08,hyper,CHK_019,14,4,0,professional,card,0,10,0,0,131,0,2,0,3,187,982,1,121.1,2.07,0,66.55,30.17,low,OK
TX_005242,STORE_05,retail_park,CHK_013,15,4,0,regular,card,0,4,1,0,54,0,0,0,2,192,993,3,56.2,0.1,0,34.5,12.43,low,OK
TX_005243,STORE_01,city,CHK_015,18,6,1,regular,gift_card,1,1,1,0,38,0,0,2,0,207,987,2,36.3,0.0,0,22.75,5.92,low,OK
TX_005244,STORE_03,mall,CHK_009,18,6,1,professional,card,1,13,2,0,186,0,2,0,1,211,994,4,171.8,4.11,0,101.7,49.63,medium,WATCH
TX_005245,STORE_05,retail_park,CHK_012,9,1,0,regular,card,0,4,1,0,52,0,0,0,2,201,993,3,54.1,0.25,0,33.45,11.85,low,OK
TX_005246,STORE_08,hyper,CHK_031,18,6,1,regular,card,1,16,0,0,152,0,0,0,3,194,982,0,161.7,1.17,0,90.44999999999999,43.4,medium,WATCH
TX_005247,STORE_03,mall,CHK_002,8,6,1,new,card,0,8,1,1,141,1,1,0,1,161,994,7,138.9,89.09,1,86.25,41.07,medium,OPEN_SUPPORT
TX_005248,STORE_07,hyper,CHK_002,10,6,1,professional,card,1,10,1,0,122,0,2,0,3,161,1063,2,107.4,0.4,0,63.7,28.59,low,OK
TX_005249,STORE_03,mall,CHK_023,14,3,0,regular,card,0,10,1,0,103,0,0,0,1,188,994,3,111.7,0.61,0,65.85,29.78,low,OK
TX_005250,STORE_04,mall,CHK_024,17,2,0,new,gift_card,1,7,0,0,96,0,1,2,1,217,987,0,87.9,0.0,0,48.150000000000006,19.98,low,OK
TX_005251,STORE_08,hyper,CHK_006,15,5,1,regular,card,1,8,1,2,184,1,0,0,3,223,982,10,180.4,75.79,1,115.0,56.99,high,OPEN_SUPPORT
TX_005252,STORE_01,city,CHK_018,8,2,0,new,card,0,7,1,1,131,1,1,0,0,200,987,7,132.7,88.65,1,82.55,39.03,medium,OPEN_SUPPORT
TX_005253,STORE_03,mall,CHK_037,21,1,0,regular,card,1,6,1,0,67,0,0,0,1,194,994,2,67.6,0.03,0,41.4,16.25,low,OK
TX_005254,STORE_07,hyper,CHK_020,11,4,0,regular,card,1,16,0,0,121,0,0,0,3,175,1063,0,129.2,0.47,0,74.19999999999999,34.4,low,OK
TX_005255,STORE_05,retail_park,CHK_010,14,6,1,new,card,0,4,2,1,94,1,1,0,2,204,993,9,101.3,92.41,1,69.05000000000001,31.55,low,OPEN_SUPPORT
TX_005256,STORE_07,hyper,CHK_039,15,6,1,regular,card,0,12,0,0,129,0,0,0,3,195,1063,1,116.0,0.54,0,65.2,29.42,low,OK
TX_005257,STORE_07,hyper,CHK_003,18,3,0,regular,mobile,1,13,0,0,142,0,0,1,3,195,1063,0,139.0,0.52,0,77.3,36.12,medium,WATCH
TX_005258,STORE_02,city,CHK_028,16,0,0,regular,card,1,6,0,0,61,0,0,0,0,218,994,0,62.6,0.04,0,34.9,12.65,low,OK
TX_005259,STORE_05,retail_park,CHK_004,19,4,0,regular,card,1,12,0,0,110,0,0,0,2,219,993,0,123.4,0.0,0,68.9,31.47,low,OK
TX_005260,STORE_08,hyper,CHK_033,20,6,1,regular,mobile,0,10,1,0,104,0,0,1,3,192,982,3,115.4,0.45,0,67.7,30.81,low,OK
TX_005261,STORE_07,hyper,CHK_031,17,0,0,regular,card,1,12,0,1,142,0,0,0,3,194,1063,4,145.1,69.69,1,87.75,41.9,medium,MONITOR_QUEUE
TX_005262,STORE_06,retail_park,CHK_008,20,0,0,regular,card,1,10,1,1,130,0,0,0,2,173,1000,6,138.9,57.4,1,87.45,41.74,medium,MONITOR_QUEUE
TX_005263,STORE_07,hyper,CHK_039,12,0,0,regular,card,0,16,0,0,158,0,0,0,3,195,1063,1,149.9,4.41,0,84.55,40.13,medium,WATCH
TX_005264,STORE_07,hyper,CHK_012,10,6,1,regular,card,0,8,0,2,160,1,0,0,3,201,1063,9,167.3,85.12,1,104.45,51.15,medium,OPEN_SUPPORT
TX_005265,STORE_08,hyper,CHK_008,16,2,0,new,mobile,1,16,0,1,211,1,1,1,3,173,982,4,210.3,94.05,1,122.75,61.28,high,OPEN_SUPPORT
TX_005266,STORE_02,city,CHK_002,14,4,0,regular,card,1,1,1,1,80,0,0,0,0,161,994,6,71.2,8.33,0,48.2,20.01,low,OK
TX_005267,STORE_04,mall,CHK_031,18,1,0,regular,gift_card,0,7,3,0,107,0,0,2,1,194,987,7,105.5,9.94,0,68.95,31.5,low,OK
TX_005268,STORE_02,city,CHK_020,17,5,1,regular,mobile,1,6,1,0,64,0,0,1,0,175,994,2,64.6,0.0,0,39.9,15.42,low,OK
TX_005269,STORE_05,retail_park,CHK_016,8,3,0,regular,card,1,13,2,0,116,0,0,0,2,195,993,4,117.8,0.89,0,74.7,34.68,low,OK
TX_005270,STORE_08,hyper,CHK_019,19,4,0,regular,card,1,7,0,0,88,0,0,0,3,187,982,0,83.8,0.1,0,46.1,18.85,low,OK
TX_005271,STORE_08,hyper,CHK_012,17,4,0,regular,mobile,1,18,1,1,216,1,0,1,3,201,982,6,212.6,94.97,1,129.1,64.79,high,OPEN_SUPPORT
TX_005272,STORE_02,city,CHK_034,17,1,0,new,card,1,10,0,1,153,0,1,0,0,189,994,4,152.8,65.98,1,90.4,43.37,medium,MONITOR_QUEUE
TX_005273,STORE_05,retail_park,CHK_035,11,1,0,regular,card,0,4,1,0,49,0,0,0,2,218,993,3,52.3,0.28,0,32.55,11.35,low,OK
TX_005274,STORE_08,hyper,CHK_007,19,5,1,professional,card,1,12,1,1,197,1,2,0,3,217,982,6,188.6,92.42,1,113.5,56.16,high,OPEN_SUPPORT
TX_005275,STORE_05,retail_park,CHK_019,8,6,1,new,gift_card,0,15,1,1,199,1,1,2,2,187,993,7,188.9,80.98,1,115.45,57.24,high,OPEN_SUPPORT
TX_005276,STORE_07,hyper,CHK_016,9,2,0,regular,card,1,9,0,0,78,0,0,0,3,195,1063,0,80.5,0.0,0,45.65,18.6,low,OK
TX_005277,STORE_04,mall,CHK_027,17,4,0,regular,card,1,9,1,0,76,0,0,0,1,200,987,2,81.5,0.0,0,50.15,21.09,low,OK
TX_005278,STORE_08,hyper,CHK_016,13,3,0,regular,card,1,20,3,0,210,1,0,0,3,195,982,6,185.1,33.2,0,116.55,57.85,high,MONITOR_QUEUE
TX_005279,STORE_08,hyper,CHK_022,15,5,1,new,card,1,9,0,0,79,0,1,0,3,223,982,0,91.1,0.15,0,50.949999999999996,21.53,low,OK
TX_005280,STORE_06,retail_park,CHK_008,15,5,1,professional,card,0,13,0,0,111,0,2,0,2,173,1000,1,123.3,10.3,0,69.45,31.77,low,OK
TX_005281,STORE_01,city,CHK_036,21,4,0,regular,card,1,4,2,0,57,0,0,0,0,205,987,4,57.5,0.02,0,39.15,15.0,low,OK
TX_005282,STORE_07,hyper,CHK_037,14,1,0,regular,mobile,1,6,0,0,63,0,0,1,3,194,1063,0,66.5,0.01,0,36.85,13.73,low,OK
TX_005283,STORE_01,city,CHK_023,19,4,0,regular,card,1,8,1,0,114,0,0,0,0,188,987,2,104.9,0.0,0,61.25,27.23,low,OK
TX_005284,STORE_03,mall,CHK_036,14,0,0,regular,card,1,6,1,1,124,0,0,0,1,205,994,6,120.8,7.28,0,76.0,35.4,medium,WATCH
TX_005285,STORE_03,mall,CHK_009,16,1,0,regular,card,0,5,2,0,63,0,0,0,1,211,994,5,66.2,0.18,0,44.1,17.74,low,OK
TX_005286,STORE_04,mall,CHK_039,14,5,1,regular,card,0,11,2,0,149,0,0,0,1,195,987,5,127.6,2.83,0,78.39999999999999,36.73,medium,WATCH
TX_005287,STORE_08,hyper,CHK_022,14,2,0,regular,mobile,1,11,2,1,157,0,0,1,3,223,982,8,157.1,33.06,0,101.14999999999999,49.32,medium,WATCH
TX_005288,STORE_04,mall,CHK_031,20,1,0,regular,card,0,13,2,0,162,0,0,0,1,194,987,5,160.3,4.34,0,95.95,46.44,medium,WATCH
TX_005289,STORE_07,hyper,CHK_038,16,6,1,regular,card,1,11,2,0,97,0,0,0,3,194,1063,4,112.9,2.38,0,71.05,32.66,low,OK
TX_005290,STORE_02,city,CHK_024,10,2,0,regular,card,1,7,1,0,78,0,0,0,0,217,994,2,73.4,0.0,0,44.900000000000006,18.18,low,OK
TX_005291,STORE_02,city,CHK_007,19,2,0,regular,mobile,1,7,0,1,117,0,0,1,0,217,994,4,119.4,6.6,0,71.9,33.13,low,OK
TX_005292,STORE_01,city,CHK_016,16,2,0,new,card,0,9,1,0,111,0,1,0,0,195,987,3,113.1,3.0,0,65.95,29.84,low,OK
TX_005293,STORE_06,retail_park,CHK_039,15,0,0,new,card,0,11,1,1,164,1,1,0,2,195,1000,7,171.3,97.0,1,104.25,51.04,medium,OPEN_SUPPORT
TX_005294,STORE_02,city,CHK_018,13,5,1,new,card,0,11,1,0,165,1,1,0,0,200,994,3,150.4,49.94,0,85.8,40.82,medium,WATCH
TX_005295,STORE_01,city,CHK_016,14,6,1,regular,card,0,12,3,0,167,1,0,0,0,195,987,7,133.1,28.52,0,85.75,40.8,medium,WATCH
TX_005296,STORE_01,city,CHK_011,15,1,0,regular,card,0,13,1,0,114,0,0,0,0,179,987,3,121.9,0.95,0,72.75,33.6,low,OK
TX_005297,STORE_03,mall,CHK_005,9,2,0,professional,mobile,1,10,0,0,103,0,2,1,1,205,994,0,101.2,0.0,0,56.6,24.66,low,OK
TX_005298,STORE_05,retail_park,CHK_029,9,6,1,regular,card,0,8,0,0,82,0,0,0,2,211,993,1,79.9,0.1,0,44.75,18.1,low,OK
TX_005299,STORE_07,hyper,CHK_036,11,6,1,regular,card,1,16,0,0,120,0,0,0,3,205,1063,0,130.5,0.16,0,74.85,34.76,low,OK
TX_005300,STORE_07,hyper,CHK_005,9,1,0,new,card,1,12,1,0,126,0,1,0,3,205,1063,2,126.6,2.29,0,74.5,34.57,low,OK
TX_005301,STORE_05,retail_park,CHK_024,14,4,0,new,card,0,6,1,0,85,0,1,0,2,217,993,3,82.8,5.55,0,49.0,20.45,low,OK
TX_005302,STORE_06,retail_park,CHK_024,17,5,1,regular,mobile,0,8,0,0,63,0,0,1,2,217,1000,1,68.4,0.0,0,39.0,14.92,low,OK
TX_005303,STORE_02,city,CHK_021,13,1,0,new,mobile,1,12,1,0,161,0,1,1,0,203,994,2,148.4,2.57,0,85.4,40.6,medium,WATCH
TX_005304,STORE_06,retail_park,CHK_040,14,4,0,new,mobile,1,8,0,0,103,0,1,1,2,193,1000,0,93.6,0.0,0,51.599999999999994,21.89,low,OK
TX_005305,STORE_07,hyper,CHK_002,11,6,1,professional,card,1,10,0,0,105,0,2,0,3,161,1063,0,101.9,0.4,0,56.95,24.85,low,OK
TX_005306,STORE_07,hyper,CHK_011,13,4,0,regular,card,0,6,2,0,92,0,0,0,3,179,1063,5,82.5,0.84,0,52.85,22.59,low,OK
TX_005307,STORE_07,hyper,CHK_034,12,1,0,new,card,1,13,1,0,140,0,1,0,3,189,1063,2,154.7,5.05,0,89.14999999999999,42.68,medium,WATCH
TX_005308,STORE_04,mall,CHK_025,16,2,0,regular,card,1,5,1,0,56,0,0,0,1,213,987,2,57.4,0.04,0,35.7,13.09,low,OK
TX_005309,STORE_01,city,CHK_035,10,6,1,regular,card,1,10,0,0,99,0,0,0,0,218,987,0,89.9,0.0,0,50.95,21.53,low,OK
TX_005310,STORE_03,mall,CHK_032,17,2,0,regular,card,1,5,1,0,50,0,0,0,1,205,994,2,54.8,0.01,0,34.4,12.37,low,OK
TX_005311,STORE_07,hyper,CHK_012,9,4,0,professional,card,1,9,1,1,124,0,2,0,3,201,1063,6,133.3,20.41,0,84.05000000000001,39.86,medium,WATCH
TX_005312,STORE_01,city,CHK_009,8,0,0,professional,card,0,10,1,0,109,0,2,0,0,211,987,3,108.2,0.68,0,64.1,28.81,low,OK
TX_005313,STORE_02,city,CHK_026,11,6,1,regular,card,0,8,0,0,73,0,0,0,0,183,994,1,85.2,0.0,0,47.4,19.57,low,OK
TX_005314,STORE_05,retail_park,CHK_022,21,6,1,professional,card,0,8,1,0,110,0,2,0,2,223,993,3,108.6,1.3,0,63.099999999999994,28.26,low,OK
TX_005315,STORE_07,hyper,CHK_015,18,2,0,regular,mobile,1,11,0,0,118,0,0,1,3,207,1063,0,112.4,0.23,0,62.800000000000004,28.09,low,OK
TX_005316,STORE_02,city,CHK_006,13,1,0,regular,mobile,0,6,1,0,85,0,0,1,0,223,994,3,78.0,0.11,0,46.6,19.13,low,OK
TX_005317,STORE_02,city,CHK_025,10,2,0,professional,mobile,1,3,2,1,80,0,2,1,0,213,994,8,99.8,23.13,0,67.7,30.81,low,OK
TX_005318,STORE_08,hyper,CHK_038,11,6,1,regular,card,1,8,1,0,90,0,0,0,3,194,982,2,84.2,0.24,0,50.9,21.51,low,OK
TX_005319,STORE_01,city,CHK_038,9,1,0,new,card,1,1,1,0,36,0,1,0,0,194,987,2,32.1,0.28,0,20.650000000000002,4.76,low,OK
TX_005320,STORE_02,city,CHK_038,13,3,0,regular,card,1,7,1,0,82,0,0,0,0,194,994,2,83.0,0.01,0,49.7,20.84,low,OK
TX_005321,STORE_05,retail_park,CHK_040,10,6,1,professional,card,0,5,0,1,93,0,2,0,2,193,993,5,100.7,44.46,0,61.35,27.29,low,OK
TX_005322,STORE_03,mall,CHK_018,18,5,1,regular,card,1,6,1,0,67,0,0,0,1,200,994,2,76.9,0.19,0,46.050000000000004,18.82,low,OK
TX_005323,STORE_06,retail_park,CHK_024,12,1,0,professional,mobile,0,11,0,0,130,0,2,1,2,217,1000,1,134.0,4.92,0,73.6,34.07,low,OK
TX_005324,STORE_07,hyper,CHK_035,19,0,0,new,card,1,17,1,0,188,0,1,0,3,218,1063,2,192.3,5.26,0,110.35000000000001,54.41,medium,WATCH
TX_005325,STORE_01,city,CHK_027,19,4,0,new,card,0,12,1,0,182,1,1,0,0,200,987,3,170.0,45.81,0,96.2,46.58,medium,WATCH
TX_005326,STORE_02,city,CHK_027,14,6,1,regular,card,0,8,1,1,144,0,0,0,0,200,994,7,131.6,23.46,0,82.6,39.05,medium,WATCH
TX_005327,STORE_04,mall,CHK_003,21,0,0,regular,card,1,4,0,0,47,0,0,0,1,195,987,0,46.9,0.03,0,25.849999999999998,7.64,low,OK
TX_005328,STORE_06,retail_park,CHK_030,18,2,0,professional,card,1,10,1,0,141,0,2,0,2,197,1000,2,124.7,1.1,0,72.35,33.38,low,OK
TX_005329,STORE_03,mall,CHK_015,16,5,1,regular,gift_card,1,3,1,0,52,0,0,2,1,207,994,2,47.8,0.03,0,29.7,9.77,low,OK
TX_005330,STORE_06,retail_park,CHK_019,14,1,0,regular,card,0,5,1,0,75,0,0,0,2,187,1000,3,70.9,0.02,0,42.45,16.83,low,OK
TX_005331,STORE_06,retail_park,CHK_027,19,4,0,regular,mobile,1,3,0,0,48,0,0,1,2,200,1000,0,47.4,0.19,0,25.5,7.45,low,OK
TX_005332,STORE_01,city,CHK_002,13,0,0,new,card,0,3,0,0,63,0,1,0,0,161,987,1,59.1,2.7,0,31.35,10.68,low,OK
TX_005333,STORE_04,mall,CHK_021,15,5,1,regular,gift_card,1,7,1,0,88,0,0,2,1,203,987,2,79.0,0.0,0,47.7,19.73,low,OK
TX_005334,STORE_01,city,CHK_003,8,3,0,new,card,0,11,1,0,135,0,1,0,0,195,987,3,134.7,13.27,0,77.94999999999999,36.48,medium,WATCH
TX_005335,STORE_06,retail_park,CHK_016,14,1,0,regular,card,0,1,2,2,100,0,0,0,2,195,1000,13,112.0,27.8,0,80.6,37.95,medium,WATCH
TX_005336,STORE_04,mall,CHK_013,15,2,0,new,mobile,0,6,0,1,140,1,1,1,1,192,987,5,132.6,91.54,1,77.89999999999999,36.45,medium,OPEN_SUPPORT
TX_005337,STORE_01,city,CHK_011,12,3,0,regular,mobile,1,5,2,0,69,0,0,1,0,179,987,4,67.1,0.11,0,44.55,17.99,low,OK
TX_005338,STORE_06,retail_park,CHK_029,9,5,1,regular,mobile,1,12,0,0,88,0,0,1,2,211,1000,0,104.8,0.0,0,59.599999999999994,26.32,low,OK
TX_005339,STORE_05,retail_park,CHK_020,11,4,0,regular,card,0,11,0,0,111,0,0,0,2,175,993,1,110.0,1.3,0,61.6,27.43,low,OK
TX_005340,STORE_01,city,CHK_026,18,1,0,regular,mobile,1,8,1,0,107,0,0,1,0,183,987,2,102.9,0.01,0,60.25,26.68,low,OK
TX_005341,STORE_04,mall,CHK_008,14,0,0,regular,mobile,1,14,1,1,154,0,0,1,1,173,987,6,166.1,61.15,1,103.45,50.6,medium,MONITOR_QUEUE
TX_005342,STORE_07,hyper,CHK_040,8,6,1,regular,mobile,0,12,0,0,103,0,0,1,3,193,1063,1,104.9,0.41,0,59.650000000000006,26.35,low,OK
TX_005343,STORE_07,hyper,CHK_012,18,2,0,regular,card,0,8,1,0,94,0,0,0,3,201,1063,3,95.4,0.36,0,56.5,24.61,low,OK
TX_005344,STORE_06,retail_park,CHK_017,17,2,0,regular,card,1,1,0,0,23,0,0,0,2,202,1000,0,24.2,0.01,0,12.7,0.36,low,OK
TX_005345,STORE_03,mall,CHK_024,19,2,0,new,card,1,7,0,0,100,0,1,0,1,217,994,0,97.6,0.21,0,53.0,22.67,low,OK
TX_005346,STORE_04,mall,CHK_032,17,4,0,regular,card,1,13,1,0,125,0,0,0,1,205,987,2,107.9,0.58,0,65.75,29.73,low,OK
TX_005347,STORE_06,retail_park,CHK_006,14,4,0,regular,mobile,1,4,2,0,65,0,0,1,2,223,1000,4,61.2,0.0,0,41.0,16.03,low,OK
TX_005348,STORE_05,retail_park,CHK_010,11,4,0,regular,mobile,0,12,1,0,101,0,0,1,2,204,993,3,114.8,1.28,0,68.6,31.3,low,OK
TX_005349,STORE_07,hyper,CHK_010,9,2,0,regular,card,0,7,2,0,80,0,0,0,3,204,1063,5,83.6,0.18,0,54.0,23.22,low,OK
TX_005350,STORE_03,mall,CHK_018,16,2,0,regular,card,1,15,1,1,176,1,0,0,1,200,994,6,178.8,92.94,1,110.4,54.44,medium,OPEN_SUPPORT
TX_005351,STORE_04,mall,CHK_003,14,1,0,new,card,0,3,2,0,79,0,1,0,1,195,987,5,75.0,3.96,0,47.3,19.51,low,OK
TX_005352,STORE_05,retail_park,CHK_030,21,6,1,regular,card,0,9,1,0,93,0,0,0,2,197,993,3,94.1,0.16,0,56.449999999999996,24.58,low,OK
TX_005353,STORE_03,mall,CHK_024,11,2,0,regular,card,0,14,0,0,132,0,0,0,1,217,994,1,130.2,2.99,0,73.5,34.02,low,OK
TX_005354,STORE_05,retail_park,CHK_010,13,5,1,regular,card,1,5,0,0,59,0,0,0,2,204,993,0,57.8,0.0,0,31.9,10.99,low,OK
TX_005355,STORE_04,mall,CHK_021,21,2,0,regular,card,1,7,0,0,55,0,0,0,1,203,987,0,60.7,0.03,0,34.550000000000004,12.46,low,OK
TX_005356,STORE_07,hyper,CHK_014,19,0,0,professional,card,1,11,0,1,175,1,2,0,3,213,1063,4,170.2,79.51,1,99.69999999999999,48.52,medium,OPEN_SUPPORT
TX_005357,STORE_02,city,CHK_031,10,2,0,regular,card,1,10,1,0,90,0,0,0,0,194,994,2,91.2,0.2,0,55.6,24.11,low,OK
TX_005358,STORE_03,mall,CHK_025,8,1,0,regular,card,1,11,0,0,105,0,0,0,1,213,994,0,96.8,0.23,0,55.0,23.78,low,OK
TX_005359,STORE_02,city,CHK_008,17,0,0,regular,mobile,0,6,2,0,62,0,0,1,0,173,994,5,69.0,0.09,0,46.1,18.85,low,OK
TX_005360,STORE_08,hyper,CHK_028,17,5,1,regular,mobile,1,6,0,0,57,0,0,1,3,218,982,0,61.1,0.0,0,34.15,12.23,low,OK
TX_005361,STORE_02,city,CHK_016,15,5,1,regular,card,1,8,3,1,113,1,0,0,0,195,994,10,123.9,89.85,1,86.75,41.35,medium,OPEN_SUPPORT
TX_005362,STORE_03,mall,CHK_008,9,4,0,new,card,0,10,2,0,145,0,1,0,1,173,994,5,136.2,13.1,0,82.1,38.78,medium,WATCH
TX_005363,STORE_05,retail_park,CHK_032,16,2,0,regular,card,1,6,2,1,127,0,0,0,2,205,993,8,120.4,19.57,0,79.8,37.5,medium,WATCH
TX_005364,STORE_04,mall,CHK_005,13,2,0,regular,gift_card,1,2,3,0,52,0,0,2,1,205,987,6,49.6,2.38,0,38.0,14.36,low,OK
TX_005365,STORE_03,mall,CHK_004,19,5,1,regular,card,1,8,0,0,88,0,0,0,1,219,994,0,96.2,0.0,0,52.9,22.61,low,OK
TX_005366,STORE_02,city,CHK_023,8,2,0,new,mobile,1,12,0,0,107,0,1,1,0,188,994,0,117.4,0.38,0,65.9,29.81,low,OK
TX_005367,STORE_04,mall,CHK_010,8,4,0,regular,mobile,1,2,0,1,76,0,0,1,1,204,987,4,70.8,4.41,0,44.6,18.02,low,OK
TX_005368,STORE_06,retail_park,CHK_022,12,0,0,professional,mobile,1,14,0,1,178,1,2,1,2,223,1000,4,192.7,86.5,1,112.75,55.74,high,OPEN_SUPPORT
TX_005369,STORE_04,mall,CHK_038,8,4,0,regular,card,0,5,0,0,59,0,0,0,1,194,987,1,58.8,0.0,0,32.4,11.26,low,OK
TX_005370,STORE_01,city,CHK_018,9,6,1,regular,card,0,3,0,0,43,0,0,0,0,200,987,1,41.8,0.0,0,22.7,5.9,low,OK
TX_005371,STORE_08,hyper,CHK_004,11,1,0,new,card,0,8,0,0,92,0,1,0,3,219,982,1,96.3,5.03,0,52.949999999999996,22.64,low,OK
TX_005372,STORE_07,hyper,CHK_009,16,6,1,regular,card,1,17,2,0,123,0,0,0,3,211,1063,4,140.1,2.55,0,88.25,42.18,medium,WATCH
TX_005373,STORE_04,mall,CHK_018,13,5,1,regular,card,0,13,3,0,146,0,0,0,1,200,987,7,137.3,39.87,0,88.45,42.29,medium,WATCH
TX_005374,STORE_01,city,CHK_019,16,0,0,regular,card,1,15,1,1,190,1,0,0,0,187,987,6,181.1,86.18,1,111.55,55.08,high,OPEN_SUPPORT
TX_005375,STORE_08,hyper,CHK_038,13,3,0,new,card,0,8,1,0,126,0,1,0,3,194,982,3,112.6,6.91,0,65.1,29.37,low,OK
TX_005376,STORE_03,mall,CHK_017,18,5,1,professional,card,1,13,0,0,163,0,2,0,1,202,994,0,154.6,1.02,0,85.1,40.44,medium,WATCH
TX_005377,STORE_08,hyper,CHK_028,15,4,0,regular,card,1,10,3,0,94,0,0,0,3,218,982,6,98.8,3.06,0,67.4,30.64,low,OK
TX_005378,STORE_05,retail_park,CHK_026,12,3,0,professional,card,0,14,1,0,153,0,2,0,2,183,993,3,151.5,22.64,0,88.15,42.13,medium,WATCH
TX_005379,STORE_01,city,CHK_009,17,4,0,professional,card,1,9,0,1,150,0,2,0,0,211,987,4,143.5,19.66,0,85.15,40.46,medium,WATCH
TX_005380,STORE_01,city,CHK_014,11,0,0,professional,gift_card,0,12,0,0,137,0,2,2,0,213,987,1,135.4,5.99,0,74.9,34.79,low,OK
TX_005381,STORE_07,hyper,CHK_030,14,6,1,professional,mobile,1,12,1,0,138,0,2,1,3,197,1063,2,138.4,0.91,0,80.4,37.84,medium,WATCH
TX_005382,STORE_01,city,CHK_016,12,2,0,regular,card,0,6,1,0,73,0,0,0,0,195,987,3,73.1,0.16,0,44.15,17.77,low,OK
TX_005383,STORE_07,hyper,CHK_005,8,6,1,new,mobile,1,13,1,0,115,0,1,1,3,205,1063,2,124.7,2.36,0,74.14999999999999,34.38,low,OK
TX_005384,STORE_03,mall,CHK_035,16,2,0,regular,mobile,0,5,0,0,48,0,0,1,1,218,994,1,50.9,0.24,0,28.45,9.08,low,OK
TX_005385,STORE_07,hyper,CHK_021,14,0,0,regular,card,0,15,1,0,167,0,0,0,3,203,1063,3,162.1,6.3,0,94.05,45.39,medium,WATCH
TX_005386,STORE_06,retail_park,CHK_031,21,4,0,regular,card,1,10,0,0,92,0,0,0,2,194,1000,0,89.8,0.24,0,50.9,21.51,low,OK
TX_005387,STORE_05,retail_park,CHK_033,21,3,0,professional,card,1,12,2,0,116,0,2,0,2,192,993,4,124.3,3.68,0,77.35000000000001,36.15,medium,WATCH
TX_005388,STORE_04,mall,CHK_004,18,0,0,regular,card,0,7,1,0,96,0,0,0,1,219,987,3,94.3,0.03,0,55.35,23.97,low,OK
TX_005389,STORE_03,mall,CHK_007,16,5,1,new,gift_card,0,7,0,1,158,1,1,2,1,217,994,5,145.0,88.17,1,84.7,40.22,medium,OPEN_SUPPORT
TX_005390,STORE_02,city,CHK_004,17,6,1,regular,card,0,9,0,0,99,0,0,0,0,219,994,1,87.6,0.0,0,49.199999999999996,20.56,low,OK
TX_005391,STORE_08,hyper,CHK_022,13,2,0,new,card,1,5,0,1,113,0,1,0,3,223,982,4,109.9,6.74,0,65.95,29.84,low,OK
TX_005392,STORE_04,mall,CHK_027,8,0,0,new,card,0,5,1,0,63,0,1,0,1,200,987,3,68.1,2.09,0,41.05,16.05,low,OK
TX_005393,STORE_05,retail_park,CHK_005,18,3,0,new,card,1,5,1,0,76,0,1,0,2,205,993,2,83.1,0.25,0,48.55,20.2,low,OK
TX_005394,STORE_04,mall,CHK_032,12,4,0,new,card,1,1,1,0,39,0,1,0,1,205,987,2,36.2,0.22,0,22.700000000000003,5.9,low,OK
TX_005395,STORE_07,hyper,CHK_024,11,2,0,regular,card,0,14,1,0,149,0,0,0,3,217,1063,3,133.1,6.99,0,78.95,37.03,medium,WATCH
TX_005396,STORE_06,retail_park,CHK_011,17,5,1,regular,card,0,9,2,1,144,0,0,0,2,179,1000,9,144.8,48.92,0,93.80000000000001,45.25,medium,WATCH
TX_005397,STORE_03,mall,CHK_019,17,2,0,regular,mobile,1,3,1,0,41,0,0,1,1,187,994,2,43.5,0.01,0,27.55,8.58,low,OK
TX_005398,STORE_04,mall,CHK_017,12,4,0,regular,mobile,1,11,2,0,136,0,0,1,1,202,987,4,123.5,1.98,0,76.35,35.59,medium,WATCH
TX_005399,STORE_05,retail_park,CHK_036,9,1,0,regular,mobile,1,6,1,0,65,0,0,1,2,205,993,2,68.2,0.0,0,41.7,16.41,low,OK
TX_005400,STORE_07,hyper,CHK_027,19,5,1,regular,card,0,7,0,0,76,0,0,0,3,200,1063,1,84.2,0.47,0,46.300000000000004,18.96,low,OK
TX_005401,STORE_06,retail_park,CHK_032,19,2,0,regular,mobile,0,8,0,0,89,0,0,1,2,205,1000,1,94.6,0.2,0,52.099999999999994,22.17,low,OK
TX_005402,STORE_01,city,CHK_039,19,2,0,new,mobile,1,7,0,1,142,0,1,1,0,195,987,4,138.2,8.83,0,81.3,38.33,medium,WATCH
TX_005403,STORE_05,retail_park,CHK_029,18,6,1,regular,card,0,4,2,1,96,0,0,0,2,211,993,9,104.2,34.29,0,70.5,32.36,low,OK
TX_005404,STORE_01,city,CHK_012,10,6,1,new,mobile,1,5,0,0,67,0,1,1,0,201,987,0,65.4,0.28,0,35.7,13.09,low,OK
TX_005405,STORE_03,mall,CHK_012,17,0,0,regular,card,0,10,1,0,102,0,0,0,1,201,994,3,97.8,0.49,0,58.9,25.93,low,OK
TX_005406,STORE_04,mall,CHK_010,15,1,0,professional,card,0,9,0,0,102,0,2,0,1,204,987,1,101.8,2.47,0,56.3,24.49,low,OK
TX_005407,STORE_01,city,CHK_021,12,4,0,professional,card,0,12,1,0,172,0,2,0,0,203,987,3,152.6,9.78,0,87.5,41.77,medium,WATCH
TX_005408,STORE_01,city,CHK_027,12,2,0,regular,gift_card,0,6,1,1,118,0,0,2,0,200,987,7,121.0,14.58,0,76.1,35.46,medium,WATCH
TX_005409,STORE_02,city,CHK_031,10,0,0,regular,mobile,0,10,1,0,95,0,0,1,0,194,994,3,93.7,0.47,0,56.85,24.8,low,OK
TX_005410,STORE_04,mall,CHK_004,10,0,0,regular,mobile,0,9,1,0,73,0,0,1,1,219,987,3,84.9,0.09,0,51.85,22.03,low,OK
TX_005411,STORE_04,mall,CHK_033,9,1,0,regular,card,1,10,0,0,89,0,0,0,1,192,987,0,87.5,0.26,0,49.75,20.87,low,OK
TX_005412,STORE_06,retail_park,CHK_038,18,1,0,regular,card,1,9,0,0,89,0,0,0,2,194,1000,0,104.3,0.39,0,57.55,25.19,low,OK
TX_005413,STORE_08,hyper,CHK_028,21,6,1,new,card,1,14,4,0,165,1,1,0,3,218,982,8,168.4,77.21,1,108.60000000000001,53.45,medium,OPEN_SUPPORT
TX_005414,STORE_04,mall,CHK_039,18,4,0,regular,card,1,17,2,0,176,0,0,0,1,195,987,4,169.6,2.29,0,103.0,50.35,medium,WATCH
TX_005415,STORE_05,retail_park,CHK_018,9,0,0,regular,card,1,13,1,0,125,0,0,0,2,200,993,2,115.8,0.15,0,69.7,31.91,low,OK
TX_005416,STORE_01,city,CHK_019,14,6,1,regular,card,1,11,1,0,106,0,0,0,0,187,987,2,112.3,0.37,0,66.75,30.28,low,OK
TX_005417,STORE_07,hyper,CHK_029,19,5,1,regular,card,1,9,2,0,98,0,0,0,3,211,1063,4,105.5,0.49,0,66.15,29.95,low,OK
TX_005418,STORE_07,hyper,CHK_018,16,2,0,regular,mobile,0,13,0,0,125,0,0,1,3,200,1063,1,116.5,4.97,0,66.05,29.89,low,OK
TX_005419,STORE_03,mall,CHK_008,15,4,0,new,mobile,0,11,1,1,171,1,1,1,1,173,994,7,168.4,94.2,1,102.8,50.24,medium,OPEN_SUPPORT
TX_005420,STORE_02,city,CHK_032,8,0,0,regular,card,1,10,4,0,115,0,0,0,0,205,994,8,110.3,4.72,0,77.15,36.04,medium,WATCH
TX_005421,STORE_03,mall,CHK_001,10,6,1,professional,card,1,11,2,1,182,1,2,0,1,209,994,8,172.4,90.68,1,108.8,53.56,medium,OPEN_SUPPORT
TX_005422,STORE_03,mall,CHK_022,10,2,0,professional,card,0,8,1,0,87,0,2,0,1,223,994,3,89.5,1.36,0,53.55,22.97,low,OK
TX_005423,STORE_01,city,CHK_010,19,3,0,regular,card,1,6,4,0,94,0,0,0,0,204,987,8,91.9,4.53,0,65.55,29.62,low,OK
TX_005424,STORE_05,retail_park,CHK_007,15,6,1,regular,card,0,8,0,0,80,0,0,0,2,217,993,1,77.2,0.15,0,43.4,17.35,low,OK
TX_005425,STORE_06,retail_park,CHK_002,20,1,0,new,card,0,5,0,0,94,0,1,0,2,161,1000,1,87.8,2.56,0,46.9,19.29,low,OK
TX_005426,STORE_07,hyper,CHK_003,20,6,1,new,card,1,10,2,0,127,0,1,0,3,195,1063,4,137.4,5.15,0,82.7,39.11,medium,WATCH
TX_005427,STORE_05,retail_park,CHK_023,19,6,1,professional,card,1,5,1,1,128,0,2,0,2,188,993,6,123.6,14.93,0,76.8,35.84,medium,WATCH
TX_005428,STORE_02,city,CHK_029,21,6,1,professional,card,1,6,2,0,78,0,2,0,0,211,994,4,80.7,0.4,0,51.95,22.09,low,OK
TX_005429,STORE_01,city,CHK_030,21,6,1,regular,card,0,3,0,0,46,0,0,0,0,197,987,1,41.7,0.64,0,22.650000000000002,5.87,low,OK
TX_005430,STORE_06,retail_park,CHK_030,9,1,0,regular,card,0,10,0,0,103,0,0,0,2,197,1000,1,96.7,0.22,0,54.35,23.42,low,OK
TX_005431,STORE_02,city,CHK_028,8,3,0,regular,mobile,0,9,0,0,90,0,0,1,0,218,994,1,88.7,0.0,0,49.75,20.87,low,OK
TX_005432,STORE_06,retail_park,CHK_023,13,5,1,new,mobile,0,8,1,2,214,1,1,1,2,188,1000,11,198.8,96.05,1,124.2,62.08,high,OPEN_SUPPORT
TX_005433,STORE_07,hyper,CHK_013,9,1,0,new,card,1,10,1,0,107,0,1,0,3,192,1063,2,110.2,0.12,0,65.1,29.37,low,OK
TX_005434,STORE_01,city,CHK_025,11,4,0,new,card,1,12,1,0,112,0,1,0,0,213,987,2,125.3,1.54,0,73.85000000000001,34.21,low,OK
TX_005435,STORE_02,city,CHK_025,18,6,1,regular,card,0,11,0,0,112,0,0,0,0,213,994,1,118.9,1.98,0,66.05,29.89,low,OK
TX_005436,STORE_08,hyper,CHK_009,20,1,0,professional,card,1,12,0,0,115,0,2,0,3,211,982,0,132.9,1.01,0,73.65,34.1,low,OK
TX_005437,STORE_07,hyper,CHK_027,14,2,0,new,card,0,11,1,0,129,0,1,0,3,200,1063,3,148.0,31.31,0,84.6,40.16,medium,WATCH
TX_005438,STORE_05,retail_park,CHK_009,8,4,0,new,card,0,12,1,0,136,0,1,0,2,211,993,3,133.5,21.21,0,77.95,36.48,medium,WATCH
TX_005439,STORE_05,retail_park,CHK_014,10,5,1,regular,card,1,6,0,0,67,0,0,0,2,213,993,0,63.6,0.0,0,35.4,12.93,low,OK
TX_005440,STORE_03,mall,CHK_018,12,1,0,regular,mobile,1,9,1,1,145,0,0,1,1,200,994,6,142.4,18.29,0,88.60000000000001,42.37,medium,WATCH
TX_005441,STORE_08,hyper,CHK_005,18,4,0,new,card,0,14,0,1,224,1,1,0,3,205,982,5,218.5,96.57,1,125.65,62.88,high,OPEN_SUPPORT
TX_005442,STORE_01,city,CHK_010,17,4,0,regular,card,1,13,0,0,127,0,0,0,0,204,987,0,109.2,0.31,0,62.4,27.87,low,OK
TX_005443,STORE_08,hyper,CHK_012,13,1,0,regular,card,1,6,0,1,112,0,0,0,3,201,982,4,117.0,10.22,0,70.1,32.13,low,OK
TX_005444,STORE_05,retail_park,CHK_008,10,4,0,regular,mobile,1,8,2,0,75,0,0,1,2,173,993,4,83.7,0.06,0,54.65,23.58,low,OK
TX_005445,STORE_05,retail_park,CHK_037,20,6,1,regular,card,1,1,1,1,66,0,0,0,2,194,993,6,70.3,12.09,0,47.75,19.76,low,OK
TX_005446,STORE_08,hyper,CHK_010,10,6,1,new,mobile,1,13,0,0,123,0,1,1,3,204,982,0,123.7,0.75,0,69.65,31.88,low,OK
TX_005447,STORE_06,retail_park,CHK_005,18,4,0,regular,card,1,8,1,0,97,0,0,0,2,205,1000,2,96.4,0.0,0,57.0,24.88,low,OK
TX_005448,STORE_08,hyper,CHK_008,16,2,0,new,card,0,15,1,0,194,1,1,0,3,173,982,3,170.9,38.45,0,98.45,47.83,medium,WATCH
TX_005449,STORE_02,city,CHK_039,20,2,0,new,mobile,0,5,1,0,96,0,1,1,0,195,994,3,91.8,4.49,0,52.9,22.61,low,OK
TX_005450,STORE_07,hyper,CHK_012,12,0,0,regular,card,0,8,4,0,118,0,0,0,3,201,1063,9,116.9,8.36,0,79.25,37.2,medium,WATCH
TX_005451,STORE_05,retail_park,CHK_019,20,0,0,new,card,1,9,0,0,118,0,1,0,2,187,993,0,118.9,0.29,0,64.85000000000001,29.23,low,OK
TX_005452,STORE_01,city,CHK_024,9,5,1,professional,card,0,9,0,1,114,0,2,0,0,217,987,5,129.2,37.68,0,78.0,36.51,medium,WATCH
TX_005453,STORE_07,hyper,CHK_002,20,0,0,new,mobile,1,4,0,0,71,0,1,1,3,161,1063,0,65.8,0.0,0,35.3,12.87,low,OK
TX_005454,STORE_04,mall,CHK_012,14,4,0,regular,card,1,13,1,0,135,0,0,0,1,201,987,2,126.2,0.14,0,74.89999999999999,34.79,low,OK
TX_005455,STORE_08,hyper,CHK_002,8,1,0,regular,card,0,9,0,0,94,0,0,0,3,161,982,1,90.3,0.0,0,50.55,21.31,low,OK
TX_005456,STORE_05,retail_park,CHK_039,14,3,0,regular,mobile,1,5,2,0,59,0,0,1,2,195,993,4,65.1,0.07,0,43.55,17.44,low,OK
TX_005457,STORE_08,hyper,CHK_014,13,0,0,regular,card,0,9,1,0,99,0,0,0,3,213,982,3,106.4,0.34,0,62.6,27.98,low,OK
TX_005458,STORE_05,retail_park,CHK_019,15,0,0,new,card,1,5,2,0,73,0,1,0,2,187,993,4,72.4,0.06,0,47.2,19.46,low,OK
TX_005459,STORE_01,city,CHK_008,13,3,0,regular,card,0,13,1,1,164,1,0,0,0,173,987,7,177.8,71.78,1,108.7,53.5,medium,OPEN_SUPPORT
TX_005460,STORE_03,mall,CHK_011,16,4,0,regular,card,0,8,0,1,119,0,0,0,1,179,994,5,126.7,18.04,0,76.14999999999999,35.48,medium,WATCH
TX_005461,STORE_07,hyper,CHK_030,14,4,0,regular,mobile,0,12,0,0,117,0,0,1,3,197,1063,1,114.7,1.22,0,64.55,29.06,low,OK
TX_005462,STORE_05,retail_park,CHK_031,15,2,0,regular,card,0,7,0,1,124,0,0,0,2,194,993,5,123.3,16.62,0,73.85000000000001,34.21,low,OK
TX_005463,STORE_07,hyper,CHK_006,18,6,1,regular,card,1,15,1,0,144,0,0,0,3,223,1063,2,153.4,0.8,0,89.7,42.98,medium,WATCH
TX_005464,STORE_05,retail_park,CHK_031,15,4,0,regular,mobile,1,6,1,0,59,0,0,1,2,194,993,2,64.1,0.0,0,39.65,15.28,low,OK
TX_005465,STORE_08,hyper,CHK_040,9,4,0,regular,gift_card,0,13,0,0,123,0,0,2,3,193,982,1,117.3,3.57,0,66.45,30.11,low,OK
TX_005466,STORE_02,city,CHK_016,16,5,1,regular,card,0,5,2,0,69,0,0,0,0,195,994,5,67.9,0.36,0,44.95,18.21,low,OK
TX_005467,STORE_05,retail_park,CHK_030,19,4,0,regular,card,0,9,1,0,99,0,0,0,2,197,993,3,114.6,0.18,0,66.7,30.25,low,OK
TX_005468,STORE_02,city,CHK_012,20,1,0,regular,card,1,5,2,0,82,0,0,0,0,201,994,4,78.7,0.09,0,50.35,21.2,low,OK
TX_005469,STORE_08,hyper,CHK_017,19,2,0,regular,card,0,3,1,0,55,0,0,0,3,202,982,3,53.0,0.09,0,32.3,11.21,low,OK
TX_005470,STORE_04,mall,CHK_033,19,1,0,regular,card,0,8,0,0,86,0,0,0,1,192,987,1,95.5,0.27,0,52.55,22.42,low,OK
TX_005471,STORE_08,hyper,CHK_013,13,1,0,regular,card,1,7,1,0,87,0,0,0,3,192,982,2,83.4,0.18,0,49.900000000000006,20.95,low,OK
TX_005472,STORE_06,retail_park,CHK_013,16,1,0,professional,mobile,1,8,1,1,135,0,2,1,2,192,1000,6,126.4,13.6,0,80.0,37.61,medium,WATCH
TX_005473,STORE_03,mall,CHK_018,15,0,0,new,card,1,5,2,0,77,0,1,0,1,200,994,4,73.0,0.19,0,47.5,19.62,low,OK
TX_005474,STORE_02,city,CHK_033,16,2,0,regular,card,0,6,2,0,88,0,0,0,0,192,994,5,76.2,0.36,0,49.7,20.84,low,OK
TX_005475,STORE_06,retail_park,CHK_018,13,0,0,regular,card,0,6,1,0,67,0,0,0,2,200,1000,3,74.2,0.08,0,44.7,18.07,low,OK
TX_005476,STORE_04,mall,CHK_025,13,2,0,professional,card,0,1,0,0,31,0,2,0,1,213,987,1,30.6,2.12,0,15.9,2.13,low,OK
TX_005477,STORE_05,retail_park,CHK_007,9,3,0,regular,mobile,1,9,2,0,98,0,0,1,2,217,993,4,91.4,0.49,0,59.1,26.04,low,OK
TX_005478,STORE_08,hyper,CHK_040,12,1,0,new,card,0,17,0,0,213,1,1,0,3,193,982,1,205.4,81.72,1,112.9,55.83,high,OPEN_SUPPORT
TX_005479,STORE_01,city,CHK_007,10,0,0,regular,card,0,19,0,0,178,0,0,0,0,217,987,1,169.4,3.04,0,96.10000000000001,46.53,medium,WATCH
TX_005480,STORE_03,mall,CHK_001,11,5,1,regular,card,0,9,2,0,97,0,0,0,1,209,994,5,101.4,0.46,0,64.10000000000001,28.81,low,OK
TX_005481,STORE_08,hyper,CHK_007,21,2,0,new,card,0,11,2,1,146,1,1,0,3,217,982,9,157.9,93.67,1,101.55,49.54,medium,OPEN_SUPPORT
TX_005482,STORE_04,mall,CHK_007,11,5,1,regular,card,0,8,1,0,86,0,0,0,1,217,987,3,84.2,0.02,0,50.9,21.51,low,OK
TX_005483,STORE_02,city,CHK_019,18,5,1,new,mobile,1,8,1,0,100,0,1,1,0,187,994,2,99.2,0.05,0,58.4,25.66,low,OK
TX_005484,STORE_01,city,CHK_008,14,1,0,regular,card,1,11,1,0,109,0,0,0,0,173,987,2,111.4,0.42,0,66.3,30.03,low,OK
TX_005485,STORE_04,mall,CHK_036,9,1,0,regular,mobile,1,14,1,1,148,0,0,1,1,205,987,6,164.0,73.03,1,102.4,50.01,medium,OPEN_SUPPORT
TX_005486,STORE_04,mall,CHK_025,21,4,0,regular,card,1,10,0,0,83,0,0,0,1,213,987,0,88.0,0.0,0,50.0,21.01,low,OK
TX_005487,STORE_07,hyper,CHK_036,9,4,0,professional,card,0,7,1,0,83,0,2,0,3,205,1063,3,86.7,0.82,0,51.550000000000004,21.87,low,OK
TX_005488,STORE_06,retail_park,CHK_006,10,0,0,new,card,1,3,0,0,50,0,1,0,2,223,1000,0,49.6,0.18,0,26.6,8.05,low,OK
TX_005489,STORE_08,hyper,CHK_027,10,6,1,regular,mobile,0,10,0,1,141,0,0,1,3,200,982,5,139.2,40.14,0,83.6,39.61,medium,WATCH
TX_005490,STORE_04,mall,CHK_026,8,5,1,professional,card,1,17,1,0,149,0,2,0,1,183,987,2,171.1,1.44,0,99.75,48.55,medium,WATCH
TX_005491,STORE_04,mall,CHK_025,17,1,0,regular,mobile,0,2,0,0,31,0,0,1,1,213,987,1,32.6,0.21,0,17.5,3.02,low,OK
TX_005492,STORE_01,city,CHK_014,13,5,1,regular,card,1,7,1,0,90,0,0,0,0,213,987,2,80.6,0.0,0,48.5,20.18,low,OK
TX_005493,STORE_08,hyper,CHK_030,11,3,0,regular,card,1,14,0,1,149,0,0,0,3,197,982,4,170.6,84.81,1,101.7,49.63,medium,OPEN_SUPPORT
TX_005494,STORE_03,mall,CHK_029,21,5,1,regular,card,0,11,0,0,105,0,0,0,1,211,994,1,103.8,2.73,0,58.5,25.71,low,OK
TX_005495,STORE_01,city,CHK_011,16,5,1,regular,card,1,9,0,0,69,0,0,0,0,179,987,0,90.1,0.03,0,50.449999999999996,21.26,low,OK
TX_005496,STORE_03,mall,CHK_022,12,2,0,regular,card,0,1,0,0,29,0,0,0,1,223,994,1,28.6,0.18,0,14.9,1.58,low,OK
TX_005497,STORE_06,retail_park,CHK_012,18,5,1,regular,card,1,9,0,1,168,1,0,0,2,201,1000,4,159.0,59.73,1,92.9,44.76,medium,MONITOR_QUEUE
TX_005498,STORE_01,city,CHK_010,16,2,0,regular,card,0,9,1,1,134,0,0,0,0,204,987,7,137.5,33.79,0,86.15,41.02,medium,WATCH
TX_005499,STORE_02,city,CHK_004,9,2,0,professional,card,1,12,2,1,181,1,2,0,0,219,994,8,179.0,88.04,1,112.7,55.72,high,OPEN_SUPPORT
TX_005500,STORE_02,city,CHK_008,13,3,0,regular,card,1,13,0,2,220,1,0,0,0,173,994,8,197.9,88.07,1,122.75,61.28,high,OPEN_SUPPORT
TX_005501,STORE_07,hyper,CHK_022,11,2,0,regular,card,1,7,0,1,113,0,0,0,3,223,1063,4,117.0,8.17,0,70.7,32.47,low,OK
TX_005502,STORE_01,city,CHK_036,13,3,0,regular,card,0,5,0,2,117,0,0,0,0,205,987,9,125.9,42.37,0,81.95,38.69,medium,WATCH
TX_005503,STORE_06,retail_park,CHK_033,8,5,1,regular,card,1,3,1,0,42,0,0,0,2,192,1000,2,47.3,0.0,0,29.45,9.63,low,OK
TX_005504,STORE_01,city,CHK_021,21,2,0,professional,card,1,3,2,1,81,0,2,0,0,203,987,8,88.5,17.18,0,62.05,27.68,low,OK
TX_005505,STORE_08,hyper,CHK_013,13,5,1,regular,card,1,19,0,0,149,0,0,0,3,192,982,0,154.8,0.22,0,88.80000000000001,42.49,medium,WATCH
TX_005506,STORE_06,retail_park,CHK_010,8,0,0,professional,mobile,1,8,1,0,93,0,2,1,2,204,1000,2,89.8,0.0,0,53.699999999999996,23.06,low,OK
TX_005507,STORE_02,city,CHK_039,8,2,0,regular,card,1,13,0,0,126,0,0,0,0,195,994,0,111.3,0.0,0,63.449999999999996,28.45,low,OK
TX_005508,STORE_08,hyper,CHK_034,19,3,0,new,card,0,8,1,0,109,0,1,0,3,189,982,3,115.8,5.48,0,66.7,30.25,low,OK
TX_005509,STORE_05,retail_park,CHK_023,17,5,1,new,card,0,7,0,0,84,0,1,0,2,188,993,1,79.7,4.16,0,44.050000000000004,17.71,low,OK
TX_005510,STORE_06,retail_park,CHK_018,21,0,0,professional,card,0,7,0,0,82,0,2,0,2,200,1000,1,84.0,1.13,0,46.2,18.9,low,OK
TX_005511,STORE_01,city,CHK_037,11,5,1,regular,card,1,12,0,0,100,0,0,0,0,194,987,0,105.6,0.05,0,60.0,26.54,low,OK
TX_005512,STORE_01,city,CHK_001,18,0,0,regular,card,1,6,1,0,75,0,0,0,0,209,987,2,77.6,0.01,0,46.4,19.01,low,OK
TX_005513,STORE_01,city,CHK_029,16,3,0,regular,card,0,5,0,1,90,0,0,0,0,211,987,5,96.4,14.0,0,59.2,26.1,low,OK
TX_005514,STORE_04,mall,CHK_013,13,5,1,regular,card,0,6,0,0,72,0,0,0,1,192,987,1,68.6,0.01,0,37.9,14.31,low,OK
TX_005515,STORE_02,city,CHK_027,8,5,1,regular,card,0,15,0,1,156,0,0,0,0,200,994,5,164.7,51.29,1,99.35,48.33,medium,MONITOR_QUEUE
TX_005516,STORE_04,mall,CHK_035,17,4,0,regular,gift_card,1,9,1,1,118,0,0,2,1,218,987,6,130.9,13.71,0,82.85000000000001,39.19,medium,WATCH
TX_005517,STORE_05,retail_park,CHK_006,13,0,0,regular,card,1,13,0,0,147,0,0,0,2,223,993,0,124.6,0.0,0,70.1,32.13,low,OK
TX_005518,STORE_05,retail_park,CHK_027,16,3,0,regular,card,1,15,1,1,161,1,0,0,2,200,993,6,178.8,92.79,1,110.4,54.44,medium,OPEN_SUPPORT
TX_005519,STORE_01,city,CHK_027,11,4,0,regular,mobile,0,6,0,0,67,0,0,1,0,200,987,1,65.2,0.08,0,36.2,13.37,low,OK
TX_005520,STORE_08,hyper,CHK_031,14,0,0,regular,card,1,20,0,1,204,1,0,0,3,194,982,4,200.6,90.81,1,120.3,59.92,high,OPEN_SUPPORT
TX_005521,STORE_07,hyper,CHK_030,9,2,0,new,mobile,1,15,1,0,119,0,1,1,3,197,1063,2,161.2,6.5,0,93.6,45.14,medium,WATCH
TX_005522,STORE_05,retail_park,CHK_028,12,0,0,new,card,1,13,2,0,157,0,1,0,2,218,993,4,149.0,5.66,0,90.3,43.32,medium,WATCH
TX_005523,STORE_03,mall,CHK_028,9,0,0,regular,mobile,0,12,0,0,90,0,0,1,1,218,994,1,103.4,0.97,0,58.900000000000006,25.93,low,OK
TX_005524,STORE_01,city,CHK_004,10,3,0,regular,card,0,4,1,0,51,0,0,0,0,219,987,3,52.6,0.13,0,32.7,11.43,low,OK
TX_005525,STORE_06,retail_park,CHK_029,12,4,0,regular,mobile,1,12,2,1,148,0,0,1,2,211,1000,8,155.2,69.73,1,100.8,49.13,medium,MONITOR_QUEUE
TX_005526,STORE_06,retail_park,CHK_012,15,2,0,professional,card,0,8,2,1,144,0,2,0,2,201,1000,9,153.9,68.81,1,97.75,47.44,medium,MONITOR_QUEUE
TX_005527,STORE_04,mall,CHK_030,11,1,0,regular,card,1,5,1,2,159,0,0,0,1,197,987,10,152.3,42.05,0,99.15,48.21,medium,WATCH
TX_005528,STORE_01,city,CHK_003,15,4,0,regular,card,1,5,1,0,53,0,0,0,0,195,987,2,59.0,0.0,0,36.5,13.53,low,OK
TX_005529,STORE_01,city,CHK_026,10,0,0,regular,card,0,1,0,0,25,0,0,0,0,183,987,1,25.6,0.08,0,13.4,0.75,low,OK
TX_005530,STORE_07,hyper,CHK_036,8,5,1,regular,card,1,6,1,0,65,0,0,0,3,205,1063,2,68.4,0.0,0,41.800000000000004,16.47,low,OK
TX_005531,STORE_07,hyper,CHK_034,15,6,1,regular,card,1,13,0,0,114,0,0,0,3,189,1063,0,119.4,0.92,0,67.5,30.69,low,OK
TX_005532,STORE_04,mall,CHK_004,20,1,0,professional,card,0,6,0,0,98,0,2,0,1,219,987,1,91.2,2.37,0,49.2,20.56,low,OK
TX_005533,STORE_03,mall,CHK_022,9,0,0,regular,card,1,11,1,0,99,0,0,0,1,223,994,2,98.5,0.0,0,59.85,26.46,low,OK
TX_005534,STORE_03,mall,CHK_006,19,3,0,regular,card,1,12,0,1,180,1,0,0,1,223,994,4,177.8,84.44,1,104.10000000000001,50.95,medium,OPEN_SUPPORT
TX_005535,STORE_06,retail_park,CHK_038,18,3,0,regular,card,1,10,1,0,103,0,0,0,2,194,1000,2,112.8,0.35,0,66.4,30.09,low,OK
TX_005536,STORE_07,hyper,CHK_013,19,1,0,new,card,1,7,3,0,123,0,1,0,3,192,1063,6,122.3,3.72,0,77.35000000000001,36.15,medium,WATCH
TX_005537,STORE_08,hyper,CHK_009,21,5,1,regular,card,0,9,0,0,86,0,0,0,3,211,982,1,84.9,0.0,0,47.85,19.82,low,OK
TX_005538,STORE_07,hyper,CHK_013,18,2,0,regular,card,0,11,0,0,142,0,0,0,3,192,1063,1,126.2,1.04,0,69.7,31.91,low,OK
TX_005539,STORE_04,mall,CHK_033,14,5,1,regular,card,1,12,0,0,99,0,0,0,1,192,987,0,115.6,0.05,0,65.0,29.31,low,OK
TX_005540,STORE_04,mall,CHK_016,12,2,0,regular,mobile,0,1,0,0,29,0,0,1,1,195,987,1,28.0,0.11,0,14.6,1.41,low,OK
TX_005541,STORE_08,hyper,CHK_020,19,0,0,new,mobile,1,17,2,0,186,0,1,1,3,175,982,4,195.2,4.31,0,115.8,57.43,high,MONITOR_QUEUE
TX_005542,STORE_08,hyper,CHK_024,8,5,1,regular,gift_card,1,9,0,1,147,0,0,2,3,217,982,4,138.2,11.7,0,82.5,39.0,medium,WATCH
TX_005543,STORE_01,city,CHK_027,10,6,1,regular,card,1,5,2,0,66,0,0,0,0,200,987,4,64.4,0.36,0,43.2,17.24,low,OK
TX_005544,STORE_07,hyper,CHK_027,21,5,1,new,card,1,16,0,1,180,1,1,0,3,200,1063,4,199.0,95.06,1,117.1,58.15,high,OPEN_SUPPORT
TX_005545,STORE_06,retail_park,CHK_034,17,3,0,regular,mobile,1,14,1,1,159,0,0,1,2,189,1000,6,168.9,76.32,1,104.85000000000001,51.37,medium,OPEN_SUPPORT
TX_005546,STORE_04,mall,CHK_018,15,3,0,regular,card,1,11,1,0,98,0,0,0,1,200,987,2,99.3,0.62,0,60.25,26.68,low,OK
TX_005547,STORE_04,mall,CHK_025,9,2,0,regular,mobile,0,10,2,1,142,0,0,1,1,213,987,9,150.1,59.71,1,97.05,47.05,medium,MONITOR_QUEUE
TX_005548,STORE_05,retail_park,CHK_033,16,6,1,regular,card,0,14,1,1,162,1,0,0,2,192,993,7,173.9,92.54,1,107.35000000000001,52.75,medium,OPEN_SUPPORT
TX_005549,STORE_01,city,CHK_025,9,4,0,regular,card,0,4,0,1,98,0,0,0,0,213,987,5,95.5,13.68,0,58.15,25.52,low,OK
TX_005550,STORE_02,city,CHK_038,18,6,1,new,mobile,1,5,0,1,113,0,1,1,0,194,994,4,112.0,7.76,0,67.0,30.42,low,OK
TX_005551,STORE_07,hyper,CHK_007,12,4,0,regular,card,1,17,1,1,177,1,0,0,3,217,1063,6,191.4,95.76,1,117.9,58.59,high,OPEN_SUPPORT
TX_005552,STORE_01,city,CHK_033,17,2,0,new,card,1,12,3,0,164,1,1,0,0,192,987,6,136.4,26.27,0,87.4,41.71,medium,WATCH
TX_005553,STORE_06,retail_park,CHK_029,15,2,0,regular,card,1,10,1,0,83,0,0,0,2,211,1000,2,87.8,0.58,0,53.9,23.17,low,OK
TX_005554,STORE_02,city,CHK_035,14,3,0,regular,gift_card,0,6,1,1,143,0,0,2,0,218,994,7,128.3,11.57,0,79.75,37.48,medium,WATCH
TX_005555,STORE_08,hyper,CHK_004,17,3,0,new,card,1,7,1,0,90,0,1,0,3,219,982,2,86.6,1.19,0,51.5,21.84,low,OK
TX_005556,STORE_01,city,CHK_007,13,5,1,regular,card,0,8,1,0,96,0,0,0,0,217,987,3,88.3,0.29,0,52.949999999999996,22.64,low,OK
TX_005557,STORE_08,hyper,CHK_039,15,3,0,regular,card,0,13,0,0,107,0,0,0,3,195,982,1,118.1,2.25,0,66.85,30.33,low,OK
TX_005558,STORE_06,retail_park,CHK_028,20,1,0,regular,card,1,8,1,0,108,0,0,0,2,218,1000,2,102.4,0.13,0,60.0,26.54,low,OK
TX_005559,STORE_03,mall,CHK_011,19,5,1,regular,card,1,9,0,0,108,0,0,0,1,179,994,0,102.5,0.0,0,56.65,24.69,low,OK
TX_005560,STORE_04,mall,CHK_019,8,3,0,regular,card,1,11,1,0,94,0,0,0,1,187,987,2,102.7,0.0,0,61.95,27.62,low,OK
TX_005561,STORE_04,mall,CHK_028,13,4,0,new,mobile,1,2,1,1,81,0,1,1,1,218,987,6,84.0,12.88,0,55.2,23.89,low,OK
TX_005562,STORE_07,hyper,CHK_003,21,3,0,new,card,1,11,1,0,124,0,1,0,3,195,1063,2,121.4,1.44,0,71.3,32.8,low,OK
TX_005563,STORE_02,city,CHK_034,9,6,1,new,gift_card,1,3,1,0,52,0,1,2,0,189,994,2,54.2,0.6,0,32.9,11.54,low,OK
TX_005564,STORE_05,retail_park,CHK_028,10,2,0,regular,card,0,15,0,0,110,0,0,0,2,218,993,1,124.1,3.5,0,71.05,32.66,low,OK
TX_005565,STORE_01,city,CHK_024,16,1,0,new,card,1,5,3,0,74,0,1,0,0,217,987,6,89.5,2.82,0,59.75,26.4,low,OK
TX_005566,STORE_07,hyper,CHK_006,11,4,0,professional,card,1,9,1,0,100,0,2,0,3,223,1063,2,103.4,0.14,0,61.1,27.15,low,OK
TX_005567,STORE_08,hyper,CHK_007,18,1,0,regular,card,0,8,0,0,83,0,0,0,3,217,982,1,92.3,0.46,0,50.949999999999996,21.53,low,OK
TX_005568,STORE_07,hyper,CHK_016,16,2,0,regular,mobile,1,14,0,0,110,0,0,1,3,195,1063,0,115.5,0.42,0,66.15,29.95,low,OK
TX_005569,STORE_08,hyper,CHK_010,13,0,0,regular,card,1,15,0,0,118,0,0,0,3,204,982,0,126.7,0.06,0,72.35,33.38,low,OK
TX_005570,STORE_02,city,CHK_024,10,4,0,professional,gift_card,0,7,0,0,77,0,2,2,0,217,994,1,80.5,0.73,0,44.45,17.94,low,OK
TX_005571,STORE_03,mall,CHK_008,11,6,1,regular,card,1,5,0,0,46,0,0,0,1,173,994,0,56.1,0.0,0,31.05,10.52,low,OK
TX_005572,STORE_07,hyper,CHK_013,10,4,0,regular,card,1,16,1,0,140,0,0,0,3,192,1063,2,134.6,0.53,0,80.89999999999999,38.11,medium,WATCH
TX_005573,STORE_01,city,CHK_005,9,5,1,professional,card,1,8,1,0,79,0,2,0,0,205,987,2,85.1,0.0,0,51.349999999999994,21.75,low,OK
TX_005574,STORE_05,retail_park,CHK_015,20,6,1,regular,card,1,4,1,0,56,0,0,0,2,207,993,2,59.0,0.0,0,35.9,13.2,low,OK
TX_005575,STORE_08,hyper,CHK_030,12,6,1,regular,card,1,9,2,0,99,0,0,0,3,197,982,4,99.5,0.42,0,63.15,28.29,low,OK
TX_005576,STORE_01,city,CHK_007,17,4,0,regular,card,1,11,3,0,121,0,0,0,0,217,987,6,118.8,2.76,0,78.0,36.51,medium,WATCH
TX_005577,STORE_06,retail_park,CHK_027,8,3,0,regular,card,1,13,0,0,97,0,0,0,2,200,1000,0,107.0,0.16,0,61.3,27.26,low,OK
TX_005578,STORE_07,hyper,CHK_038,13,0,0,regular,card,1,4,2,0,66,0,0,0,3,194,1063,4,61.8,0.01,0,41.3,16.19,low,OK
TX_005579,STORE_08,hyper,CHK_039,14,3,0,new,card,1,15,1,0,178,0,1,0,3,195,982,2,172.0,6.8,0,99.0,48.13,medium,WATCH
TX_005580,STORE_07,hyper,CHK_037,10,1,0,new,mobile,0,11,1,0,116,0,1,1,3,194,1063,3,125.2,21.55,0,73.19999999999999,33.85,low,OK
TX_005581,STORE_03,mall,CHK_028,8,1,0,regular,card,1,18,0,1,217,1,0,0,1,218,994,4,207.1,78.29,1,122.35,61.06,high,OPEN_SUPPORT
TX_005582,STORE_02,city,CHK_004,10,3,0,regular,card,0,13,0,1,182,1,0,0,0,219,994,5,171.5,77.59,1,101.55,49.54,medium,OPEN_SUPPORT
TX_005583,STORE_04,mall,CHK_026,10,2,0,regular,card,1,8,0,0,75,0,0,0,1,183,987,0,76.3,0.06,0,42.949999999999996,17.1,low,OK
TX_005584,STORE_06,retail_park,CHK_020,17,4,0,regular,mobile,1,14,0,0,117,0,0,1,2,175,1000,0,118.6,0.16,0,67.7,30.81,low,OK
TX_005585,STORE_04,mall,CHK_039,17,0,0,regular,card,0,8,1,0,88,0,0,0,1,195,987,3,87.4,0.05,0,52.5,22.39,low,OK
TX_005586,STORE_03,mall,CHK_028,12,4,0,regular,card,0,8,1,0,93,0,0,0,1,218,994,3,88.6,0.19,0,53.099999999999994,22.72,low,OK
TX_005587,STORE_06,retail_park,CHK_024,20,3,0,regular,card,0,3,1,0,49,0,0,0,2,217,1000,3,50.8,0.51,0,31.2,10.6,low,OK
TX_005588,STORE_03,mall,CHK_030,11,3,0,new,card,1,12,0,0,106,0,1,0,1,197,994,0,119.2,1.28,0,66.8,30.31,low,OK
TX_005589,STORE_07,hyper,CHK_014,18,2,0,regular,card,1,6,1,1,114,0,0,0,3,213,1063,6,117.1,10.93,0,74.14999999999999,34.38,low,OK
TX_005590,STORE_08,hyper,CHK_019,21,1,0,regular,mobile,1,18,1,0,137,0,0,1,3,187,982,2,150.0,0.5,0,89.8,43.04,medium,WATCH
TX_005591,STORE_05,retail_park,CHK_025,18,6,1,regular,card,1,7,1,0,76,0,0,0,2,213,993,2,83.6,0.0,0,50.0,21.01,low,OK
TX_005592,STORE_08,hyper,CHK_006,17,4,0,regular,card,0,13,1,0,131,0,0,0,3,223,982,3,121.3,4.37,0,72.45,33.43,low,OK
TX_005593,STORE_01,city,CHK_031,17,6,1,professional,card,1,14,0,1,160,1,2,0,0,194,987,4,172.7,95.75,1,102.75,50.21,medium,OPEN_SUPPORT
TX_005594,STORE_03,mall,CHK_025,12,2,0,new,card,0,2,0,0,46,0,1,0,1,213,994,1,43.6,4.1,0,23.0,6.06,low,OK
TX_005595,STORE_02,city,CHK_012,15,3,0,new,mobile,1,7,1,0,83,0,1,1,0,201,994,2,82.7,0.05,0,49.550000000000004,20.76,low,OK
TX_005596,STORE_07,hyper,CHK_011,15,0,0,professional,card,0,3,1,1,95,0,2,0,3,179,1063,7,97.1,23.4,0,62.349999999999994,27.84,low,OK
TX_005597,STORE_07,hyper,CHK_035,9,0,0,regular,card,1,16,2,0,162,0,0,0,3,218,1063,4,154.7,1.37,0,94.94999999999999,45.89,medium,WATCH
TX_005598,STORE_08,hyper,CHK_033,10,1,0,regular,mobile,0,20,3,1,224,1,0,1,3,192,982,11,223.9,86.79,1,143.95,73.01,high,OPEN_SUPPORT
TX_005599,STORE_02,city,CHK_022,8,2,0,regular,card,1,7,3,0,81,0,0,0,0,223,994,6,81.7,1.41,0,57.050000000000004,24.91,low,OK
TX_005600,STORE_05,retail_park,CHK_033,14,4,0,professional,card,1,9,0,0,107,0,2,0,2,192,993,0,107.1,0.29,0,58.949999999999996,25.96,low,OK
TX_005601,STORE_07,hyper,CHK_010,19,5,1,regular,mobile,0,18,0,0,210,0,0,1,3,204,1063,1,196.4,4.65,0,109.0,53.67,medium,WATCH
TX_005602,STORE_06,retail_park,CHK_040,13,6,1,professional,mobile,0,9,1,0,106,0,2,1,2,193,1000,3,111.4,0.53,0,65.10000000000001,29.37,low,OK
TX_005603,STORE_02,city,CHK_010,10,4,0,new,mobile,0,8,1,1,120,1,1,1,0,204,994,7,134.3,90.59,1,83.95,39.8,medium,OPEN_SUPPORT
TX_005604,STORE_06,retail_park,CHK_027,16,6,1,regular,card,0,2,3,0,51,0,0,0,2,200,1000,7,50.9,0.93,0,38.650000000000006,14.72,low,OK
TX_005605,STORE_08,hyper,CHK_017,12,1,0,regular,card,1,9,2,1,120,0,0,0,3,202,982,8,130.0,20.62,0,86.4,41.16,medium,WATCH
TX_005606,STORE_08,hyper,CHK_007,10,1,0,regular,mobile,0,14,1,1,135,0,0,1,3,217,982,7,151.1,61.57,1,95.95,46.44,medium,MONITOR_QUEUE
TX_005607,STORE_07,hyper,CHK_027,16,0,0,professional,card,1,19,1,0,198,0,2,0,3,200,1063,2,193.4,2.76,0,112.10000000000001,55.38,high,MONITOR_QUEUE
TX_005608,STORE_01,city,CHK_001,13,2,0,regular,card,1,5,0,0,59,0,0,0,0,209,987,0,57.7,0.01,0,31.85,10.96,low,OK
TX_005609,STORE_04,mall,CHK_034,11,0,0,new,card,1,2,1,0,45,0,1,0,1,189,987,2,43.4,0.06,0,26.9,8.22,low,OK
TX_005610,STORE_03,mall,CHK_032,13,6,1,regular,card,1,7,1,0,81,0,0,0,1,205,994,2,82.2,0.0,0,49.300000000000004,20.62,low,OK
TX_005611,STORE_06,retail_park,CHK_026,17,5,1,new,card,0,7,0,0,94,0,1,0,2,183,1000,1,79.8,3.57,0,44.1,17.74,low,OK
TX_005612,STORE_06,retail_park,CHK_017,18,3,0,regular,card,0,6,0,0,91,0,0,0,2,202,1000,1,83.4,0.3,0,45.300000000000004,18.41,low,OK
TX_005613,STORE_04,mall,CHK_011,16,2,0,regular,mobile,1,12,0,0,97,0,0,1,1,179,987,0,99.0,0.0,0,56.7,24.72,low,OK
TX_005614,STORE_08,hyper,CHK_037,18,3,0,regular,card,1,16,0,0,191,0,0,0,3,194,982,0,170.6,0.48,0,94.89999999999999,45.86,medium,WATCH
TX_005615,STORE_06,retail_park,CHK_009,8,5,1,regular,card,0,12,0,0,115,0,0,0,2,211,1000,1,108.4,0.9,0,61.400000000000006,27.32,low,OK
TX_005616,STORE_07,hyper,CHK_036,13,1,0,new,mobile,1,10,0,0,106,0,1,1,3,205,1063,0,111.2,0.25,0,61.6,27.43,low,OK
TX_005617,STORE_05,retail_park,CHK_035,21,2,0,regular,card,0,10,2,0,105,0,0,0,2,218,993,5,105.0,3.14,0,66.5,30.14,low,OK
TX_005618,STORE_03,mall,CHK_037,9,1,0,regular,card,0,7,0,0,68,0,0,0,1,194,994,1,72.4,0.02,0,40.400000000000006,15.69,low,OK
TX_005619,STORE_02,city,CHK_002,18,5,1,new,mobile,1,16,0,0,206,0,1,1,0,161,994,0,190.5,2.21,0,104.85,51.37,medium,WATCH
TX_005620,STORE_06,retail_park,CHK_017,9,1,0,regular,card,0,10,0,2,170,1,0,0,2,202,1000,9,178.6,88.37,1,111.3,54.94,medium,OPEN_SUPPORT
TX_005621,STORE_03,mall,CHK_007,19,5,1,regular,card,1,8,1,0,88,0,0,0,1,217,994,2,94.8,0.0,0,56.199999999999996,24.44,low,OK
TX_005622,STORE_08,hyper,CHK_020,14,6,1,regular,card,1,19,0,0,174,0,0,0,3,175,982,0,164.9,0.0,0,93.85000000000001,45.28,medium,WATCH
TX_005623,STORE_04,mall,CHK_008,17,3,0,new,card,0,12,3,0,141,1,1,0,1,173,987,7,139.7,89.78,1,89.05,42.62,medium,OPEN_SUPPORT
TX_005624,STORE_06,retail_park,CHK_005,17,4,0,regular,card,0,13,1,1,163,1,0,0,2,205,1000,7,167.9,90.99,1,103.75,50.76,medium,OPEN_SUPPORT
TX_005625,STORE_01,city,CHK_002,9,3,0,new,card,1,8,0,0,94,0,1,0,0,161,987,0,90.6,0.0,0,50.099999999999994,21.06,low,OK
TX_005626,STORE_01,city,CHK_016,15,5,1,regular,card,0,9,1,0,100,0,0,0,0,195,987,3,97.4,0.23,0,58.1,25.49,low,OK
TX_005627,STORE_06,retail_park,CHK_015,14,3,0,regular,card,0,10,0,1,154,0,0,0,2,207,1000,5,144.7,54.01,1,86.35,41.13,medium,MONITOR_QUEUE
TX_005628,STORE_03,mall,CHK_024,13,0,0,regular,gift_card,0,7,1,1,162,1,0,2,1,217,994,7,124.5,15.27,0,78.45,36.76,medium,WATCH
TX_005629,STORE_01,city,CHK_028,20,1,0,regular,card,1,7,0,0,75,0,0,0,0,218,987,0,80.0,0.01,0,44.2,17.8,low,OK
TX_005630,STORE_01,city,CHK_036,17,0,0,regular,mobile,0,6,0,0,60,0,0,1,0,205,987,1,62.4,0.09,0,34.8,12.59,low,OK
TX_005631,STORE_02,city,CHK_039,10,2,0,regular,mobile,1,11,2,0,95,0,0,1,0,195,994,4,108.9,1.56,0,69.05,31.55,low,OK
TX_005632,STORE_07,hyper,CHK_015,19,6,1,professional,card,1,15,2,0,199,0,2,0,3,207,1063,4,189.3,5.41,0,111.65,55.13,high,MONITOR_QUEUE
TX_005633,STORE_06,retail_park,CHK_007,10,6,1,regular,gift_card,1,10,0,1,119,0,0,2,2,217,1000,4,140.9,37.19,0,84.45,40.08,medium,WATCH
TX_005634,STORE_05,retail_park,CHK_034,8,1,0,new,card,1,6,1,0,75,0,1,0,2,189,993,2,74.1,0.0,0,44.65,18.05,low,OK
TX_005635,STORE_03,mall,CHK_030,16,1,0,regular,card,1,10,2,0,111,0,0,0,1,197,994,4,97.9,2.65,0,62.95,28.18,low,OK
TX_005636,STORE_07,hyper,CHK_019,16,4,0,regular,card,0,9,0,0,77,0,0,0,3,187,1063,1,89.5,0.19,0,50.15,21.09,low,OK
TX_005637,STORE_08,hyper,CHK_007,17,1,0,regular,mobile,1,11,3,1,125,1,0,1,3,217,982,10,156.4,74.07,1,104.8,51.34,medium,OPEN_SUPPORT
TX_005638,STORE_02,city,CHK_023,14,0,0,regular,card,0,13,2,1,196,1,0,0,0,188,994,9,186.1,93.92,1,116.85,58.01,high,OPEN_SUPPORT
TX_005639,STORE_07,hyper,CHK_037,16,5,1,regular,card,1,11,1,2,200,1,0,0,3,194,1063,10,196.3,95.27,1,124.75,62.39,high,OPEN_SUPPORT
TX_005640,STORE_01,city,CHK_017,16,0,0,regular,card,0,10,2,2,192,1,0,0,0,202,987,13,197.3,93.42,1,128.65,64.54,high,OPEN_SUPPORT
TX_005641,STORE_07,hyper,CHK_023,20,0,0,new,card,1,12,1,1,205,1,1,0,3,188,1063,6,193.1,90.45,1,115.75,57.4,high,OPEN_SUPPORT
TX_005642,STORE_02,city,CHK_035,9,1,0,regular,card,0,7,1,0,77,0,0,0,0,218,994,3,76.3,0.14,0,46.35,18.99,low,OK
TX_005643,STORE_08,hyper,CHK_036,14,2,0,regular,card,1,9,0,0,97,0,0,0,3,205,982,0,87.8,0.3,0,49.3,20.62,low,OK
TX_005644,STORE_04,mall,CHK_023,14,0,0,regular,card,0,9,1,0,103,0,0,0,1,188,987,3,108.8,0.13,0,63.8,28.65,low,OK
TX_005645,STORE_08,hyper,CHK_005,15,4,0,regular,card,1,12,2,0,118,0,0,0,3,205,982,4,117.1,2.25,0,73.75,34.15,low,OK
TX_005646,STORE_03,mall,CHK_011,9,4,0,new,card,1,2,0,0,38,0,1,0,1,179,994,0,39.6,0.05,0,21.0,4.95,low,OK
TX_005647,STORE_08,hyper,CHK_040,10,1,0,new,card,1,12,0,0,117,0,1,0,3,193,982,0,120.9,0.77,0,67.65,30.78,low,OK
TX_005648,STORE_04,mall,CHK_009,9,3,0,new,card,1,8,0,1,127,0,1,0,1,211,987,4,131.4,8.46,0,78.5,36.78,medium,WATCH
TX_005649,STORE_05,retail_park,CHK_034,9,3,0,regular,card,1,6,0,0,68,0,0,0,2,189,993,0,56.4,0.0,0,31.799999999999997,10.93,low,OK
TX_005650,STORE_07,hyper,CHK_010,20,3,0,regular,card,1,8,1,1,149,0,0,0,3,204,1063,6,137.6,24.94,0,85.6,40.71,medium,WATCH
TX_005651,STORE_01,city,CHK_020,21,2,0,regular,card,0,7,1,0,84,0,0,0,0,175,987,3,81.8,0.2,0,49.1,20.51,low,OK
TX_005652,STORE_06,retail_park,CHK_036,12,3,0,new,card,0,5,1,0,74,0,1,0,2,205,1000,3,73.0,5.29,0,43.5,17.41,low,OK
TX_005653,STORE_06,retail_park,CHK_007,16,6,1,regular,card,0,10,0,0,86,0,0,0,2,217,1000,1,87.6,0.02,0,49.8,20.9,low,OK
TX_005654,STORE_05,retail_park,CHK_008,12,6,1,regular,card,1,13,0,0,142,0,0,0,2,173,993,0,126.9,0.0,0,71.25,32.77,low,OK
TX_005655,STORE_02,city,CHK_033,18,3,0,regular,mobile,1,9,0,0,97,0,0,1,0,192,994,0,101.2,0.21,0,56.0,24.33,low,OK
TX_005656,STORE_04,mall,CHK_038,11,4,0,regular,card,1,10,1,0,98,0,0,0,1,194,987,2,91.1,0.05,0,55.55,24.08,low,OK
TX_005657,STORE_04,mall,CHK_027,11,2,0,regular,card,0,5,2,0,57,0,0,0,1,200,987,5,61.7,0.32,0,41.85,16.5,low,OK
TX_005658,STORE_07,hyper,CHK_021,10,4,0,regular,mobile,1,7,0,0,53,0,0,1,3,203,1063,0,61.2,0.0,0,34.800000000000004,12.59,low,OK
TX_005659,STORE_05,retail_park,CHK_003,21,5,1,new,card,1,6,1,0,89,0,1,0,2,195,993,2,83.3,0.44,0,49.25,20.59,low,OK
TX_005660,STORE_03,mall,CHK_008,12,2,0,regular,card,1,4,0,0,44,0,0,0,1,173,994,0,45.3,0.01,0,25.049999999999997,7.2,low,OK
TX_005661,STORE_03,mall,CHK_018,17,1,0,regular,mobile,1,6,0,0,49,0,0,1,1,200,994,0,58.6,0.01,0,32.9,11.54,low,OK
TX_005662,STORE_03,mall,CHK_035,12,5,1,regular,card,0,9,1,0,107,0,0,0,1,218,994,3,107.2,0.05,0,63.0,28.2,low,OK
TX_005663,STORE_02,city,CHK_017,15,6,1,regular,card,1,15,1,0,116,0,0,0,0,202,994,2,139.2,0.94,0,82.6,39.05,medium,WATCH
TX_005664,STORE_05,retail_park,CHK_028,14,0,0,new,card,1,17,1,0,203,0,1,0,2,218,993,2,199.5,6.42,0,113.95,56.41,high,MONITOR_QUEUE
TX_005665,STORE_07,hyper,CHK_012,8,4,0,new,mobile,1,8,0,0,87,0,1,1,3,201,1063,0,90.4,0.62,0,50.0,21.01,low,OK
TX_005666,STORE_06,retail_park,CHK_027,19,1,0,professional,mobile,1,15,0,0,168,0,2,1,2,200,1000,0,164.4,0.83,0,91.2,43.81,medium,WATCH
TX_005667,STORE_07,hyper,CHK_032,15,1,0,new,card,1,7,1,0,95,0,1,0,3,205,1063,2,86.7,0.0,0,51.550000000000004,21.87,low,OK
TX_005668,STORE_03,mall,CHK_012,19,5,1,professional,card,0,14,0,0,184,0,2,0,1,201,994,1,176.0,25.22,0,96.4,46.69,medium,WATCH
TX_005669,STORE_06,retail_park,CHK_002,15,6,1,professional,card,0,5,2,0,80,0,2,0,2,161,1000,5,75.8,7.42,0,48.9,20.4,low,OK
TX_005670,STORE_06,retail_park,CHK_030,11,4,0,new,mobile,0,12,3,0,139,1,1,1,2,197,1000,7,146.1,89.95,1,92.25,44.4,medium,OPEN_SUPPORT
TX_005671,STORE_05,retail_park,CHK_029,12,5,1,new,card,1,10,0,0,116,0,1,0,2,211,993,0,113.2,0.2,0,62.6,27.98,low,OK
TX_005672,STORE_02,city,CHK_031,18,3,0,regular,card,1,13,1,1,186,1,0,0,0,194,994,6,183.2,91.9,1,111.39999999999999,55.0,high,OPEN_SUPPORT
TX_005673,STORE_01,city,CHK_025,17,3,0,regular,mobile,1,1,0,0,21,0,0,1,0,213,987,0,22.9,0.01,0,12.049999999999999,0.0,low,OK
TX_005674,STORE_06,retail_park,CHK_009,13,6,1,regular,card,0,13,1,0,117,0,0,0,2,211,1000,3,126.9,3.39,0,75.25,34.98,low,OK
TX_005675,STORE_08,hyper,CHK_021,9,2,0,regular,card,1,6,0,1,98,0,0,0,3,203,982,4,114.0,9.14,0,68.6,31.3,low,OK
TX_005676,STORE_08,hyper,CHK_026,10,5,1,regular,card,0,11,0,0,108,0,0,0,3,183,982,1,108.8,0.47,0,61.0,27.1,low,OK
TX_005677,STORE_01,city,CHK_035,10,5,1,professional,card,0,12,1,0,123,0,2,0,0,218,987,3,125.0,6.25,0,73.7,34.13,low,OK
TX_005678,STORE_07,hyper,CHK_032,12,5,1,regular,mobile,0,19,2,1,241,1,0,1,3,205,1063,9,236.3,94.31,1,145.55,73.9,high,OPEN_SUPPORT
TX_005679,STORE_03,mall,CHK_020,14,1,0,regular,mobile,0,7,1,1,122,0,0,1,1,175,994,7,124.3,17.6,0,78.35000000000001,36.7,medium,WATCH
TX_005680,STORE_01,city,CHK_034,20,4,0,regular,card,1,5,1,0,64,0,0,0,0,189,987,2,71.9,0.02,0,42.95,17.1,low,OK
TX_005681,STORE_04,mall,CHK_036,11,6,1,new,card,1,9,0,2,171,1,1,0,1,205,987,8,174.4,89.5,1,108.60000000000001,53.45,medium,OPEN_SUPPORT
TX_005682,STORE_04,mall,CHK_012,14,6,1,regular,card,1,8,1,0,92,0,0,0,1,201,987,2,86.7,0.0,0,52.15,22.2,low,OK
TX_005683,STORE_02,city,CHK_003,16,3,0,new,card,0,12,0,1,194,1,1,0,0,195,994,5,182.4,95.21,1,106.4,52.23,medium,OPEN_SUPPORT
TX_005684,STORE_06,retail_park,CHK_009,19,2,0,new,card,1,10,0,0,131,0,1,0,2,211,1000,0,124.6,1.11,0,68.3,31.14,low,OK
TX_005685,STORE_05,retail_park,CHK_030,15,4,0,professional,card,0,11,3,0,133,0,2,0,2,197,993,7,131.1,39.13,0,84.14999999999999,39.91,medium,WATCH
TX_005686,STORE_03,mall,CHK_017,11,0,0,regular,card,0,12,1,0,123,0,0,0,1,202,994,3,120.9,2.35,0,71.65,32.99,low,OK
TX_005687,STORE_05,retail_park,CHK_007,19,2,0,regular,card,0,7,1,0,96,0,0,0,2,217,993,3,95.9,0.03,0,56.150000000000006,24.41,low,OK
TX_005688,STORE_05,retail_park,CHK_005,12,6,1,regular,card,0,4,1,0,69,0,0,0,2,205,993,3,59.3,0.19,0,36.05,13.29,low,OK
TX_005689,STORE_03,mall,CHK_028,14,3,0,new,card,1,1,0,0,33,0,1,0,1,218,994,0,29.9,0.16,0,15.549999999999999,1.94,low,OK
TX_005690,STORE_01,city,CHK_009,18,4,0,regular,card,1,2,0,0,35,0,0,0,0,211,987,0,36.0,0.0,0,19.2,3.96,low,OK
TX_005691,STORE_05,retail_park,CHK_028,14,1,0,regular,card,1,11,1,0,112,0,0,0,2,218,993,2,108.2,0.34,0,64.7,29.14,low,OK
TX_005692,STORE_01,city,CHK_030,20,6,1,regular,mobile,0,12,0,0,114,0,0,1,0,197,987,1,122.5,2.62,0,68.45,31.22,low,OK
TX_005693,STORE_01,city,CHK_022,21,2,0,regular,card,1,6,1,1,86,0,0,0,0,223,987,6,97.2,6.38,0,64.2,28.87,low,OK
TX_005694,STORE_03,mall,CHK_008,19,6,1,regular,mobile,1,14,0,0,149,0,0,1,1,173,994,0,147.3,0.33,0,82.05000000000001,38.75,medium,WATCH
TX_005695,STORE_01,city,CHK_015,20,2,0,regular,card,0,10,1,0,124,0,0,0,0,207,987,3,125.1,1.36,0,72.55,33.49,low,OK
TX_005696,STORE_02,city,CHK_014,21,1,0,regular,card,1,8,0,0,62,0,0,0,0,213,994,0,68.6,0.03,0,39.099999999999994,14.97,low,OK
TX_005697,STORE_06,retail_park,CHK_034,20,4,0,regular,mobile,1,14,0,1,178,1,0,1,2,189,1000,4,177.3,85.82,1,105.05000000000001,51.48,medium,OPEN_SUPPORT
TX_005698,STORE_01,city,CHK_030,8,4,0,professional,card,0,15,1,0,173,0,2,0,0,197,987,3,165.3,13.19,0,95.65,46.28,medium,WATCH
TX_005699,STORE_05,retail_park,CHK_015,20,4,0,regular,card,0,8,0,0,114,0,0,0,2,207,993,1,98.8,0.15,0,54.199999999999996,23.33,low,OK
TX_005700,STORE_07,hyper,CHK_038,14,5,1,regular,mobile,1,11,1,0,106,0,0,1,3,194,1063,2,111.1,0.05,0,66.14999999999999,29.95,low,OK
TX_005701,STORE_08,hyper,CHK_037,21,4,0,regular,card,0,12,0,0,93,0,0,0,3,194,982,1,99.0,2.18,0,56.7,24.72,low,OK
TX_005702,STORE_05,retail_park,CHK_034,10,4,0,new,card,1,5,1,0,61,0,1,0,2,189,993,2,66.4,0.1,0,40.2,15.58,low,OK
TX_005703,STORE_05,retail_park,CHK_012,11,3,0,regular,mobile,0,8,1,1,130,0,0,1,2,201,993,7,125.2,18.95,0,79.39999999999999,37.28,medium,WATCH
TX_005704,STORE_05,retail_park,CHK_029,8,6,1,professional,card,0,6,1,0,69,0,2,0,2,211,993,3,74.9,0.96,0,45.050000000000004,18.27,low,OK
TX_005705,STORE_05,retail_park,CHK_027,15,1,0,new,card,1,5,2,0,73,0,1,0,2,200,993,4,71.9,0.1,0,46.95,19.32,low,OK
TX_005706,STORE_05,retail_park,CHK_034,14,5,1,new,card,1,15,1,0,153,0,1,0,2,189,993,2,169.4,6.31,0,97.7,47.41,medium,WATCH
TX_005707,STORE_03,mall,CHK_001,20,0,0,regular,card,0,13,1,0,141,0,0,0,1,209,994,3,152.9,5.86,0,88.25,42.18,medium,WATCH
TX_005708,STORE_05,retail_park,CHK_012,12,2,0,regular,mobile,1,5,0,0,65,0,0,1,2,201,993,0,53.5,0.01,0,29.75,9.8,low,OK
TX_005709,STORE_04,mall,CHK_023,12,5,1,regular,card,0,14,0,0,171,0,0,0,1,188,987,1,159.0,3.17,0,87.9,41.99,medium,WATCH
TX_005710,STORE_03,mall,CHK_022,14,1,0,professional,mobile,0,8,1,0,85,0,2,1,1,223,994,3,94.4,1.04,0,56.0,24.33,low,OK
TX_005711,STORE_07,hyper,CHK_010,18,0,0,regular,card,1,6,0,0,70,0,0,0,3,204,1063,0,72.1,0.21,0,39.65,15.28,low,OK
TX_005712,STORE_08,hyper,CHK_019,19,0,0,professional,card,0,7,0,0,93,0,2,0,3,187,982,1,96.4,1.89,0,52.400000000000006,22.34,low,OK
TX_005713,STORE_04,mall,CHK_034,21,6,1,regular,card,0,7,2,0,70,0,0,0,1,189,987,5,79.3,0.29,0,51.85,22.03,low,OK
TX_005714,STORE_06,retail_park,CHK_023,9,5,1,regular,card,1,14,0,0,114,0,0,0,2,188,1000,0,116.2,0.5,0,66.5,30.14,low,OK
TX_005715,STORE_07,hyper,CHK_034,9,2,0,regular,card,1,14,0,0,109,0,0,0,3,189,1063,0,115.0,0.67,0,65.9,29.81,low,OK
TX_005716,STORE_06,retail_park,CHK_035,20,2,0,regular,card,1,13,1,0,164,0,0,0,2,218,1000,2,149.8,0.6,0,86.7,41.32,medium,WATCH
TX_005717,STORE_04,mall,CHK_024,13,2,0,professional,card,0,1,0,0,31,0,2,0,1,217,987,1,30.6,2.12,0,15.9,2.13,low,OK
TX_005718,STORE_08,hyper,CHK_007,17,0,0,professional,mobile,0,10,1,1,142,0,2,1,3,217,982,7,149.8,46.86,0,92.9,44.76,medium,WATCH
TX_005719,STORE_01,city,CHK_033,14,4,0,regular,card,0,8,1,0,99,0,0,0,0,192,987,3,92.0,0.2,0,54.8,23.66,low,OK
TX_005720,STORE_07,hyper,CHK_010,17,6,1,regular,card,1,12,0,0,109,0,0,0,3,204,1063,0,104.5,0.51,0,59.45,26.24,low,OK
TX_005721,STORE_01,city,CHK_014,18,3,0,regular,card,0,7,0,0,91,0,0,0,0,213,987,1,88.2,0.45,0,48.300000000000004,20.07,low,OK
TX_005722,STORE_01,city,CHK_029,15,2,0,regular,card,1,18,2,0,162,0,0,0,0,211,987,4,162.2,2.36,0,99.89999999999999,48.63,medium,WATCH
TX_005723,STORE_08,hyper,CHK_020,9,4,0,new,mobile,1,13,0,0,126,0,1,1,3,175,982,0,128.5,1.36,0,72.05,33.21,low,OK
TX_005724,STORE_05,retail_park,CHK_003,9,3,0,regular,card,1,12,1,0,101,0,0,0,2,195,993,2,105.8,0.05,0,64.1,28.81,low,OK
TX_005725,STORE_07,hyper,CHK_014,18,6,1,regular,card,1,8,0,0,102,0,0,0,3,213,1063,0,94.8,0.31,0,52.199999999999996,22.23,low,OK
TX_005726,STORE_07,hyper,CHK_003,14,5,1,regular,card,1,9,0,0,101,0,0,0,3,195,1063,0,93.8,0.11,0,52.3,22.28,low,OK
TX_005727,STORE_07,hyper,CHK_040,14,2,0,regular,card,0,11,1,0,137,0,0,0,3,193,1063,3,123.9,1.19,0,72.55,33.49,low,OK
TX_005728,STORE_02,city,CHK_040,17,5,1,new,card,1,6,0,0,61,0,1,0,0,193,994,0,65.7,0.15,0,36.45,13.51,low,OK
TX_005729,STORE_08,hyper,CHK_035,9,4,0,regular,card,1,11,0,0,82,0,0,0,3,218,982,0,89.3,0.2,0,51.25,21.7,low,OK
TX_005730,STORE_02,city,CHK_036,13,1,0,regular,card,1,7,0,0,79,0,0,0,0,205,994,0,71.7,0.01,0,40.050000000000004,15.5,low,OK
TX_005731,STORE_08,hyper,CHK_028,8,3,0,new,card,0,7,1,0,107,0,1,0,3,218,982,3,101.5,4.38,0,58.95,25.96,low,OK
TX_005732,STORE_03,mall,CHK_029,19,4,0,professional,mobile,1,4,0,0,59,0,2,1,1,211,994,0,58.0,0.0,0,31.4,10.71,low,OK
TX_005733,STORE_08,hyper,CHK_030,11,1,0,regular,card,0,5,1,0,66,0,0,0,3,197,982,3,62.7,0.15,0,38.35,14.56,low,OK
TX_005734,STORE_01,city,CHK_024,21,4,0,regular,card,1,8,2,0,92,0,0,0,0,217,987,4,90.3,0.27,0,57.949999999999996,25.41,low,OK
TX_005735,STORE_06,retail_park,CHK_006,21,6,1,new,card,0,7,1,0,97,0,1,0,2,223,1000,3,98.1,5.27,0,57.25,25.02,low,OK
TX_005736,STORE_05,retail_park,CHK_007,19,0,0,regular,card,0,14,1,0,146,0,0,0,2,217,993,3,152.6,5.05,0,88.7,42.43,medium,WATCH
TX_005737,STORE_06,retail_park,CHK_016,10,2,0,regular,card,1,12,1,0,101,0,0,0,2,195,1000,2,106.1,0.37,0,64.25,28.9,low,OK
TX_005738,STORE_01,city,CHK_002,11,2,0,regular,card,1,13,0,0,107,0,0,0,0,161,987,0,109.5,0.0,0,62.55,27.95,low,OK
TX_005739,STORE_07,hyper,CHK_014,10,6,1,regular,card,1,5,2,0,58,0,0,0,3,213,1063,4,64.7,0.0,0,43.35,17.33,low,OK
TX_005740,STORE_08,hyper,CHK_036,21,3,0,professional,card,0,10,1,0,100,0,2,0,3,205,982,3,105.8,3.98,0,62.9,28.15,low,OK
TX_005741,STORE_08,hyper,CHK_018,10,3,0,regular,mobile,1,8,1,0,71,0,0,1,3,200,982,2,80.5,0.39,0,49.05,20.48,low,OK
TX_005742,STORE_06,retail_park,CHK_016,21,6,1,regular,gift_card,1,11,2,0,131,0,0,2,2,195,1000,4,120.0,2.69,0,74.6,34.62,low,OK
TX_005743,STORE_07,hyper,CHK_027,18,5,1,regular,card,0,8,3,0,121,0,0,0,3,200,1063,7,118.9,4.65,0,76.25,35.54,medium,WATCH
TX_005744,STORE_02,city,CHK_023,16,1,0,new,card,0,10,0,0,114,0,1,0,0,188,994,1,113.6,6.43,0,62.8,28.09,low,OK
TX_005745,STORE_08,hyper,CHK_031,12,5,1,professional,card,1,8,0,2,160,1,2,0,3,194,982,8,164.3,85.84,1,102.95,50.32,medium,OPEN_SUPPORT
TX_005746,STORE_04,mall,CHK_022,13,2,0,professional,card,0,6,1,0,81,0,2,0,1,223,987,3,81.1,1.57,0,48.15,19.98,low,OK
TX_005747,STORE_06,retail_park,CHK_011,13,4,0,regular,card,1,6,1,0,79,0,0,0,2,179,1000,2,72.1,0.0,0,43.65,17.49,low,OK
TX_005748,STORE_08,hyper,CHK_031,9,2,0,regular,card,1,19,1,0,146,0,0,0,3,194,982,2,152.3,0.2,0,91.55000000000001,44.01,medium,WATCH
TX_005749,STORE_08,hyper,CHK_037,8,2,0,regular,card,1,14,0,0,125,0,0,0,3,194,982,0,121.0,0.0,0,68.9,31.47,low,OK
TX_005750,STORE_03,mall,CHK_027,18,4,0,regular,gift_card,0,13,1,0,148,0,0,2,1,200,994,3,150.8,3.95,0,87.2,41.6,medium,WATCH
TX_005751,STORE_02,city,CHK_039,11,4,0,regular,card,1,9,1,0,72,0,0,0,0,195,994,2,82.4,0.0,0,50.6,21.34,low,OK
TX_005752,STORE_07,hyper,CHK_013,17,5,1,new,card,1,11,0,1,140,0,1,0,3,192,1063,4,154.6,70.97,1,91.89999999999999,44.2,medium,OPEN_SUPPORT
TX_005753,STORE_05,retail_park,CHK_025,15,2,0,regular,card,0,6,0,0,57,0,0,0,2,213,993,1,66.5,0.31,0,36.85,13.73,low,OK
TX_005754,STORE_03,mall,CHK_038,21,5,1,new,mobile,0,15,0,0,151,0,1,1,1,194,994,1,183.3,65.48,1,100.65,49.05,medium,MONITOR_QUEUE
TX_005755,STORE_05,retail_park,CHK_003,18,6,1,regular,card,1,8,0,0,93,0,0,0,2,195,993,0,92.1,0.0,0,50.849999999999994,21.48,low,OK
TX_005756,STORE_04,mall,CHK_007,14,6,1,regular,card,1,13,1,0,110,0,0,0,1,217,987,2,125.3,0.42,0,74.45,34.54,low,OK
TX_005757,STORE_01,city,CHK_035,16,5,1,regular,card,0,7,1,0,73,0,0,0,0,218,987,3,75.0,0.09,0,45.7,18.63,low,OK
TX_005758,STORE_01,city,CHK_026,21,4,0,new,card,0,2,2,1,109,1,1,0,0,183,987,9,104.5,84.67,1,69.45,31.77,low,OPEN_SUPPORT
TX_005759,STORE_06,retail_park,CHK_021,16,5,1,regular,card,0,11,0,0,94,0,0,0,2,203,1000,1,97.1,1.59,0,55.15,23.86,low,OK
TX_005760,STORE_04,mall,CHK_035,16,6,1,regular,card,1,6,2,2,137,0,0,0,1,218,987,12,153.0,44.76,0,104.1,50.95,medium,WATCH
TX_005761,STORE_07,hyper,CHK_017,17,4,0,professional,card,0,12,2,0,116,0,2,0,3,202,1063,5,129.7,32.24,0,80.05,37.64,medium,WATCH
TX_005762,STORE_01,city,CHK_007,21,0,0,new,card,0,3,2,0,62,0,1,0,0,217,987,5,70.7,8.59,0,45.15,18.32,low,OK
TX_005763,STORE_06,retail_park,CHK_032,16,2,0,new,mobile,0,5,1,0,64,0,1,1,2,205,1000,3,67.8,2.58,0,40.9,15.97,low,OK
TX_005764,STORE_08,hyper,CHK_035,17,3,0,regular,gift_card,0,11,0,0,106,0,0,2,3,218,982,1,104.5,1.5,0,58.85,25.91,low,OK
TX_005765,STORE_07,hyper,CHK_003,12,5,1,regular,card,0,5,0,1,112,0,0,0,3,195,1063,5,108.1,16.2,0,65.05,29.34,low,OK
TX_005766,STORE_03,mall,CHK_006,18,2,0,regular,card,1,2,1,0,43,0,0,0,1,223,994,2,40.9,0.01,0,25.65,7.53,low,OK
TX_005767,STORE_02,city,CHK_010,8,5,1,regular,mobile,1,9,0,1,97,0,0,1,0,204,994,4,111.2,11.61,0,69.0,31.53,low,OK
TX_005768,STORE_03,mall,CHK_009,21,5,1,professional,card,1,10,0,0,93,0,2,0,1,211,994,0,96.8,0.21,0,54.4,23.44,low,OK
TX_005769,STORE_07,hyper,CHK_008,13,3,0,professional,card,1,19,0,0,176,0,2,0,3,173,1063,0,208.8,0.88,0,115.80000000000001,57.43,high,MONITOR_QUEUE
TX_005770,STORE_01,city,CHK_034,12,0,0,regular,card,0,3,0,0,53,0,0,0,0,189,987,1,42.9,0.09,0,23.25,6.2,low,OK
TX_005771,STORE_06,retail_park,CHK_035,20,2,0,new,card,0,12,0,0,148,0,1,0,2,218,1000,1,152.1,38.52,0,83.25,39.41,medium,WATCH
TX_005772,STORE_06,retail_park,CHK_031,15,1,0,new,card,1,7,1,0,78,0,1,0,2,194,1000,2,82.6,0.24,0,49.5,20.73,low,OK
TX_005773,STORE_04,mall,CHK_027,8,1,0,new,card,0,5,1,0,74,0,1,0,1,200,987,3,69.7,3.0,0,41.85,16.5,low,OK
TX_005774,STORE_02,city,CHK_023,21,1,0,new,card,0,4,1,0,61,0,1,0,0,188,994,3,63.1,3.81,0,37.949999999999996,14.34,low,OK
TX_005775,STORE_05,retail_park,CHK_034,20,6,1,new,mobile,1,9,1,0,105,0,1,1,2,189,993,2,118.7,0.29,0,68.75,31.39,low,OK
TX_005776,STORE_03,mall,CHK_025,21,1,0,professional,mobile,0,14,1,0,148,0,2,1,1,213,994,3,162.3,25.47,0,93.55000000000001,45.11,medium,WATCH
TX_005777,STORE_02,city,CHK_004,16,1,0,regular,mobile,0,1,0,1,65,0,0,1,0,219,994,5,69.0,4.6,0,43.1,17.19,low,OK
TX_005778,STORE_07,hyper,CHK_009,16,1,0,regular,card,0,3,0,1,84,0,0,0,3,211,1063,5,88.7,16.28,0,54.15,23.3,low,OK
TX_005779,STORE_07,hyper,CHK_028,19,4,0,regular,card,0,12,1,0,145,0,0,0,3,218,1063,3,144.5,4.16,0,83.45,39.52,medium,WATCH
TX_005780,STORE_02,city,CHK_010,16,5,1,new,card,1,10,1,0,100,0,1,0,0,204,994,2,110.9,0.46,0,65.45,29.56,low,OK
TX_005781,STORE_06,retail_park,CHK_023,18,1,0,regular,card,1,10,0,1,147,0,0,0,2,188,1000,4,157.4,72.25,1,92.7,44.64,medium,OPEN_SUPPORT
TX_005782,STORE_07,hyper,CHK_007,12,1,0,regular,card,1,14,4,1,206,1,0,0,3,217,1063,12,199.7,96.63,1,132.25,66.54,high,OPEN_SUPPORT
TX_005783,STORE_05,retail_park,CHK_024,8,5,1,regular,mobile,1,4,0,0,45,0,0,1,2,217,993,0,43.8,0.0,0,24.299999999999997,6.78,low,OK
TX_005784,STORE_06,retail_park,CHK_037,18,4,0,new,card,1,6,0,0,100,0,1,0,2,194,1000,0,87.2,0.4,0,47.2,19.46,low,OK
TX_005785,STORE_04,mall,CHK_031,14,4,0,professional,card,0,6,0,1,138,0,2,0,1,194,987,5,133.0,48.1,0,78.1,36.56,medium,WATCH
TX_005786,STORE_08,hyper,CHK_002,10,5,1,regular,mobile,1,10,0,1,116,0,0,1,3,161,982,4,125.5,20.41,0,76.75,35.82,medium,WATCH
TX_005787,STORE_07,hyper,CHK_028,21,3,0,new,card,0,14,0,0,180,1,1,0,3,218,1063,1,165.7,63.88,1,91.25,43.84,medium,MONITOR_QUEUE
TX_005788,STORE_01,city,CHK_002,12,1,0,regular,card,1,4,2,1,126,0,0,0,0,161,987,8,117.5,11.54,0,77.15,36.04,medium,WATCH
TX_005789,STORE_03,mall,CHK_006,18,6,1,new,card,1,14,1,1,207,1,1,0,1,223,994,6,209.7,95.09,1,125.25,62.66,high,OPEN_SUPPORT
TX_005790,STORE_08,hyper,CHK_032,21,4,0,new,mobile,1,4,0,0,53,0,1,1,3,205,982,0,53.3,0.42,0,29.049999999999997,9.41,low,OK
TX_005791,STORE_03,mall,CHK_028,10,0,0,regular,mobile,1,5,1,2,121,0,0,1,1,218,994,10,137.3,31.18,0,91.65,44.06,medium,WATCH
TX_005792,STORE_01,city,CHK_031,9,1,0,new,card,1,5,0,0,56,0,1,0,0,194,987,0,58.0,0.28,0,32.0,11.04,low,OK
TX_005793,STORE_08,hyper,CHK_025,15,3,0,regular,card,1,12,1,1,151,0,0,0,3,213,982,6,157.9,79.34,1,98.15,47.66,medium,OPEN_SUPPORT
TX_005794,STORE_02,city,CHK_015,17,2,0,new,card,1,13,1,0,147,0,1,0,0,207,994,2,138.3,5.59,0,80.95,38.14,medium,WATCH
TX_005795,STORE_07,hyper,CHK_038,16,5,1,regular,card,0,14,0,0,129,0,0,0,3,194,1063,1,132.4,6.09,0,74.60000000000001,34.62,low,OK
TX_005796,STORE_04,mall,CHK_036,9,0,0,regular,card,0,11,1,2,163,1,0,0,1,205,987,11,174.7,93.12,1,113.94999999999999,56.41,high,OPEN_SUPPORT
TX_005797,STORE_08,hyper,CHK_040,21,2,0,professional,mobile,1,9,0,0,96,0,2,1,3,193,982,0,97.3,0.7,0,54.05,23.25,low,OK
TX_005798,STORE_04,mall,CHK_011,11,0,0,professional,card,1,6,0,0,61,0,2,0,1,179,987,0,67.3,0.06,0,37.25,13.95,low,OK
TX_005799,STORE_03,mall,CHK_003,10,0,0,regular,card,1,11,4,1,152,1,0,0,1,195,994,12,152.4,85.82,1,106.8,52.45,medium,OPEN_SUPPORT
TX_005800,STORE_07,hyper,CHK_034,18,0,0,new,card,1,15,1,0,183,0,1,0,3,189,1063,2,185.3,6.61,0,105.65,51.81,medium,WATCH
TX_005801,STORE_08,hyper,CHK_005,13,1,0,regular,card,1,6,2,0,86,0,0,0,3,205,982,4,78.4,0.0,0,50.800000000000004,21.45,low,OK
TX_005802,STORE_03,mall,CHK_019,10,1,0,regular,card,1,10,1,1,124,0,0,0,1,187,994,6,134.8,52.12,1,85.4,40.6,medium,MONITOR_QUEUE
TX_005803,STORE_07,hyper,CHK_001,16,2,0,regular,card,1,9,0,0,70,0,0,0,3,209,1063,0,82.9,0.01,0,46.85,19.26,low,OK
TX_005804,STORE_03,mall,CHK_015,11,2,0,regular,card,1,8,0,1,114,0,0,0,1,207,994,4,119.2,5.05,0,72.39999999999999,33.41,low,OK
TX_005805,STORE_01,city,CHK_037,13,5,1,regular,card,0,10,0,0,95,0,0,0,0,194,987,1,105.3,0.4,0,58.65,25.8,low,OK
TX_005806,STORE_07,hyper,CHK_024,14,0,0,new,mobile,1,15,0,1,213,1,1,1,3,217,1063,4,208.3,95.77,1,121.15,60.39,high,OPEN_SUPPORT
TX_005807,STORE_02,city,CHK_017,10,3,0,new,card,1,12,3,0,154,0,1,0,0,202,994,6,148.0,16.09,0,93.2,44.92,medium,WATCH
TX_005808,STORE_05,retail_park,CHK_006,12,6,1,new,mobile,0,10,0,0,120,0,1,1,2,223,993,1,124.8,5.32,0,68.4,31.19,low,OK
TX_005809,STORE_03,mall,CHK_040,9,6,1,regular,card,1,15,2,1,211,1,0,0,1,193,994,8,194.6,91.45,1,122.3,61.03,high,OPEN_SUPPORT
TX_005810,STORE_05,retail_park,CHK_001,9,3,0,new,card,1,8,0,0,98,0,1,0,2,209,993,0,91.8,0.14,0,50.699999999999996,21.39,low,OK
TX_005811,STORE_08,hyper,CHK_025,17,0,0,regular,card,0,18,0,0,150,0,0,0,3,213,982,1,167.8,1.8,0,94.7,45.75,medium,WATCH
TX_005812,STORE_02,city,CHK_039,21,1,0,regular,card,1,10,1,0,106,0,0,0,0,195,994,2,102.4,0.38,0,61.2,27.21,low,OK
TX_005813,STORE_04,mall,CHK_005,13,1,0,regular,card,0,14,1,1,218,1,0,0,1,205,987,7,194.6,89.13,1,117.7,58.48,high,OPEN_SUPPORT
TX_005814,STORE_04,mall,CHK_014,10,5,1,regular,mobile,0,13,0,0,127,0,0,1,1,213,987,1,118.6,2.04,0,67.1,30.47,low,OK
TX_005815,STORE_01,city,CHK_010,18,1,0,regular,card,1,7,1,0,98,0,0,0,0,204,987,2,88.0,0.01,0,52.2,22.23,low,OK
TX_005816,STORE_06,retail_park,CHK_010,17,1,0,regular,mobile,0,5,0,0,51,0,0,1,2,204,1000,1,52.3,0.27,0,29.15,9.47,low,OK
TX_005817,STORE_06,retail_park,CHK_040,12,5,1,regular,card,1,14,0,0,132,0,0,0,2,193,1000,0,128.8,0.72,0,72.80000000000001,33.63,low,OK
TX_005818,STORE_01,city,CHK_018,14,0,0,regular,card,1,13,2,0,119,0,0,0,0,200,987,4,128.7,2.52,0,80.14999999999999,37.7,medium,WATCH
TX_005819,STORE_07,hyper,CHK_006,8,5,1,regular,card,1,12,0,0,108,0,0,0,3,223,1063,0,106.9,0.0,0,60.650000000000006,26.9,low,OK
TX_005820,STORE_05,retail_park,CHK_028,10,2,0,new,card,0,9,1,0,92,0,1,0,2,218,993,3,111.7,4.11,0,65.25,29.45,low,OK
TX_005821,STORE_04,mall,CHK_039,20,6,1,regular,card,1,7,1,0,91,0,0,0,1,195,987,2,86.3,0.0,0,51.35,21.75,low,OK
TX_005822,STORE_08,hyper,CHK_004,13,3,0,regular,card,1,2,0,0,38,0,0,0,3,219,982,0,32.7,0.05,0,17.55,3.04,low,OK
TX_005823,STORE_02,city,CHK_035,16,6,1,regular,card,0,15,0,0,138,0,0,0,0,218,994,1,136.9,2.94,0,77.45,36.2,medium,WATCH
TX_005824,STORE_03,mall,CHK_016,10,2,0,regular,mobile,0,10,0,0,82,0,0,1,1,195,994,1,93.6,0.22,0,52.8,22.56,low,OK
TX_005825,STORE_06,retail_park,CHK_033,11,3,0,regular,card,1,1,0,0,24,0,0,0,2,192,1000,0,24.2,0.0,0,12.7,0.36,low,OK
TX_005826,STORE_08,hyper,CHK_001,16,2,0,new,card,0,13,0,0,166,1,1,0,3,209,982,1,145.3,69.37,1,80.45,37.86,medium,MONITOR_QUEUE
TX_005827,STORE_05,retail_park,CHK_009,18,3,0,professional,card,1,9,0,1,158,0,2,0,2,211,993,4,157.2,39.75,0,92.0,44.26,medium,WATCH
TX_005828,STORE_06,retail_park,CHK_003,10,3,0,regular,card,0,9,0,0,100,0,0,0,2,195,1000,1,92.9,0.0,0,51.85,22.03,low,OK
TX_005829,STORE_07,hyper,CHK_018,13,1,0,regular,mobile,1,14,0,2,202,1,0,1,3,200,1063,8,199.9,95.93,1,124.35000000000001,62.16,high,OPEN_SUPPORT
TX_005830,STORE_05,retail_park,CHK_026,11,6,1,regular,mobile,0,8,0,0,88,0,0,1,2,183,993,1,84.8,0.0,0,47.199999999999996,19.46,low,OK
TX_005831,STORE_04,mall,CHK_032,15,0,0,professional,mobile,1,9,0,0,90,0,2,1,1,205,987,0,99.2,0.2,0,55.0,23.78,low,OK
TX_005832,STORE_04,mall,CHK_021,10,3,0,regular,card,1,12,0,0,111,0,0,0,1,203,987,0,105.5,0.05,0,59.95,26.52,low,OK
TX_005833,STORE_02,city,CHK_034,8,0,0,regular,card,0,6,2,0,84,0,0,0,0,189,994,5,78.1,0.54,0,50.65,21.37,low,OK
TX_005834,STORE_03,mall,CHK_026,11,1,0,new,card,0,11,0,0,121,0,1,0,1,183,994,1,134.5,21.34,0,73.85,34.21,low,OK
TX_005835,STORE_08,hyper,CHK_038,16,4,0,new,card,1,12,0,0,107,0,1,0,3,194,982,0,121.7,0.86,0,68.05,31.0,low,OK
TX_005836,STORE_05,retail_park,CHK_032,19,5,1,regular,card,1,6,0,0,79,0,0,0,2,205,993,0,76.7,0.0,0,41.95,16.55,low,OK
TX_005837,STORE_04,mall,CHK_016,17,5,1,regular,card,1,19,0,0,174,0,0,0,1,195,987,0,173.3,1.41,0,98.05000000000001,47.61,medium,WATCH
TX_005838,STORE_05,retail_park,CHK_023,14,6,1,regular,card,0,9,1,1,159,0,0,0,2,188,993,7,150.3,38.92,0,92.55000000000001,44.56,medium,WATCH
TX_005839,STORE_07,hyper,CHK_032,15,5,1,new,card,1,11,1,1,149,0,1,0,3,205,1063,6,161.1,81.14,1,99.14999999999999,48.21,medium,OPEN_SUPPORT
TX_005840,STORE_03,mall,CHK_004,14,4,0,regular,card,0,10,1,0,133,0,0,0,1,219,994,3,113.6,0.46,0,66.8,30.31,low,OK
TX_005841,STORE_05,retail_park,CHK_033,10,1,0,professional,card,1,6,1,1,114,0,2,0,2,192,993,6,114.9,14.38,0,73.05,33.77,low,OK
TX_005842,STORE_04,mall,CHK_006,13,0,0,new,card,1,5,1,1,104,0,1,0,1,223,987,6,110.6,12.84,0,70.3,32.24,low,OK
TX_005843,STORE_07,hyper,CHK_031,16,2,0,regular,card,1,12,1,0,88,0,0,0,3,194,1063,2,101.8,0.6,0,62.099999999999994,27.71,low,OK
TX_005844,STORE_04,mall,CHK_030,9,2,0,regular,card,1,12,0,0,98,0,0,0,1,197,987,0,103.9,0.06,0,59.150000000000006,26.07,low,OK
TX_005845,STORE_02,city,CHK_039,9,0,0,regular,mobile,1,5,0,0,50,0,0,1,0,195,994,0,52.4,0.0,0,29.2,9.49,low,OK
TX_005846,STORE_07,hyper,CHK_014,14,5,1,regular,card,0,7,0,0,76,0,0,0,3,213,1063,1,81.0,0.06,0,44.7,18.07,low,OK
TX_005847,STORE_02,city,CHK_006,8,6,1,regular,card,0,4,1,0,54,0,0,0,0,223,994,3,53.6,0.0,0,33.2,11.71,low,OK
TX_005848,STORE_03,mall,CHK_034,11,1,0,regular,card,1,9,0,0,89,0,0,0,1,189,994,0,83.1,0.06,0,46.949999999999996,19.32,low,OK
TX_005849,STORE_04,mall,CHK_040,9,1,0,regular,card,1,6,0,0,61,0,0,0,1,193,987,0,55.4,0.0,0,31.299999999999997,10.66,low,OK
TX_005850,STORE_02,city,CHK_004,11,1,0,regular,card,0,13,0,0,141,0,0,0,0,219,994,1,127.7,3.66,0,71.65,32.99,low,OK
TX_005851,STORE_02,city,CHK_026,21,0,0,regular,card,0,5,0,0,60,0,0,0,0,183,994,1,58.4,0.63,0,32.2,11.15,low,OK
TX_005852,STORE_06,retail_park,CHK_035,11,5,1,regular,card,1,8,1,0,89,0,0,0,2,218,1000,2,81.2,0.0,0,49.4,20.68,low,OK
TX_005853,STORE_03,mall,CHK_033,12,1,0,new,card,0,10,1,0,130,0,1,0,1,192,994,3,125.3,9.97,0,72.65,33.55,low,OK
TX_005854,STORE_04,mall,CHK_020,19,3,0,regular,gift_card,1,10,0,0,107,0,0,2,1,175,987,0,109.6,0.3,0,60.8,26.99,low,OK
TX_005855,STORE_07,hyper,CHK_027,17,6,1,regular,gift_card,1,7,0,0,64,0,0,2,3,200,1063,0,65.8,0.4,0,37.1,13.87,low,OK
TX_005856,STORE_03,mall,CHK_013,18,1,0,regular,card,1,12,1,1,172,1,0,0,1,192,994,6,176.9,89.19,1,107.65,52.92,medium,OPEN_SUPPORT
TX_005857,STORE_03,mall,CHK_027,17,1,0,professional,mobile,0,3,1,1,93,0,2,1,1,200,994,7,95.8,42.59,0,61.699999999999996,27.48,low,OK
TX_005858,STORE_05,retail_park,CHK_021,20,2,0,regular,mobile,0,11,3,0,156,0,0,1,2,203,993,7,147.7,10.84,0,92.44999999999999,44.51,medium,WATCH
TX_005859,STORE_04,mall,CHK_038,18,5,1,professional,card,0,12,1,1,184,1,2,0,1,194,987,7,185.4,93.8,1,111.9,55.27,high,OPEN_SUPPORT
TX_005860,STORE_07,hyper,CHK_039,8,2,0,regular,card,1,4,0,0,43,0,0,0,3,195,1063,0,46.0,0.0,0,25.4,7.39,low,OK
TX_005861,STORE_05,retail_park,CHK_039,21,3,0,regular,gift_card,1,8,0,1,127,0,0,2,2,195,993,4,119.2,12.7,0,72.39999999999999,33.41,low,OK
TX_005862,STORE_01,city,CHK_036,17,1,0,regular,card,1,5,1,0,59,0,0,0,0,205,987,2,57.2,0.01,0,35.6,13.04,low,OK
TX_005863,STORE_07,hyper,CHK_025,8,3,0,regular,card,0,14,3,1,223,1,0,0,3,213,1063,11,184.6,79.39,1,120.7,60.14,high,OPEN_SUPPORT
TX_005864,STORE_06,retail_park,CHK_003,10,3,0,new,card,1,6,0,0,60,0,1,0,2,195,1000,0,71.4,0.18,0,39.300000000000004,15.08,low,OK
TX_005865,STORE_02,city,CHK_010,17,5,1,regular,mobile,0,3,0,0,39,0,0,1,0,204,994,1,41.4,0.07,0,22.5,5.78,low,OK
TX_005866,STORE_01,city,CHK_006,9,1,0,professional,mobile,1,13,0,0,116,0,2,1,0,223,987,0,117.3,0.0,0,66.45,30.11,low,OK
TX_005867,STORE_06,retail_park,CHK_006,16,2,0,new,mobile,0,4,1,1,103,1,1,1,2,223,1000,7,105.8,89.18,1,67.30000000000001,30.58,low,OPEN_SUPPORT
TX_005868,STORE_07,hyper,CHK_036,21,3,0,regular,card,0,14,0,0,146,0,0,0,3,205,1063,1,120.8,4.53,0,68.8,31.41,low,OK
TX_005869,STORE_08,hyper,CHK_031,18,3,0,regular,card,1,10,2,0,139,0,0,0,3,194,982,4,125.8,0.58,0,76.9,35.9,medium,WATCH
TX_005870,STORE_08,hyper,CHK_021,19,0,0,regular,card,1,11,0,1,153,0,0,0,3,203,982,4,165.7,53.9,1,97.44999999999999,47.27,medium,MONITOR_QUEUE
TX_005871,STORE_07,hyper,CHK_007,12,5,1,regular,card,1,13,4,0,156,0,0,0,3,217,1063,8,147.7,18.88,0,97.64999999999999,47.38,medium,WATCH
TX_005872,STORE_02,city,CHK_001,19,1,0,regular,card,0,4,0,0,56,0,0,0,0,209,994,1,57.2,0.52,0,31.0,10.49,low,OK
TX_005873,STORE_07,hyper,CHK_009,14,5,1,regular,card,1,7,0,1,122,0,0,0,3,211,1063,4,122.2,10.13,0,73.3,33.91,low,OK
TX_005874,STORE_02,city,CHK_035,16,3,0,new,card,0,7,1,1,118,1,1,0,0,218,994,7,126.6,91.88,1,79.5,37.34,medium,OPEN_SUPPORT
TX_005875,STORE_08,hyper,CHK_012,11,1,0,regular,card,1,5,2,1,129,0,0,0,3,201,982,8,118.3,10.11,0,78.15,36.59,medium,WATCH
TX_005876,STORE_06,retail_park,CHK_026,15,2,0,regular,mobile,1,8,0,0,57,0,0,1,2,183,1000,0,67.2,0.01,0,38.4,14.59,low,OK
TX_005877,STORE_04,mall,CHK_019,14,0,0,new,card,1,5,1,0,79,0,1,0,1,187,987,2,69.7,0.2,0,41.85,16.5,low,OK
TX_005878,STORE_03,mall,CHK_035,20,0,0,new,card,1,11,0,0,140,0,1,0,1,218,994,0,130.5,2.96,0,71.85,33.1,low,OK
TX_005879,STORE_07,hyper,CHK_020,16,2,0,regular,card,0,9,0,0,84,0,0,0,3,175,1063,1,89.7,0.13,0,50.25,21.15,low,OK
TX_005880,STORE_04,mall,CHK_005,21,2,0,new,card,1,3,0,1,95,0,1,0,1,205,987,4,95.4,6.97,0,57.5,25.16,low,OK
TX_005881,STORE_04,mall,CHK_008,17,4,0,regular,card,1,8,1,0,84,0,0,0,1,173,987,2,77.1,0.0,0,47.349999999999994,19.54,low,OK
TX_005882,STORE_04,mall,CHK_022,15,5,1,professional,card,1,8,2,1,143,0,2,0,1,223,987,8,142.8,37.79,0,92.2,44.37,medium,WATCH
TX_005883,STORE_08,hyper,CHK_012,9,2,0,new,card,1,14,0,1,156,0,1,0,3,201,982,4,191.2,71.54,1,112.0,55.33,high,OPEN_SUPPORT
TX_005884,STORE_04,mall,CHK_007,13,2,0,regular,card,1,10,2,0,111,0,0,0,1,217,987,4,111.6,2.69,0,69.8,31.97,low,OK
TX_005885,STORE_02,city,CHK_039,15,5,1,regular,mobile,1,1,1,0,27,0,0,1,0,195,994,2,29.6,0.0,0,19.400000000000002,4.07,low,OK
TX_005886,STORE_07,hyper,CHK_022,12,1,0,regular,mobile,0,13,1,0,154,0,0,1,3,223,1063,3,142.7,4.33,0,83.14999999999999,39.36,medium,WATCH
TX_005887,STORE_03,mall,CHK_013,14,5,1,regular,mobile,0,8,1,0,91,0,0,1,1,192,994,3,91.7,0.16,0,54.65,23.58,low,OK
TX_005888,STORE_01,city,CHK_035,18,2,0,regular,mobile,0,11,2,0,117,0,0,1,0,218,987,5,139.4,4.66,0,84.3,39.99,medium,WATCH
TX_005889,STORE_04,mall,CHK_017,13,5,1,regular,card,1,3,1,0,49,0,0,0,1,202,987,2,48.7,0.0,0,30.150000000000002,10.02,low,OK
TX_005890,STORE_02,city,CHK_007,13,2,0,regular,card,0,9,0,0,91,0,0,0,0,217,994,1,102.0,0.09,0,56.4,24.55,low,OK
TX_005891,STORE_02,city,CHK_040,14,1,0,new,card,1,8,0,0,106,0,1,0,0,193,994,0,97.6,0.15,0,53.599999999999994,23.0,low,OK
TX_005892,STORE_01,city,CHK_035,20,3,0,new,card,1,8,1,1,156,0,1,0,0,218,987,6,137.5,23.23,0,85.55,40.69,medium,WATCH
TX_005893,STORE_08,hyper,CHK_024,16,2,0,professional,card,1,13,1,0,105,0,2,0,3,217,982,2,115.7,2.38,0,69.65,31.88,low,OK
TX_005894,STORE_01,city,CHK_034,21,4,0,regular,card,1,4,0,0,49,0,0,0,0,189,987,0,44.2,0.02,0,24.5,6.89,low,OK
TX_005895,STORE_03,mall,CHK_012,18,4,0,regular,card,1,7,0,0,92,0,0,0,1,201,994,0,81.6,0.2,0,45.0,18.24,low,OK
TX_005896,STORE_02,city,CHK_015,17,0,0,regular,card,1,10,0,0,90,0,0,0,0,207,994,0,88.5,0.11,0,50.25,21.15,low,OK
TX_005897,STORE_08,hyper,CHK_024,18,5,1,regular,gift_card,1,16,2,0,177,0,0,2,3,217,982,4,165.7,5.85,0,100.44999999999999,48.93,medium,WATCH
TX_005898,STORE_02,city,CHK_029,21,4,0,new,mobile,0,6,1,0,73,0,1,1,0,211,994,3,76.9,5.24,0,46.050000000000004,18.82,low,OK
TX_005899,STORE_02,city,CHK_008,12,6,1,regular,card,0,12,1,0,111,0,0,0,0,173,994,3,122.8,1.5,0,72.60000000000001,33.52,low,OK
TX_005900,STORE_05,retail_park,CHK_027,20,6,1,new,card,0,10,2,0,172,1,1,0,2,200,993,5,163.0,66.86,1,95.5,46.19,medium,MONITOR_QUEUE
TX_005901,STORE_07,hyper,CHK_033,8,6,1,regular,card,0,12,1,0,123,0,0,0,3,192,1063,3,121.4,1.94,0,71.9,33.13,low,OK
TX_005902,STORE_04,mall,CHK_007,19,1,0,regular,card,0,12,0,1,174,1,0,0,1,217,987,5,181.3,83.3,1,105.85000000000001,51.92,medium,OPEN_SUPPORT
TX_005903,STORE_03,mall,CHK_026,13,5,1,regular,card,0,8,1,0,96,0,0,0,1,183,994,3,92.4,0.16,0,55.0,23.78,low,OK
TX_005904,STORE_05,retail_park,CHK_038,16,0,0,new,card,0,7,1,0,90,0,1,0,2,194,993,3,103.0,4.0,0,59.7,26.38,low,OK
TX_005905,STORE_01,city,CHK_006,16,0,0,regular,card,1,13,1,0,94,0,0,0,0,223,987,2,105.2,0.48,0,64.4,28.98,low,OK
TX_005906,STORE_08,hyper,CHK_032,20,0,0,professional,card,1,14,0,0,146,0,2,0,3,205,982,0,145.6,1.17,0,81.2,38.28,medium,WATCH
TX_005907,STORE_01,city,CHK_017,9,2,0,regular,card,0,6,1,0,62,0,0,0,0,202,987,3,67.7,0.07,0,41.45,16.27,low,OK
TX_005908,STORE_07,hyper,CHK_021,20,1,0,new,card,0,9,1,0,140,0,1,0,3,203,1063,3,134.0,4.81,0,76.4,35.62,medium,WATCH
TX_005909,STORE_06,retail_park,CHK_022,19,1,0,regular,card,1,15,1,0,137,0,0,0,2,223,1000,2,152.2,1.36,0,89.1,42.65,medium,WATCH
TX_005910,STORE_03,mall,CHK_040,14,2,0,new,gift_card,0,15,1,0,237,1,1,2,1,193,994,3,211.0,80.22,1,118.5,58.93,high,OPEN_SUPPORT
TX_005911,STORE_06,retail_park,CHK_019,21,6,1,regular,mobile,1,5,0,0,51,0,0,1,2,187,1000,0,51.8,0.0,0,28.9,9.33,low,OK
TX_005912,STORE_03,mall,CHK_029,20,0,0,professional,card,0,12,0,0,177,0,2,0,1,211,994,1,166.6,18.39,0,90.5,43.43,medium,WATCH
TX_005913,STORE_05,retail_park,CHK_015,17,6,1,new,mobile,1,6,0,0,77,0,1,1,2,207,993,0,69.2,0.0,0,38.2,14.48,low,OK
TX_005914,STORE_06,retail_park,CHK_019,18,3,0,new,mobile,0,7,1,0,125,0,1,1,2,187,1000,3,117.1,3.9,0,66.75,30.28,low,OK
TX_005915,STORE_02,city,CHK_020,20,5,1,new,card,1,5,0,0,70,0,1,0,0,175,994,0,78.2,0.05,0,42.1,16.63,low,OK
TX_005916,STORE_08,hyper,CHK_014,15,5,1,regular,card,1,2,3,0,44,0,0,0,3,213,982,6,46.2,2.6,0,36.300000000000004,13.42,low,OK
TX_005917,STORE_08,hyper,CHK_009,15,5,1,regular,card,0,5,0,0,61,0,0,0,3,211,982,1,59.4,0.0,0,32.7,11.43,low,OK
TX_005918,STORE_03,mall,CHK_013,17,3,0,regular,gift_card,0,9,2,1,147,0,0,2,1,192,994,9,146.5,39.12,0,94.65,45.72,medium,WATCH
TX_005919,STORE_07,hyper,CHK_016,8,1,0,regular,card,1,16,1,0,130,0,0,0,3,195,1063,2,131.6,0.31,0,79.39999999999999,37.28,medium,WATCH
TX_005920,STORE_01,city,CHK_025,14,0,0,new,gift_card,0,4,0,0,66,0,1,2,0,213,987,1,68.4,2.36,0,36.6,13.59,low,OK
TX_005921,STORE_02,city,CHK_002,18,4,0,professional,gift_card,1,3,0,0,60,0,2,2,0,161,994,0,56.2,0.0,0,29.900000000000002,9.88,low,OK
TX_005922,STORE_01,city,CHK_022,14,4,0,new,card,1,8,1,0,119,0,1,0,0,223,987,2,100.2,0.22,0,58.9,25.93,low,OK
TX_005923,STORE_02,city,CHK_010,11,3,0,regular,gift_card,1,8,0,1,130,0,0,2,0,204,994,4,120.4,5.26,0,73.0,33.74,low,OK
TX_005924,STORE_03,mall,CHK_033,20,5,1,regular,card,0,3,1,1,109,0,0,0,1,192,994,7,100.6,15.41,0,64.1,28.81,low,OK
TX_005925,STORE_07,hyper,CHK_001,11,2,0,regular,mobile,1,13,1,0,111,0,0,1,3,209,1063,2,112.3,0.48,0,67.95,30.94,low,OK
TX_005926,STORE_08,hyper,CHK_027,20,2,0,regular,gift_card,0,12,4,0,175,1,0,2,3,200,982,9,157.2,46.82,0,101.8,49.68,medium,WATCH
TX_005927,STORE_08,hyper,CHK_038,16,2,0,regular,card,1,10,2,1,129,0,0,0,3,194,982,8,132.1,40.94,0,88.05,42.07,medium,WATCH
TX_005928,STORE_03,mall,CHK_036,18,3,0,regular,card,1,2,3,0,55,0,0,0,1,205,994,6,52.6,0.19,0,39.5,15.2,low,OK
TX_005929,STORE_04,mall,CHK_018,16,0,0,regular,card,0,10,0,1,134,0,0,0,1,200,987,5,139.1,55.62,1,83.55,39.58,medium,MONITOR_QUEUE
TX_005930,STORE_06,retail_park,CHK_007,8,2,0,professional,card,0,9,0,0,90,0,2,0,2,217,1000,1,100.9,1.34,0,55.85,24.25,low,OK
TX_005931,STORE_01,city,CHK_030,21,1,0,regular,card,0,1,3,0,42,0,0,0,0,197,987,7,45.7,6.24,0,35.45,12.95,low,OK
TX_005932,STORE_04,mall,CHK_036,20,1,0,regular,card,1,9,1,0,103,0,0,0,1,205,987,2,105.7,0.43,0,62.25,27.79,low,OK
TX_005933,STORE_04,mall,CHK_023,15,0,0,regular,card,1,9,0,0,92,0,0,0,1,188,987,0,85.5,0.01,0,48.15,19.98,low,OK
TX_005934,STORE_08,hyper,CHK_014,10,5,1,regular,card,1,7,0,0,71,0,0,0,3,213,982,0,67.0,0.0,0,37.7,14.2,low,OK
TX_005935,STORE_04,mall,CHK_020,16,5,1,regular,card,0,9,0,0,87,0,0,0,1,175,987,1,90.8,0.11,0,50.8,21.45,low,OK
TX_005936,STORE_02,city,CHK_009,10,2,0,professional,mobile,1,9,0,0,90,0,2,1,0,211,994,0,91.4,0.0,0,51.1,21.62,low,OK
TX_005937,STORE_04,mall,CHK_005,20,6,1,regular,mobile,0,11,3,0,139,0,0,1,1,205,987,7,142.1,10.32,0,89.64999999999999,42.96,medium,WATCH
TX_005938,STORE_07,hyper,CHK_016,8,2,0,professional,card,1,9,2,0,95,0,2,0,3,195,1063,4,110.3,0.49,0,68.55,31.28,low,OK
TX_005939,STORE_03,mall,CHK_001,21,1,0,new,card,1,16,0,0,177,0,1,0,1,209,994,0,175.0,2.31,0,97.1,47.08,medium,WATCH
TX_005940,STORE_05,retail_park,CHK_004,14,5,1,new,card,0,9,2,3,229,1,1,0,2,219,993,17,223.1,96.75,1,148.95000000000002,75.78,critical,OPEN_SUPPORT
TX_005941,STORE_04,mall,CHK_030,16,0,0,regular,card,0,8,1,0,90,0,0,0,1,197,987,3,86.6,0.08,0,52.099999999999994,22.17,low,OK
TX_005942,STORE_02,city,CHK_016,12,6,1,professional,card,0,1,1,0,40,0,2,0,0,195,994,3,38.7,2.15,0,23.950000000000003,6.59,low,OK
TX_005943,STORE_02,city,CHK_016,8,6,1,new,card,0,8,1,0,105,0,1,0,0,195,994,3,98.5,3.9,0,58.05,25.46,low,OK
TX_005944,STORE_08,hyper,CHK_015,19,0,0,new,card,1,7,1,1,164,1,1,0,3,207,982,6,153.6,61.31,1,93.0,44.81,medium,MONITOR_QUEUE
TX_005945,STORE_07,hyper,CHK_027,10,6,1,new,mobile,1,10,0,0,99,0,1,1,3,200,1063,0,105.7,0.08,0,58.85,25.91,low,OK
TX_005946,STORE_04,mall,CHK_034,8,5,1,regular,card,1,7,1,0,81,0,0,0,1,189,987,2,77.7,0.0,0,47.050000000000004,19.37,low,OK
TX_005947,STORE_05,retail_park,CHK_036,20,1,0,regular,gift_card,1,9,3,0,136,0,0,2,2,205,993,6,127.5,2.3,0,81.15,38.25,medium,WATCH
TX_005948,STORE_04,mall,CHK_013,20,1,0,new,card,1,9,1,0,136,0,1,0,1,192,987,2,128.3,0.91,0,73.55000000000001,34.04,low,OK
TX_005949,STORE_04,mall,CHK_005,13,6,1,regular,mobile,1,13,0,1,185,1,0,1,1,205,987,4,179.2,91.51,1,105.39999999999999,51.67,medium,OPEN_SUPPORT
TX_005950,STORE_03,mall,CHK_033,17,1,0,regular,card,1,18,2,0,165,0,0,0,1,192,994,4,161.5,2.53,0,99.55,48.44,medium,WATCH
TX_005951,STORE_05,retail_park,CHK_039,14,6,1,new,card,0,9,0,0,117,0,1,0,2,195,993,1,117.7,5.05,0,64.25,28.9,low,OK
TX_005952,STORE_05,retail_park,CHK_025,12,1,0,regular,card,1,7,0,0,81,0,0,0,2,213,993,0,74.5,0.01,0,41.45,16.27,low,OK
TX_005953,STORE_05,retail_park,CHK_032,8,3,0,regular,card,1,10,2,0,102,0,0,0,2,205,993,4,99.1,0.42,0,63.55,28.51,low,OK
TX_005954,STORE_03,mall,CHK_019,19,5,1,regular,card,0,11,0,1,184,1,0,0,1,187,994,5,180.6,82.73,1,104.89999999999999,51.4,medium,OPEN_SUPPORT
TX_005955,STORE_04,mall,CHK_021,15,5,1,regular,card,1,7,0,0,55,0,0,0,1,203,987,0,61.2,0.0,0,34.800000000000004,12.59,low,OK
TX_005956,STORE_03,mall,CHK_006,20,5,1,regular,card,0,8,0,0,96,0,0,0,1,223,994,1,101.5,0.0,0,55.55,24.08,low,OK
TX_005957,STORE_01,city,CHK_033,9,3,0,regular,card,1,8,1,0,87,0,0,0,0,192,987,2,82.1,0.06,0,49.849999999999994,20.92,low,OK
TX_005958,STORE_02,city,CHK_031,21,4,0,regular,card,1,7,1,0,66,0,0,0,0,194,994,2,68.8,0.02,0,42.6,16.91,low,OK
TX_005959,STORE_01,city,CHK_020,15,0,0,regular,mobile,0,1,0,0,24,0,0,1,0,175,987,1,26.3,0.25,0,13.75,0.94,low,OK
TX_005960,STORE_03,mall,CHK_014,12,3,0,new,card,0,11,1,0,123,0,1,0,1,213,994,3,139.3,33.29,0,80.25,37.75,medium,WATCH
TX_005961,STORE_04,mall,CHK_020,19,2,0,professional,gift_card,1,7,0,0,84,0,2,2,1,175,987,0,91.2,0.0,0,49.800000000000004,20.9,low,OK
TX_005962,STORE_05,retail_park,CHK_029,13,2,0,new,card,0,6,0,0,75,0,1,0,2,211,993,1,79.9,4.77,0,43.550000000000004,17.44,low,OK
TX_005963,STORE_03,mall,CHK_029,19,5,1,regular,card,0,9,1,0,107,0,0,0,1,211,994,3,111.8,0.04,0,65.3,29.48,low,OK
TX_005964,STORE_03,mall,CHK_024,13,6,1,new,card,1,10,4,0,148,0,1,0,1,217,994,8,140.6,14.54,0,92.3,44.42,medium,WATCH
TX_005965,STORE_07,hyper,CHK_040,20,6,1,regular,card,0,9,1,0,99,0,0,0,3,193,1063,3,107.0,0.36,0,62.9,28.15,low,OK
TX_005966,STORE_05,retail_park,CHK_015,15,2,0,new,card,1,9,1,0,93,0,1,0,2,207,993,2,109.8,0.27,0,64.3,28.92,low,OK
TX_005967,STORE_02,city,CHK_012,21,1,0,regular,mobile,0,3,2,0,43,0,0,1,0,201,994,5,50.9,0.1,0,35.25,12.84,low,OK
TX_005968,STORE_02,city,CHK_023,14,3,0,regular,card,1,13,2,0,119,0,0,0,0,188,994,4,127.8,2.74,0,79.7,37.45,medium,WATCH
TX_005969,STORE_04,mall,CHK_035,20,4,0,regular,card,0,1,1,1,94,0,0,0,1,218,987,7,83.5,9.67,0,54.35,23.42,low,OK
TX_005970,STORE_06,retail_park,CHK_009,14,6,1,regular,card,0,13,0,0,140,0,0,0,2,211,1000,1,128.0,2.79,0,71.8,33.08,low,OK
TX_005971,STORE_08,hyper,CHK_025,12,1,0,regular,card,1,11,2,0,110,0,0,0,3,213,982,4,122.9,1.23,0,76.05,35.43,medium,WATCH
TX_005972,STORE_01,city,CHK_025,10,6,1,regular,card,0,6,0,0,71,0,0,0,0,213,987,1,65.8,0.0,0,36.5,13.53,low,OK
TX_005973,STORE_01,city,CHK_024,10,2,0,regular,card,0,9,1,0,84,0,0,0,0,217,987,3,91.4,0.13,0,55.1,23.83,low,OK
TX_005974,STORE_04,mall,CHK_027,17,4,0,new,card,0,10,2,1,173,1,1,0,1,200,987,9,171.0,94.35,1,107.5,52.84,medium,OPEN_SUPPORT
TX_005975,STORE_02,city,CHK_020,17,6,1,regular,card,1,11,0,0,81,0,0,0,0,175,994,0,90.4,0.11,0,51.800000000000004,22.0,low,OK
TX_005976,STORE_06,retail_park,CHK_008,16,5,1,professional,mobile,1,6,1,0,66,0,2,1,2,173,1000,2,67.8,0.0,0,41.5,16.3,low,OK
TX_005977,STORE_04,mall,CHK_005,9,4,0,regular,gift_card,1,13,2,0,117,0,0,2,1,205,987,4,118.0,1.13,0,74.8,34.74,low,OK
TX_005978,STORE_08,hyper,CHK_003,9,0,0,regular,card,1,11,0,0,93,0,0,0,3,195,982,0,92.1,0.3,0,52.65,22.47,low,OK
TX_005979,STORE_03,mall,CHK_001,12,6,1,regular,card,0,5,0,0,58,0,0,0,1,209,994,1,57.8,0.02,0,31.9,10.99,low,OK
TX_005980,STORE_07,hyper,CHK_029,12,4,0,regular,card,1,12,1,0,136,0,0,0,3,211,1063,2,119.4,0.31,0,70.9,32.58,low,OK
TX_005981,STORE_02,city,CHK_007,12,4,0,regular,card,1,9,0,0,84,0,0,0,0,217,994,0,90.1,0.0,0,50.449999999999996,21.26,low,OK
TX_005982,STORE_08,hyper,CHK_016,18,2,0,regular,card,0,10,3,0,149,0,0,0,3,195,982,7,140.7,9.61,0,88.35,42.24,medium,WATCH
TX_005983,STORE_06,retail_park,CHK_031,20,0,0,new,card,0,6,0,0,90,0,1,0,2,194,1000,1,90.3,4.97,0,48.75,20.32,low,OK
TX_005984,STORE_08,hyper,CHK_021,21,6,1,regular,card,1,12,1,0,119,0,0,0,3,203,982,2,112.3,0.71,0,67.35,30.61,low,OK
TX_005985,STORE_08,hyper,CHK_036,19,6,1,regular,card,0,15,0,0,171,0,0,0,3,205,982,1,168.1,4.11,0,93.05,44.84,medium,WATCH
TX_005986,STORE_08,hyper,CHK_011,21,3,0,regular,mobile,0,6,1,0,59,0,0,1,3,179,982,3,64.1,0.17,0,39.65,15.28,low,OK
TX_005987,STORE_08,hyper,CHK_034,11,2,0,regular,mobile,1,12,0,0,94,0,0,1,3,189,982,0,102.7,0.3,0,58.55,25.74,low,OK
TX_005988,STORE_08,hyper,CHK_027,18,0,0,regular,card,0,5,2,0,85,0,0,0,3,200,982,5,79.7,0.82,0,50.85,21.48,low,OK
TX_005989,STORE_04,mall,CHK_012,12,0,0,regular,card,1,4,0,0,54,0,0,0,1,201,987,0,49.1,0.01,0,26.95,8.25,low,OK
TX_005990,STORE_03,mall,CHK_037,15,5,1,regular,card,1,10,1,1,138,0,0,0,1,194,994,6,140.1,59.04,1,88.05,42.07,medium,MONITOR_QUEUE
TX_005991,STORE_05,retail_park,CHK_026,12,0,0,regular,mobile,0,7,1,1,135,0,0,1,2,183,993,7,127.9,18.31,0,80.15,37.7,medium,WATCH
TX_005992,STORE_06,retail_park,CHK_040,14,6,1,regular,mobile,1,6,1,0,71,0,0,1,2,193,1000,2,70.6,0.0,0,42.9,17.08,low,OK
TX_005993,STORE_08,hyper,CHK_018,19,2,0,new,mobile,1,10,0,0,119,0,1,1,3,200,982,0,123.4,0.99,0,67.7,30.81,low,OK
TX_005994,STORE_06,retail_park,CHK_027,16,2,0,regular,card,1,5,2,1,124,0,0,0,2,200,1000,8,108.5,17.15,0,73.25,33.88,low,OK
TX_005995,STORE_07,hyper,CHK_011,13,1,0,new,card,1,5,2,0,88,0,1,0,3,179,1063,4,81.2,0.0,0,51.6,21.89,low,OK
TX_005996,STORE_02,city,CHK_027,17,5,1,regular,card,0,13,1,0,129,0,0,0,0,200,994,3,121.3,4.45,0,72.45,33.43,low,OK
TX_005997,STORE_08,hyper,CHK_036,12,1,0,new,card,1,8,0,1,144,0,1,0,3,205,982,4,140.2,12.02,0,82.89999999999999,39.22,medium,WATCH
TX_005998,STORE_03,mall,CHK_014,20,4,0,regular,card,1,17,0,0,139,0,0,0,1,213,994,0,157.9,0.35,0,89.15,42.68,medium,WATCH
TX_005999,STORE_08,hyper,CHK_027,14,2,0,professional,mobile,0,9,0,2,197,1,2,1,3,200,982,9,192.8,88.37,1,117.80000000000001,58.54,high,OPEN_SUPPORT
TX_006000,STORE_04,mall,CHK_021,14,2,0,new,card,1,6,0,0,77,0,1,0,1,203,987,0,76.7,0.16,0,41.95,16.55,low,OK
TX_006001,STORE_05,retail_park,CHK_003,20,4,0,regular,card,0,11,2,0,141,0,0,0,2,195,993,5,140.0,4.86,0,84.6,40.16,medium,WATCH
TX_006002,STORE_07,hyper,CHK_026,8,4,0,new,card,0,10,0,0,132,0,1,0,3,183,1063,1,107.7,4.2,0,59.85,26.46,low,OK
TX_006003,STORE_04,mall,CHK_010,18,4,0,professional,card,1,10,1,0,127,0,2,0,1,204,987,2,129.0,0.73,0,74.5,34.57,low,OK
TX_006004,STORE_08,hyper,CHK_035,21,0,0,regular,card,0,13,1,0,131,0,0,0,3,218,982,3,113.6,2.57,0,68.6,31.3,low,OK
TX_006005,STORE_05,retail_park,CHK_003,21,2,0,professional,mobile,1,12,0,0,122,0,2,1,2,195,993,0,123.2,0.92,0,68.8,31.41,low,OK
TX_006006,STORE_01,city,CHK_013,15,1,0,regular,card,1,7,0,0,67,0,0,0,0,192,987,0,64.2,0.01,0,36.300000000000004,13.42,low,OK
TX_006007,STORE_03,mall,CHK_037,11,3,0,regular,mobile,0,4,0,0,40,0,0,1,1,194,994,1,44.3,0.0,0,24.549999999999997,6.92,low,OK
TX_006008,STORE_02,city,CHK_034,18,1,0,new,mobile,1,7,1,0,98,0,1,1,0,189,994,2,96.3,0.05,0,56.35,24.52,low,OK
TX_006009,STORE_07,hyper,CHK_032,16,6,1,regular,card,1,17,0,0,140,0,0,0,3,205,1063,0,142.5,0.0,0,81.45,38.42,medium,WATCH
TX_006010,STORE_08,hyper,CHK_026,12,6,1,regular,card,1,12,0,1,155,0,0,0,3,183,982,4,162.9,62.08,1,96.65,46.83,medium,MONITOR_QUEUE
TX_006011,STORE_04,mall,CHK_024,14,1,0,new,mobile,1,9,0,0,102,0,1,1,1,217,987,0,110.9,0.09,0,60.85,27.01,low,OK
TX_006012,STORE_06,retail_park,CHK_022,10,1,0,regular,mobile,0,11,0,0,90,0,0,1,2,223,1000,1,98.1,1.0,0,55.65,24.14,low,OK
TX_006013,STORE_08,hyper,CHK_035,11,6,1,regular,card,0,12,0,0,101,0,0,0,3,218,982,1,108.9,1.14,0,61.650000000000006,27.46,low,OK
TX_006014,STORE_04,mall,CHK_032,11,0,0,new,mobile,1,13,0,0,109,0,1,1,1,205,987,0,119.5,0.87,0,67.55,30.72,low,OK
TX_006015,STORE_03,mall,CHK_016,16,3,0,regular,card,1,4,0,0,41,0,0,0,1,195,994,0,43.5,0.04,0,24.15,6.7,low,OK
TX_006016,STORE_05,retail_park,CHK_039,11,6,1,regular,card,0,12,0,0,111,0,0,0,2,195,993,1,109.8,1.1,0,62.099999999999994,27.71,low,OK
TX_006017,STORE_02,city,CHK_037,16,3,0,new,card,1,3,0,2,92,0,1,0,0,194,994,8,110.1,43.16,0,72.85,33.66,low,OK
TX_006018,STORE_08,hyper,CHK_023,10,6,1,new,card,0,8,1,0,105,0,1,0,3,188,982,3,104.6,4.97,0,61.099999999999994,27.15,low,OK
TX_006019,STORE_08,hyper,CHK_027,12,2,0,regular,card,0,10,1,0,111,0,0,0,3,200,982,3,110.9,0.27,0,65.45,29.56,low,OK
TX_006020,STORE_01,city,CHK_033,19,1,0,professional,card,1,1,0,0,34,0,2,0,0,192,987,0,34.2,0.36,0,17.700000000000003,3.13,low,OK
TX_006021,STORE_08,hyper,CHK_034,9,3,0,new,card,1,7,3,0,92,0,1,0,3,189,982,6,96.1,1.86,0,64.25,28.9,low,OK
TX_006022,STORE_08,hyper,CHK_035,16,3,0,new,card,1,8,2,0,107,0,1,0,3,218,982,4,106.2,0.6,0,65.9,29.81,low,OK
TX_006023,STORE_07,hyper,CHK_012,12,3,0,new,card,1,17,0,2,296,1,1,0,3,201,1063,8,247.7,95.06,1,150.04999999999998,76.39,critical,OPEN_SUPPORT
TX_006024,STORE_08,hyper,CHK_026,14,6,1,regular,card,0,12,0,1,204,1,0,0,3,183,982,5,182.6,84.79,1,106.5,52.28,medium,OPEN_SUPPORT
TX_006025,STORE_01,city,CHK_015,8,2,0,regular,card,1,10,0,1,116,0,0,0,0,207,987,4,122.2,37.79,0,75.1,34.9,low,OK
TX_006026,STORE_08,hyper,CHK_020,10,1,0,regular,mobile,1,15,1,0,140,0,0,1,3,175,982,2,133.7,0.0,0,79.85,37.53,medium,WATCH
TX_006027,STORE_05,retail_park,CHK_036,9,1,0,new,card,0,9,0,0,102,0,1,0,2,205,993,1,104.2,4.54,0,57.5,25.16,low,OK
TX_006028,STORE_03,mall,CHK_035,9,5,1,new,card,0,16,1,0,202,1,1,0,1,218,994,3,189.8,74.13,1,108.5,53.39,medium,OPEN_SUPPORT
TX_006029,STORE_02,city,CHK_028,18,2,0,new,card,1,3,1,0,57,0,1,0,0,218,994,2,56.3,0.57,0,33.949999999999996,12.12,low,OK
TX_006030,STORE_07,hyper,CHK_021,14,1,0,regular,card,1,13,1,0,144,0,0,0,3,203,1063,2,126.0,0.54,0,74.8,34.74,low,OK
TX_006031,STORE_06,retail_park,CHK_005,17,5,1,new,card,0,12,0,0,128,0,1,0,2,205,1000,1,132.8,30.76,0,73.60000000000001,34.07,low,OK
TX_006032,STORE_03,mall,CHK_007,20,3,0,new,gift_card,0,7,2,1,175,1,1,2,1,217,994,9,167.6,91.19,1,104.0,50.9,medium,OPEN_SUPPORT
TX_006033,STORE_08,hyper,CHK_014,20,0,0,new,card,0,17,1,1,316,1,1,0,3,213,982,7,285.4,97.66,1,164.89999999999998,84.61,critical,OPEN_SUPPORT
TX_006034,STORE_03,mall,CHK_026,12,4,0,regular,card,1,9,1,0,91,0,0,0,1,183,994,2,93.7,0.06,0,56.25,24.47,low,OK
TX_006035,STORE_01,city,CHK_005,16,0,0,regular,card,1,7,0,1,91,0,0,0,0,205,987,4,119.7,7.15,0,72.05,33.21,low,OK
TX_006036,STORE_08,hyper,CHK_002,12,3,0,regular,card,1,6,0,0,60,0,0,0,3,161,982,0,65.1,0.1,0,36.15,13.34,low,OK
TX_006037,STORE_04,mall,CHK_030,17,2,0,new,mobile,1,1,2,0,43,0,1,1,1,197,987,4,42.1,0.1,0,29.650000000000002,9.74,low,OK
TX_006038,STORE_06,retail_park,CHK_031,19,5,1,regular,mobile,0,11,0,0,104,0,0,1,2,194,1000,1,123.4,1.01,0,68.3,31.14,low,OK
TX_006039,STORE_01,city,CHK_014,20,3,0,new,card,1,1,0,0,35,0,1,0,0,213,987,0,34.6,0.16,0,17.900000000000002,3.24,low,OK
TX_006040,STORE_08,hyper,CHK_031,17,3,0,regular,mobile,0,6,0,1,113,0,0,1,3,194,982,5,116.0,13.63,0,69.6,31.86,low,OK
TX_006041,STORE_06,retail_park,CHK_033,17,2,0,regular,card,0,10,4,0,106,0,0,0,2,192,1000,9,106.1,16.85,0,75.05,34.87,low,OK
TX_006042,STORE_04,mall,CHK_001,11,5,1,regular,gift_card,1,10,2,0,112,0,0,2,1,209,987,4,105.4,0.23,0,66.7,30.25,low,OK
TX_006043,STORE_05,retail_park,CHK_007,21,1,0,regular,card,0,15,0,0,119,0,0,0,2,217,993,1,124.4,2.28,0,71.2,32.74,low,OK
TX_006044,STORE_02,city,CHK_011,14,1,0,regular,card,1,2,3,0,49,0,0,0,0,179,994,6,49.8,1.37,0,38.1,14.42,low,OK
TX_006045,STORE_08,hyper,CHK_039,8,4,0,new,card,0,15,4,0,183,1,1,0,3,195,982,9,173.1,74.17,1,111.55,55.08,high,OPEN_SUPPORT
TX_006046,STORE_04,mall,CHK_017,9,0,0,regular,card,1,13,2,1,184,1,0,0,1,202,987,8,179.6,92.21,1,113.6,56.21,high,OPEN_SUPPORT
TX_006047,STORE_02,city,CHK_002,19,2,0,new,card,0,7,0,0,124,0,1,0,0,161,994,1,111.6,4.5,0,60.0,26.54,low,OK
TX_006048,STORE_04,mall,CHK_021,12,0,0,regular,mobile,0,6,2,1,130,0,0,1,1,203,987,9,125.7,28.3,0,82.44999999999999,38.97,medium,WATCH
TX_006049,STORE_02,city,CHK_018,14,2,0,professional,card,1,5,2,0,83,0,2,0,0,200,994,4,72.0,0.53,0,47.0,19.35,low,OK
TX_006050,STORE_03,mall,CHK_005,16,6,1,new,card,0,6,0,0,82,0,1,0,1,205,994,1,75.9,3.36,0,41.550000000000004,16.33,low,OK
TX_006051,STORE_07,hyper,CHK_015,11,3,0,regular,card,1,11,0,1,146,0,0,0,3,207,1063,4,137.2,51.25,1,83.19999999999999,39.39,medium,MONITOR_QUEUE
TX_006052,STORE_02,city,CHK_026,12,3,0,new,card,1,6,0,0,70,0,1,0,0,183,994,0,75.3,0.0,0,41.25,16.16,low,OK
TX_006053,STORE_03,mall,CHK_039,10,6,1,regular,card,0,8,3,0,101,0,0,0,1,195,994,7,101.8,2.0,0,67.7,30.81,low,OK
TX_006054,STORE_04,mall,CHK_026,20,5,1,regular,mobile,1,4,1,2,155,0,0,1,1,183,987,10,135.5,44.48,0,90.15,43.23,medium,WATCH
TX_006055,STORE_04,mall,CHK_032,14,6,1,regular,card,0,17,0,1,195,1,0,0,1,205,987,5,200.7,93.88,1,118.55,58.95,high,OPEN_SUPPORT
TX_006056,STORE_08,hyper,CHK_024,8,5,1,regular,mobile,0,12,2,0,110,0,0,1,3,217,982,5,117.8,3.05,0,74.10000000000001,34.35,low,OK
TX_006057,STORE_04,mall,CHK_023,10,6,1,new,card,0,9,2,1,137,1,1,0,1,188,987,9,146.5,92.84,1,94.65,45.72,medium,OPEN_SUPPORT
TX_006058,STORE_04,mall,CHK_007,9,6,1,regular,mobile,1,8,1,0,75,0,0,1,1,217,987,2,79.1,0.0,0,48.349999999999994,20.09,low,OK
TX_006059,STORE_01,city,CHK_026,11,0,0,regular,gift_card,1,12,1,0,130,0,0,2,0,183,987,2,122.9,0.0,0,72.65,33.55,low,OK
TX_006060,STORE_04,mall,CHK_023,11,2,0,regular,gift_card,1,8,0,1,129,0,0,2,1,188,987,4,118.9,3.95,0,72.25,33.32,low,OK
TX_006061,STORE_08,hyper,CHK_012,13,2,0,regular,card,1,15,1,0,133,0,0,0,3,201,982,2,141.0,0.27,0,83.5,39.55,medium,WATCH
TX_006062,STORE_01,city,CHK_023,10,6,1,new,mobile,0,3,1,1,98,1,1,1,0,188,987,7,101.3,78.02,1,64.45,29.01,low,OPEN_SUPPORT
TX_006063,STORE_05,retail_park,CHK_015,21,1,0,regular,card,1,7,0,0,65,0,0,0,2,207,993,0,62.4,0.03,0,35.4,12.93,low,OK
TX_006064,STORE_03,mall,CHK_014,11,5,1,regular,card,1,15,1,1,195,1,0,0,1,213,994,6,177.7,87.68,1,109.85,54.14,medium,OPEN_SUPPORT
TX_006065,STORE_01,city,CHK_015,16,3,0,regular,mobile,0,9,0,1,123,0,0,1,0,207,987,5,133.0,22.6,0,79.9,37.56,medium,WATCH
TX_006066,STORE_06,retail_park,CHK_037,9,0,0,regular,card,0,11,1,0,116,0,0,0,2,194,1000,3,113.8,1.32,0,67.5,30.69,low,OK
TX_006067,STORE_01,city,CHK_028,15,6,1,regular,mobile,0,3,0,1,84,0,0,1,0,218,987,5,87.8,13.16,0,53.699999999999996,23.06,low,OK
TX_006068,STORE_03,mall,CHK_014,10,0,0,regular,gift_card,0,11,0,0,95,0,0,2,1,213,994,1,113.5,0.86,0,63.35,28.4,low,OK
TX_006069,STORE_01,city,CHK_017,17,4,0,regular,card,1,9,0,0,71,0,0,0,0,202,987,0,81.5,0.2,0,46.15,18.88,low,OK
TX_006070,STORE_05,retail_park,CHK_015,15,2,0,new,gift_card,1,7,3,0,107,0,1,2,2,207,993,6,107.4,3.75,0,69.9,32.02,low,OK
TX_006071,STORE_04,mall,CHK_030,11,3,0,regular,card,0,9,0,1,144,0,0,0,1,197,987,5,138.0,22.18,0,82.4,38.94,medium,WATCH
TX_006072,STORE_06,retail_park,CHK_033,15,4,0,new,card,0,5,0,0,67,0,1,0,2,192,1000,1,69.7,5.7,0,37.85,14.28,low,OK
TX_006073,STORE_06,retail_park,CHK_001,10,4,0,professional,card,1,1,0,0,27,0,2,0,2,209,1000,0,28.3,0.09,0,14.75,1.49,low,OK
TX_006074,STORE_02,city,CHK_017,16,3,0,new,gift_card,1,10,1,0,142,0,1,2,0,202,994,2,130.1,0.18,0,75.05,34.87,low,OK
TX_006075,STORE_03,mall,CHK_016,11,3,0,regular,mobile,0,7,1,1,106,0,0,1,1,195,994,7,114.0,15.51,0,73.2,33.85,low,OK
TX_006076,STORE_08,hyper,CHK_010,11,4,0,regular,card,1,14,0,0,97,0,0,0,3,204,982,0,120.1,0.27,0,68.45,31.22,low,OK
TX_006077,STORE_01,city,CHK_038,8,6,1,regular,mobile,0,12,1,1,150,0,0,1,0,194,987,7,151.7,37.29,0,95.05,45.95,medium,WATCH
TX_006078,STORE_02,city,CHK_024,15,2,0,new,card,1,11,0,0,135,0,1,0,0,217,994,0,121.1,1.07,0,67.14999999999999,30.5,low,OK
TX_006079,STORE_02,city,CHK_025,11,3,0,regular,card,0,11,0,0,115,0,0,0,0,213,994,1,108.9,0.58,0,61.050000000000004,27.12,low,OK
TX_006080,STORE_07,hyper,CHK_027,15,0,0,regular,card,1,11,2,0,116,0,0,0,3,200,1063,4,114.6,1.23,0,71.89999999999999,33.13,low,OK
TX_006081,STORE_01,city,CHK_008,21,3,0,regular,card,0,13,1,0,103,0,0,0,0,173,987,3,109.4,1.98,0,66.5,30.14,low,OK
TX_006082,STORE_03,mall,CHK_018,18,2,0,regular,card,1,10,0,1,169,1,0,0,1,200,994,4,161.9,77.6,1,94.95,45.89,medium,OPEN_SUPPORT
TX_006083,STORE_08,hyper,CHK_004,12,0,0,regular,gift_card,0,14,0,0,155,0,0,2,3,219,982,1,144.2,1.26,0,80.5,37.89,medium,WATCH
TX_006084,STORE_02,city,CHK_017,17,6,1,new,card,1,11,0,1,167,1,1,0,0,202,994,4,153.2,71.02,1,91.19999999999999,43.81,medium,OPEN_SUPPORT
TX_006085,STORE_07,hyper,CHK_040,12,6,1,regular,card,1,10,0,0,99,0,0,0,3,193,1063,0,103.2,0.17,0,57.6,25.21,low,OK
TX_006086,STORE_04,mall,CHK_015,16,3,0,regular,mobile,1,6,1,0,57,0,0,1,1,207,987,2,62.9,0.04,0,39.050000000000004,14.95,low,OK
TX_006087,STORE_01,city,CHK_012,16,2,0,professional,card,0,7,0,0,70,0,2,0,0,201,987,1,76.1,2.18,0,42.25,16.72,low,OK
TX_006088,STORE_07,hyper,CHK_037,21,4,0,new,card,0,8,0,0,99,0,1,0,3,194,1063,1,100.9,3.69,0,55.25,23.91,low,OK
TX_006089,STORE_04,mall,CHK_030,8,4,0,new,card,1,16,1,2,207,1,1,0,1,197,987,10,236.8,81.6,1,148.0,75.26,critical,OPEN_SUPPORT
TX_006090,STORE_04,mall,CHK_005,15,1,0,new,card,1,14,0,1,190,1,1,0,1,205,987,4,202.0,94.37,1,117.4,58.32,high,OPEN_SUPPORT
TX_006091,STORE_02,city,CHK_026,21,1,0,regular,card,0,21,1,0,169,0,0,0,0,183,994,3,181.7,4.34,0,107.44999999999999,52.81,medium,WATCH
TX_006092,STORE_05,retail_park,CHK_028,8,5,1,new,mobile,1,7,0,0,69,0,1,1,2,218,993,0,75.9,0.14,0,42.150000000000006,16.66,low,OK
TX_006093,STORE_07,hyper,CHK_030,9,3,0,regular,card,0,15,1,0,158,0,0,0,3,197,1063,3,151.6,5.82,0,88.8,42.49,medium,WATCH
TX_006094,STORE_05,retail_park,CHK_012,19,5,1,regular,card,1,16,2,0,178,0,0,0,2,201,993,4,166.7,3.64,0,100.94999999999999,49.21,medium,WATCH
TX_006095,STORE_03,mall,CHK_002,10,3,0,regular,card,1,8,0,1,99,0,0,0,1,161,994,4,109.3,4.45,0,67.45,30.67,low,OK
TX_006096,STORE_06,retail_park,CHK_020,14,1,0,new,mobile,1,5,0,0,58,0,1,1,2,175,1000,0,63.1,0.09,0,34.55,12.46,low,OK
TX_006097,STORE_07,hyper,CHK_003,10,2,0,new,card,1,12,1,0,114,0,1,0,3,195,1063,2,130.1,3.8,0,76.25,35.54,medium,WATCH
TX_006098,STORE_04,mall,CHK_004,17,1,0,regular,card,1,5,1,0,57,0,0,0,1,219,987,2,57.4,0.01,0,35.7,13.09,low,OK
TX_006099,STORE_04,mall,CHK_023,16,6,1,regular,gift_card,0,5,2,1,114,0,0,2,1,188,987,9,117.7,21.59,0,77.85,36.42,medium,WATCH
TX_006100,STORE_02,city,CHK_023,9,5,1,regular,mobile,1,10,1,0,77,0,0,1,0,188,994,2,89.0,0.0,0,54.5,23.5,low,OK
TX_006101,STORE_06,retail_park,CHK_001,21,6,1,regular,mobile,1,6,0,0,47,0,0,1,2,209,1000,0,50.8,0.0,0,29.0,9.38,low,OK
TX_006102,STORE_01,city,CHK_018,21,5,1,regular,mobile,1,6,0,0,49,0,0,1,0,200,987,0,53.2,0.0,0,30.200000000000003,10.05,low,OK
TX_006103,STORE_02,city,CHK_004,15,3,0,professional,card,0,6,2,0,74,0,2,0,0,219,994,5,80.4,2.48,0,51.800000000000004,22.0,low,OK
TX_006104,STORE_07,hyper,CHK_026,8,1,0,professional,gift_card,0,11,0,0,106,0,2,2,3,183,1063,1,113.8,3.21,0,63.5,28.48,low,OK
TX_006105,STORE_08,hyper,CHK_011,17,2,0,new,mobile,0,12,1,0,151,0,1,1,3,179,982,3,142.5,31.14,0,82.45,38.97,medium,WATCH
TX_006106,STORE_02,city,CHK_036,15,3,0,regular,mobile,0,10,0,1,123,0,0,1,0,205,994,5,133.7,48.11,0,80.85,38.08,medium,WATCH
TX_006107,STORE_04,mall,CHK_029,14,5,1,professional,gift_card,1,11,0,0,144,0,2,2,1,211,987,0,136.6,0.23,0,74.89999999999999,34.79,low,OK
TX_006108,STORE_04,mall,CHK_010,9,1,0,new,card,1,9,1,0,87,0,1,0,1,204,987,2,100.8,0.21,0,59.8,26.43,low,OK
TX_006109,STORE_04,mall,CHK_033,8,4,0,new,mobile,1,9,3,0,108,0,1,1,1,192,987,6,111.1,2.47,0,72.95,33.71,low,OK
TX_006110,STORE_05,retail_park,CHK_015,10,3,0,regular,card,1,10,1,0,89,0,0,0,2,207,993,2,92.2,0.04,0,56.1,24.38,low,OK
TX_006111,STORE_04,mall,CHK_008,21,6,1,regular,mobile,1,1,1,0,28,0,0,1,1,173,987,2,33.6,0.0,0,21.400000000000002,5.18,low,OK
TX_006112,STORE_06,retail_park,CHK_024,11,3,0,professional,card,1,6,1,0,72,0,2,0,2,217,1000,2,71.7,0.09,0,43.45,17.38,low,OK
TX_006113,STORE_07,hyper,CHK_009,10,4,0,regular,card,1,7,0,1,102,0,0,0,3,211,1063,4,107.8,7.61,0,66.1,29.92,low,OK
TX_006114,STORE_05,retail_park,CHK_039,11,3,0,regular,mobile,0,5,0,0,54,0,0,1,2,195,993,1,56.5,0.08,0,31.25,10.63,low,OK
TX_006115,STORE_06,retail_park,CHK_026,20,3,0,new,card,0,13,2,0,188,1,1,0,2,183,1000,5,185.7,86.7,1,108.64999999999999,53.47,medium,OPEN_SUPPORT
TX_006116,STORE_03,mall,CHK_037,15,4,0,regular,gift_card,0,1,1,2,145,0,0,2,1,194,994,11,130.7,18.11,0,85.94999999999999,40.91,medium,WATCH
TX_006117,STORE_08,hyper,CHK_001,8,3,0,professional,card,0,11,1,0,117,0,2,0,3,209,982,3,122.3,3.61,0,71.75,33.05,low,OK
TX_006118,STORE_05,retail_park,CHK_032,9,4,0,regular,card,1,15,0,1,161,1,0,0,2,205,993,4,166.9,85.68,1,100.45,48.93,medium,OPEN_SUPPORT
TX_006119,STORE_08,hyper,CHK_014,9,3,0,regular,card,1,13,0,1,172,1,0,0,3,213,982,4,167.5,85.12,1,99.55,48.44,medium,OPEN_SUPPORT
TX_006120,STORE_07,hyper,CHK_010,18,0,0,regular,card,0,11,1,1,186,1,0,0,3,204,1063,7,179.4,89.51,1,108.3,53.28,medium,OPEN_SUPPORT
TX_006121,STORE_04,mall,CHK_039,8,5,1,regular,gift_card,0,8,1,0,97,0,0,2,1,195,987,3,91.1,0.0,0,54.349999999999994,23.42,low,OK
TX_006122,STORE_03,mall,CHK_017,18,0,0,regular,card,1,11,0,0,118,0,0,0,1,202,994,0,113.1,0.5,0,63.15,28.29,low,OK
TX_006123,STORE_02,city,CHK_017,14,5,1,regular,card,1,9,0,1,122,0,0,0,0,202,994,4,132.9,19.59,0,79.85000000000001,37.53,medium,WATCH
TX_006124,STORE_04,mall,CHK_022,8,3,0,new,card,1,10,1,0,107,0,1,0,1,223,987,2,104.3,0.14,0,62.15,27.73,low,OK
TX_006125,STORE_06,retail_park,CHK_018,21,1,0,new,card,0,14,0,1,201,1,1,0,2,200,1000,5,209.1,93.21,1,120.95,60.28,high,OPEN_SUPPORT
TX_006126,STORE_06,retail_park,CHK_025,17,2,0,professional,card,1,6,2,0,78,0,2,0,2,213,1000,4,81.3,0.04,0,52.25,22.25,low,OK
TX_006127,STORE_06,retail_park,CHK_014,20,0,0,regular,card,1,6,0,0,63,0,0,0,2,213,1000,0,66.9,0.15,0,37.050000000000004,13.84,low,OK
TX_006128,STORE_01,city,CHK_004,9,3,0,regular,mobile,1,8,2,1,130,0,0,1,0,219,987,8,126.7,12.58,0,84.14999999999999,39.91,medium,WATCH
TX_006129,STORE_05,retail_park,CHK_021,13,0,0,regular,card,0,10,1,0,96,0,0,0,2,203,993,3,112.9,0.19,0,66.45,30.11,low,OK
TX_006130,STORE_06,retail_park,CHK_037,16,6,1,regular,card,1,8,1,0,71,0,0,0,2,194,1000,2,77.5,0.03,0,47.55,19.65,low,OK
TX_006131,STORE_03,mall,CHK_006,16,5,1,regular,card,1,11,0,0,78,0,0,0,1,223,994,0,89.2,0.29,0,51.2,21.67,low,OK
TX_006132,STORE_06,retail_park,CHK_037,19,4,0,regular,card,0,4,1,0,69,0,0,0,2,194,1000,3,61.3,0.2,0,37.05,13.84,low,OK
TX_006133,STORE_08,hyper,CHK_001,16,0,0,regular,mobile,0,6,0,0,60,0,0,1,3,209,982,1,63.2,0.83,0,35.2,12.81,low,OK
TX_006134,STORE_07,hyper,CHK_006,8,5,1,regular,mobile,0,7,2,0,83,0,0,1,3,223,1063,5,82.0,0.0,0,53.2,22.78,low,OK
TX_006135,STORE_01,city,CHK_007,20,1,0,professional,card,0,3,2,0,70,0,2,0,0,217,987,5,71.4,5.11,0,45.5,18.52,low,OK
TX_006136,STORE_02,city,CHK_024,20,3,0,regular,card,0,5,1,0,78,0,0,0,0,217,994,3,78.2,0.55,0,46.1,18.85,low,OK
TX_006137,STORE_06,retail_park,CHK_023,20,3,0,new,mobile,1,8,1,1,124,0,1,1,2,188,1000,6,129.6,18.02,0,81.6,38.5,medium,WATCH
TX_006138,STORE_06,retail_park,CHK_007,8,2,0,new,card,1,8,1,1,144,0,1,0,2,217,1000,6,138.9,18.15,0,86.25,41.07,medium,WATCH
TX_006139,STORE_02,city,CHK_036,14,6,1,regular,card,1,9,1,0,101,0,0,0,0,205,994,2,96.5,0.0,0,57.65,25.24,low,OK
TX_006140,STORE_01,city,CHK_007,20,6,1,regular,gift_card,1,4,0,0,68,0,0,2,0,217,987,0,50.6,0.0,0,27.7,8.66,low,OK
TX_006141,STORE_06,retail_park,CHK_005,13,6,1,regular,card,1,9,1,0,91,0,0,0,2,205,1000,2,96.9,0.0,0,57.85,25.35,low,OK
TX_006142,STORE_04,mall,CHK_023,10,3,0,regular,card,1,10,1,0,105,0,0,0,1,188,987,2,89.9,0.06,0,54.95,23.75,low,OK
TX_006143,STORE_01,city,CHK_015,20,1,0,regular,card,1,9,0,0,118,0,0,0,0,207,987,0,109.1,0.22,0,59.949999999999996,26.52,low,OK
TX_006144,STORE_03,mall,CHK_027,11,1,0,new,gift_card,1,9,1,0,99,0,1,2,1,200,994,2,102.7,0.05,0,60.75,26.96,low,OK
TX_006145,STORE_02,city,CHK_037,14,1,0,regular,card,1,7,0,0,72,0,0,0,0,194,994,0,68.6,0.01,0,38.5,14.64,low,OK
TX_006146,STORE_02,city,CHK_014,11,4,0,new,card,1,5,1,0,65,0,1,0,0,213,994,2,66.8,0.27,0,40.4,15.69,low,OK
TX_006147,STORE_02,city,CHK_027,17,1,0,regular,card,1,7,2,2,170,1,0,0,0,200,994,12,182.1,75.61,1,119.25,59.34,high,OPEN_SUPPORT
TX_006148,STORE_01,city,CHK_006,8,3,0,professional,card,0,16,0,0,174,0,2,0,0,223,987,1,167.3,11.77,0,93.25,44.95,medium,WATCH
TX_006149,STORE_03,mall,CHK_032,12,0,0,regular,card,0,7,1,1,113,0,0,0,1,205,994,7,123.9,15.53,0,78.15,36.59,medium,WATCH
TX_006150,STORE_06,retail_park,CHK_005,10,6,1,regular,mobile,0,6,2,0,78,0,0,1,2,205,1000,5,76.9,0.02,0,50.050000000000004,21.04,low,OK
TX_006151,STORE_02,city,CHK_016,16,3,0,regular,mobile,1,7,0,0,67,0,0,1,0,195,994,0,63.4,0.04,0,35.9,13.2,low,OK
TX_006152,STORE_08,hyper,CHK_029,20,4,0,regular,mobile,1,15,5,0,150,0,0,1,3,211,982,10,153.6,21.62,0,105.8,51.9,medium,WATCH
TX_006153,STORE_01,city,CHK_024,21,4,0,regular,card,1,7,0,0,67,0,0,0,0,217,987,0,64.2,0.02,0,36.300000000000004,13.42,low,OK
TX_006154,STORE_08,hyper,CHK_008,11,5,1,professional,card,1,10,0,0,81,0,2,0,3,173,982,0,100.3,1.2,0,56.15,24.41,low,OK
TX_006155,STORE_08,hyper,CHK_024,10,3,0,regular,card,1,9,0,1,112,0,0,0,3,217,982,4,125.3,17.86,0,76.05000000000001,35.43,medium,WATCH
TX_006156,STORE_06,retail_park,CHK_022,10,4,0,regular,card,0,2,0,0,31,0,0,0,2,223,1000,1,30.6,0.15,0,16.5,2.46,low,OK
TX_006157,STORE_07,hyper,CHK_031,8,5,1,new,card,1,5,0,0,55,0,1,0,3,194,1063,0,57.7,0.0,0,31.85,10.96,low,OK
TX_006158,STORE_03,mall,CHK_015,11,2,0,regular,card,1,7,1,0,74,0,0,0,1,207,994,2,77.2,0.0,0,46.800000000000004,19.24,low,OK
TX_006159,STORE_02,city,CHK_023,11,1,0,regular,card,1,11,2,0,121,0,0,0,0,188,994,4,113.2,2.19,0,71.19999999999999,32.74,low,OK
TX_006160,STORE_07,hyper,CHK_006,17,2,0,regular,card,1,15,2,0,150,0,0,0,3,223,1063,4,141.7,0.8,0,87.85,41.96,medium,WATCH
TX_006161,STORE_05,retail_park,CHK_031,17,2,0,regular,card,1,6,2,0,77,0,0,0,2,194,993,4,73.7,0.07,0,48.45,20.15,low,OK
TX_006162,STORE_07,hyper,CHK_036,20,6,1,regular,gift_card,0,7,1,0,117,0,0,2,3,205,1063,3,94.9,1.66,0,55.650000000000006,24.14,low,OK
TX_006163,STORE_06,retail_park,CHK_031,8,4,0,professional,mobile,1,15,0,1,135,0,2,1,2,194,1000,4,155.4,37.65,0,94.7,45.75,medium,WATCH
TX_006164,STORE_03,mall,CHK_034,21,3,0,regular,card,0,1,1,1,68,0,0,0,1,189,994,7,68.0,10.15,0,46.6,19.13,low,OK
TX_006165,STORE_06,retail_park,CHK_034,19,2,0,regular,card,0,17,2,0,229,0,0,0,2,189,1000,5,209.0,9.13,0,122.7,61.25,high,MONITOR_QUEUE
TX_006166,STORE_08,hyper,CHK_022,8,4,0,regular,card,1,18,2,0,146,0,0,0,3,223,982,4,164.9,0.95,0,101.25,49.38,medium,WATCH
TX_006167,STORE_04,mall,CHK_037,16,3,0,regular,mobile,0,13,1,0,135,0,0,1,1,194,987,3,123.5,1.5,0,73.55,34.04,low,OK
TX_006168,STORE_01,city,CHK_039,16,0,0,new,mobile,1,5,0,0,56,0,1,1,0,195,987,0,60.5,0.0,0,33.25,11.74,low,OK
TX_006169,STORE_04,mall,CHK_001,14,2,0,regular,card,1,13,0,0,131,0,0,0,1,209,987,0,124.4,0.0,0,70.0,32.08,low,OK
TX_006170,STORE_04,mall,CHK_002,18,1,0,new,card,0,5,0,0,74,0,1,0,1,161,987,1,81.0,2.95,0,43.5,17.41,low,OK
TX_006171,STORE_07,hyper,CHK_021,15,2,0,professional,card,1,13,0,0,116,0,2,0,3,203,1063,0,118.9,0.33,0,67.25,30.56,low,OK
TX_006172,STORE_03,mall,CHK_033,9,2,0,regular,card,1,5,2,0,63,0,0,0,1,192,994,4,65.0,0.32,0,43.5,17.41,low,OK
TX_006173,STORE_06,retail_park,CHK_030,18,4,0,new,card,0,1,0,0,39,0,1,0,2,197,1000,1,36.4,6.64,0,18.8,3.74,low,OK
TX_006174,STORE_04,mall,CHK_027,13,6,1,new,card,0,9,0,1,180,1,1,0,1,200,987,5,162.3,92.87,1,94.55000000000001,45.67,medium,OPEN_SUPPORT
TX_006175,STORE_01,city,CHK_023,8,5,1,professional,card,1,9,0,1,151,0,2,0,0,188,987,4,144.8,14.32,0,85.80000000000001,40.82,medium,WATCH
TX_006176,STORE_04,mall,CHK_039,19,4,0,new,card,1,9,0,1,139,0,1,0,1,195,987,4,147.8,28.72,0,87.30000000000001,41.66,medium,WATCH
TX_006177,STORE_03,mall,CHK_026,17,2,0,regular,card,1,9,0,0,88,0,0,0,1,183,994,0,84.1,0.01,0,47.449999999999996,19.6,low,OK
TX_006178,STORE_04,mall,CHK_024,13,0,0,regular,mobile,0,7,2,0,100,0,0,1,1,217,987,5,93.1,0.03,0,58.75,25.85,low,OK
TX_006179,STORE_04,mall,CHK_007,17,5,1,regular,mobile,1,7,1,0,62,0,0,1,1,217,987,2,71.4,0.0,0,43.900000000000006,17.63,low,OK
TX_006180,STORE_08,hyper,CHK_035,12,3,0,regular,card,0,11,0,0,125,0,0,0,3,218,982,1,113.1,0.53,0,63.15,28.29,low,OK
TX_006181,STORE_06,retail_park,CHK_001,8,5,1,new,gift_card,0,4,0,0,59,0,1,2,2,209,1000,1,57.3,2.47,0,31.049999999999997,10.52,low,OK
TX_006182,STORE_03,mall,CHK_017,15,5,1,new,mobile,1,9,0,1,148,0,1,1,1,202,994,4,144.1,19.58,0,85.45,40.63,medium,WATCH
TX_006183,STORE_04,mall,CHK_013,14,2,0,regular,card,0,14,1,0,163,0,0,0,1,192,987,3,146.2,3.21,0,85.5,40.66,medium,WATCH
TX_006184,STORE_01,city,CHK_032,20,0,0,regular,card,1,6,1,0,90,0,0,0,0,205,987,2,79.6,0.03,0,47.4,19.57,low,OK
TX_006185,STORE_08,hyper,CHK_024,14,3,0,regular,mobile,0,13,4,0,165,1,0,1,3,217,982,9,154.2,73.53,1,100.89999999999999,49.18,medium,OPEN_SUPPORT
TX_006186,STORE_03,mall,CHK_003,16,3,0,regular,card,1,1,0,0,24,0,0,0,1,195,994,0,24.3,0.04,0,12.75,0.39,low,OK
TX_006187,STORE_02,city,CHK_025,14,5,1,regular,card,1,8,1,0,95,0,0,0,0,213,994,2,86.8,0.0,0,52.199999999999996,22.23,low,OK
TX_006188,STORE_07,hyper,CHK_016,9,5,1,regular,card,1,14,1,0,140,0,0,0,3,195,1063,2,119.5,0.22,0,72.15,33.27,low,OK
TX_006189,STORE_04,mall,CHK_010,13,5,1,new,gift_card,1,2,0,0,44,0,1,2,1,204,987,0,43.8,0.0,0,23.099999999999998,6.12,low,OK
TX_006190,STORE_01,city,CHK_014,20,6,1,new,card,1,5,0,0,66,0,1,0,0,213,987,0,71.7,0.15,0,38.85,14.84,low,OK
TX_006191,STORE_03,mall,CHK_005,16,4,0,regular,gift_card,0,9,1,0,104,0,0,2,1,205,994,3,100.9,0.24,0,59.85,26.46,low,OK
TX_006192,STORE_02,city,CHK_010,9,6,1,regular,card,1,5,1,1,111,0,0,0,0,204,994,6,105.1,12.01,0,67.55,30.72,low,OK
TX_006193,STORE_02,city,CHK_018,9,0,0,new,card,1,5,1,0,65,0,1,0,0,200,994,2,63.7,0.0,0,38.85,14.84,low,OK
TX_006194,STORE_01,city,CHK_010,10,5,1,professional,card,0,6,2,1,127,0,2,0,0,204,987,9,132.3,40.94,0,85.75,40.8,medium,WATCH
TX_006195,STORE_05,retail_park,CHK_023,10,0,0,regular,mobile,1,12,1,1,147,0,0,1,2,188,993,6,144.1,42.5,0,91.25,43.84,medium,WATCH
TX_006196,STORE_02,city,CHK_005,10,6,1,regular,card,1,2,0,0,31,0,0,0,0,205,994,0,30.7,0.0,0,16.55,2.49,low,OK
TX_006197,STORE_07,hyper,CHK_025,14,3,0,regular,mobile,1,11,1,0,106,0,0,1,3,213,1063,2,109.7,0.03,0,65.45,29.56,low,OK
TX_006198,STORE_05,retail_park,CHK_038,16,4,0,new,mobile,1,5,2,0,63,0,1,1,2,194,993,4,69.6,0.06,0,45.8,18.68,low,OK
TX_006199,STORE_04,mall,CHK_024,10,1,0,new,gift_card,1,7,0,1,135,0,1,2,1,217,987,4,134.8,6.72,0,79.60000000000001,37.39,medium,WATCH
TX_006200,STORE_05,retail_park,CHK_031,19,2,0,regular,gift_card,0,9,1,0,120,0,0,2,2,194,993,3,117.3,0.13,0,68.05,31.0,low,OK
TX_006201,STORE_04,mall,CHK_021,18,1,0,regular,card,1,10,3,0,117,0,0,0,1,203,987,6,124.5,3.85,0,80.25,37.75,medium,WATCH
TX_006202,STORE_06,retail_park,CHK_036,18,5,1,regular,mobile,0,10,1,0,109,0,0,1,2,205,1000,3,114.2,0.76,0,67.1,30.47,low,OK
TX_006203,STORE_07,hyper,CHK_021,14,5,1,regular,card,0,8,1,0,90,0,0,0,3,203,1063,3,91.1,0.06,0,54.349999999999994,23.42,low,OK
TX_006204,STORE_03,mall,CHK_006,9,6,1,regular,mobile,0,13,2,0,149,0,0,1,1,223,994,5,134.9,1.47,0,83.25,39.41,medium,WATCH
TX_006205,STORE_08,hyper,CHK_023,13,0,0,regular,mobile,1,2,2,0,44,0,0,1,3,188,982,4,44.1,0.0,0,31.25,10.63,low,OK
TX_006206,STORE_05,retail_park,CHK_005,11,2,0,regular,card,0,7,3,0,88,0,0,0,2,205,993,7,89.6,2.83,0,61.0,27.1,low,OK
TX_006207,STORE_06,retail_park,CHK_020,16,4,0,new,card,1,13,4,0,170,1,1,0,2,175,1000,8,145.4,44.65,0,96.5,46.75,medium,WATCH
TX_006208,STORE_08,hyper,CHK_035,9,1,0,regular,gift_card,0,12,1,0,105,0,0,2,3,218,982,3,115.0,1.96,0,68.7,31.36,low,OK
TX_006209,STORE_01,city,CHK_018,17,5,1,regular,mobile,0,13,0,2,211,1,0,1,0,200,987,9,201.1,90.42,1,124.35,62.16,high,OPEN_SUPPORT
TX_006210,STORE_04,mall,CHK_034,9,2,0,regular,card,1,13,0,0,102,0,0,0,1,189,987,0,107.7,0.2,0,61.65,27.46,low,OK
TX_006211,STORE_07,hyper,CHK_010,18,3,0,regular,card,0,9,0,0,95,0,0,0,3,204,1063,1,105.1,0.32,0,57.949999999999996,25.41,low,OK
TX_006212,STORE_05,retail_park,CHK_030,17,4,0,regular,card,0,8,1,0,86,0,0,0,2,197,993,3,84.8,0.18,0,51.199999999999996,21.67,low,OK
TX_006213,STORE_01,city,CHK_022,13,6,1,new,card,1,12,2,0,148,0,1,0,0,223,987,4,145.8,4.35,0,88.10000000000001,42.1,medium,WATCH
TX_006214,STORE_01,city,CHK_032,15,3,0,regular,card,1,12,0,2,182,1,0,0,0,205,987,8,182.2,83.59,1,114.3,56.6,high,OPEN_SUPPORT
TX_006215,STORE_07,hyper,CHK_016,12,3,0,regular,mobile,0,16,0,0,161,0,0,1,3,195,1063,1,151.5,4.51,0,85.35,40.58,medium,WATCH
TX_006216,STORE_03,mall,CHK_023,9,5,1,regular,card,1,12,0,0,98,0,0,0,1,188,994,0,103.5,0.0,0,58.95,25.96,low,OK
TX_006217,STORE_07,hyper,CHK_029,17,4,0,regular,card,0,14,1,0,154,0,0,0,3,211,1063,3,130.2,5.34,0,77.5,36.23,medium,WATCH
TX_006218,STORE_06,retail_park,CHK_011,20,5,1,professional,card,0,13,0,0,184,0,2,0,2,179,1000,1,171.2,23.09,0,93.39999999999999,45.03,medium,WATCH
TX_006219,STORE_08,hyper,CHK_013,19,6,1,regular,card,0,14,1,0,180,0,0,0,3,192,982,3,166.9,3.65,0,95.85000000000001,46.39,medium,WATCH
TX_006220,STORE_07,hyper,CHK_006,15,3,0,new,mobile,1,8,0,2,159,0,1,1,3,223,1063,8,163.3,32.91,0,102.45,50.04,medium,WATCH
TX_006221,STORE_04,mall,CHK_022,20,4,0,regular,card,1,9,1,0,93,0,0,0,1,223,987,2,99.3,0.25,0,59.05,26.02,low,OK
TX_006222,STORE_08,hyper,CHK_028,13,0,0,new,card,1,9,0,0,129,0,1,0,3,218,982,0,117.3,0.16,0,64.05,28.78,low,OK
TX_006223,STORE_03,mall,CHK_025,12,1,0,new,card,0,14,3,0,171,1,1,0,1,213,994,7,174.1,94.34,1,107.45,52.81,medium,OPEN_SUPPORT
TX_006224,STORE_03,mall,CHK_015,11,6,1,new,card,0,13,0,0,131,0,1,0,1,207,994,1,139.1,47.06,0,77.35,36.15,medium,WATCH
TX_006225,STORE_06,retail_park,CHK_021,17,5,1,new,card,0,9,1,0,128,0,1,0,2,203,1000,3,114.6,5.28,0,66.7,30.25,low,OK
TX_006226,STORE_03,mall,CHK_011,18,6,1,regular,card,0,5,1,0,65,0,0,0,1,179,994,3,71.9,0.01,0,42.95,17.1,low,OK
TX_006227,STORE_08,hyper,CHK_027,14,3,0,regular,mobile,0,13,1,0,142,0,0,1,3,200,982,3,131.9,2.55,0,77.75,36.37,medium,WATCH
TX_006228,STORE_06,retail_park,CHK_009,16,1,0,regular,card,0,9,0,1,133,0,0,0,2,211,1000,5,141.3,37.27,0,84.05000000000001,39.86,medium,WATCH
TX_006229,STORE_05,retail_park,CHK_009,18,0,0,regular,card,0,6,0,0,81,0,0,0,2,211,993,1,73.4,0.14,0,40.300000000000004,15.64,low,OK
TX_006230,STORE_02,city,CHK_014,10,4,0,regular,card,1,7,0,1,103,0,0,0,0,213,994,4,105.0,3.66,0,64.7,29.14,low,OK
TX_006231,STORE_08,hyper,CHK_007,17,1,0,new,card,1,7,0,0,77,0,1,0,3,217,982,0,79.6,0.16,0,44.0,17.69,low,OK
TX_006232,STORE_08,hyper,CHK_012,19,6,1,new,card,1,13,1,0,191,0,1,0,3,201,982,2,172.6,5.75,0,98.1,47.63,medium,WATCH
TX_006233,STORE_04,mall,CHK_038,11,2,0,new,card,1,7,2,1,140,0,1,0,1,194,987,8,136.6,45.41,0,88.5,42.32,medium,WATCH
TX_006234,STORE_03,mall,CHK_002,20,2,0,regular,gift_card,0,1,1,0,41,0,0,2,1,161,994,3,39.5,0.04,0,24.35,6.81,low,OK
TX_006235,STORE_03,mall,CHK_007,15,6,1,new,card,1,7,1,0,79,0,1,0,1,217,994,2,84.1,0.2,0,50.25,21.15,low,OK
TX_006236,STORE_07,hyper,CHK_035,18,2,0,regular,mobile,1,16,0,0,143,0,0,1,3,218,1063,0,152.9,0.0,0,86.05,40.96,medium,WATCH
TX_006237,STORE_01,city,CHK_031,17,0,0,regular,card,1,8,0,0,80,0,0,0,0,194,987,0,76.3,0.01,0,42.949999999999996,17.1,low,OK
TX_006238,STORE_08,hyper,CHK_026,18,0,0,regular,card,1,12,2,0,119,0,0,0,3,183,982,4,126.5,0.92,0,78.45,36.76,medium,WATCH
TX_006239,STORE_07,hyper,CHK_009,16,2,0,regular,mobile,1,5,0,0,46,0,0,1,3,211,1063,0,47.5,0.01,0,26.75,8.14,low,OK
TX_006240,STORE_04,mall,CHK_008,19,6,1,regular,card,0,20,1,0,204,0,0,0,1,173,987,3,200.6,3.44,0,116.3,57.71,high,MONITOR_QUEUE
TX_006241,STORE_02,city,CHK_006,18,3,0,new,card,1,10,1,1,187,1,1,0,0,223,994,6,173.7,78.64,1,104.85,51.37,medium,OPEN_SUPPORT
TX_006242,STORE_05,retail_park,CHK_023,19,4,0,new,card,1,2,0,2,114,0,1,0,2,188,993,8,113.6,28.77,0,74.0,34.29,low,OK
TX_006243,STORE_08,hyper,CHK_035,20,0,0,regular,mobile,1,11,0,0,96,0,0,1,3,218,982,0,102.4,0.0,0,57.800000000000004,25.33,low,OK
TX_006244,STORE_02,city,CHK_013,20,3,0,regular,card,1,12,0,0,121,0,0,0,0,192,994,0,125.6,0.39,0,70.0,32.08,low,OK
TX_006245,STORE_04,mall,CHK_012,9,5,1,new,card,0,13,0,0,147,0,1,0,1,201,987,1,135.8,28.83,0,75.7,35.23,medium,WATCH
TX_006246,STORE_01,city,CHK_008,12,0,0,regular,card,1,11,1,0,101,0,0,0,0,173,987,2,111.7,0.0,0,66.45,30.11,low,OK
TX_006247,STORE_04,mall,CHK_003,11,3,0,regular,gift_card,1,7,1,1,114,0,0,2,1,195,987,6,114.9,6.16,0,73.65,34.1,low,OK
TX_006248,STORE_04,mall,CHK_029,13,0,0,regular,card,0,2,0,0,34,0,0,0,1,211,987,1,33.8,0.09,0,18.099999999999998,3.35,low,OK
TX_006249,STORE_08,hyper,CHK_011,17,1,0,new,card,0,8,0,0,109,0,1,0,3,179,982,1,102.9,4.63,0,56.25,24.47,low,OK
TX_006250,STORE_06,retail_park,CHK_011,17,3,0,regular,card,1,8,0,0,76,0,0,0,2,179,1000,0,76.8,0.01,0,43.199999999999996,17.24,low,OK
TX_006251,STORE_06,retail_park,CHK_010,12,2,0,regular,card,1,14,3,0,133,0,0,0,2,204,1000,6,129.9,12.84,0,85.35000000000001,40.58,medium,WATCH
TX_006252,STORE_03,mall,CHK_011,12,5,1,professional,card,1,7,2,0,95,0,2,0,1,179,994,4,96.7,0.31,0,60.550000000000004,26.85,low,OK
TX_006253,STORE_03,mall,CHK_032,9,6,1,regular,card,1,10,0,2,136,0,0,0,1,205,994,8,183.8,81.76,1,113.9,56.38,high,OPEN_SUPPORT
TX_006254,STORE_03,mall,CHK_018,18,1,0,regular,mobile,0,5,0,1,96,0,0,1,1,200,994,5,99.4,10.45,0,60.7,26.93,low,OK
TX_006255,STORE_08,hyper,CHK_023,9,0,0,regular,card,0,14,1,2,175,1,0,0,3,188,982,11,194.5,92.92,1,125.65,62.88,high,OPEN_SUPPORT
TX_006256,STORE_03,mall,CHK_012,14,6,1,new,mobile,1,7,1,0,86,0,1,1,1,201,994,2,89.9,0.05,0,53.150000000000006,22.75,low,OK
TX_006257,STORE_05,retail_park,CHK_040,12,3,0,regular,card,0,9,3,0,127,0,0,0,2,193,993,7,120.0,4.85,0,77.4,36.17,medium,WATCH
TX_006258,STORE_05,retail_park,CHK_017,11,0,0,regular,card,0,11,0,1,123,0,0,0,2,202,993,5,131.3,51.76,1,80.25,37.75,medium,MONITOR_QUEUE
TX_006259,STORE_03,mall,CHK_017,9,1,0,regular,card,1,11,0,0,95,0,0,0,1,202,994,0,94.7,0.06,0,53.95,23.19,low,OK
TX_006260,STORE_06,retail_park,CHK_019,12,4,0,regular,card,1,6,1,0,68,0,0,0,2,187,1000,2,71.7,0.0,0,43.45,17.38,low,OK
TX_006261,STORE_04,mall,CHK_036,11,6,1,regular,card,1,10,0,0,74,0,0,0,1,205,987,0,85.6,0.0,0,48.8,20.34,low,OK
TX_006262,STORE_02,city,CHK_022,10,0,0,new,card,0,8,0,0,82,0,1,0,0,223,994,1,91.2,2.51,0,50.4,21.23,low,OK
TX_006263,STORE_05,retail_park,CHK_029,20,2,0,new,card,0,12,2,0,162,1,1,0,2,211,993,5,172.5,59.51,1,101.45,49.49,medium,MONITOR_QUEUE
TX_006264,STORE_04,mall,CHK_027,11,3,0,regular,card,0,9,0,1,130,0,0,0,1,200,987,5,137.6,21.6,0,82.2,38.83,medium,WATCH
TX_006265,STORE_03,mall,CHK_002,20,2,0,new,card,0,13,0,0,204,1,1,0,1,161,994,1,176.0,44.88,0,95.8,46.36,medium,WATCH
TX_006266,STORE_01,city,CHK_035,16,1,0,new,card,1,1,1,1,82,0,1,0,0,218,987,6,80.8,12.91,0,53.0,22.67,low,OK
TX_006267,STORE_08,hyper,CHK_003,15,3,0,regular,card,1,7,0,1,116,0,0,0,3,195,982,4,126.1,12.28,0,75.25,34.98,low,OK
TX_006268,STORE_01,city,CHK_036,15,4,0,regular,card,0,8,1,0,81,0,0,0,0,205,987,3,83.4,0.17,0,50.5,21.28,low,OK
TX_006269,STORE_04,mall,CHK_011,12,6,1,regular,mobile,1,13,0,1,171,1,0,1,1,179,987,4,172.4,91.99,1,102.0,49.79,medium,OPEN_SUPPORT
TX_006270,STORE_02,city,CHK_011,20,2,0,regular,card,1,5,1,0,77,0,0,0,0,179,994,2,76.7,0.03,0,45.35,18.43,low,OK
TX_006271,STORE_01,city,CHK_031,21,5,1,regular,gift_card,1,6,0,0,70,0,0,2,0,194,987,0,57.6,0.0,0,32.4,11.26,low,OK
TX_006272,STORE_07,hyper,CHK_028,11,1,0,new,card,1,16,0,1,215,1,1,0,3,218,1063,4,210.9,92.39,1,123.05,61.44,high,OPEN_SUPPORT
TX_006273,STORE_08,hyper,CHK_033,21,6,1,regular,card,1,8,1,1,117,0,0,0,3,192,982,6,119.6,16.12,0,76.6,35.73,medium,WATCH
TX_006274,STORE_05,retail_park,CHK_022,13,4,0,regular,mobile,1,8,1,0,82,0,0,1,2,223,993,2,84.4,0.0,0,51.0,21.56,low,OK
TX_006275,STORE_07,hyper,CHK_017,9,3,0,regular,gift_card,0,7,0,0,85,0,0,2,3,202,1063,1,71.8,0.18,0,40.1,15.53,low,OK
TX_006276,STORE_08,hyper,CHK_025,17,2,0,regular,card,1,5,1,0,51,0,0,0,3,213,982,2,57.8,0.0,0,35.9,13.2,low,OK
TX_006277,STORE_07,hyper,CHK_027,13,5,1,new,card,1,4,1,0,70,0,1,0,3,200,1063,2,65.1,0.39,0,38.949999999999996,14.89,low,OK
TX_006278,STORE_01,city,CHK_035,14,0,0,professional,mobile,0,8,2,0,110,0,2,1,0,218,987,5,108.1,0.97,0,66.85,30.33,low,OK
TX_006279,STORE_08,hyper,CHK_030,12,6,1,regular,card,1,11,0,0,107,0,0,0,3,197,982,0,103.6,0.05,0,58.4,25.66,low,OK
TX_006280,STORE_02,city,CHK_011,10,0,0,regular,card,0,7,0,0,60,0,0,0,0,179,994,1,70.0,0.0,0,39.2,15.03,low,OK
TX_006281,STORE_08,hyper,CHK_021,15,2,0,new,card,0,11,0,0,125,0,1,0,3,203,982,1,128.3,24.89,0,70.75,32.49,low,OK
TX_006282,STORE_02,city,CHK_027,11,1,0,regular,card,0,2,0,0,35,0,0,0,0,200,994,1,33.5,0.15,0,17.95,3.27,low,OK
TX_006283,STORE_07,hyper,CHK_003,20,1,0,regular,mobile,1,4,0,0,52,0,0,1,3,195,1063,0,51.3,0.01,0,28.049999999999997,8.86,low,OK
TX_006284,STORE_07,hyper,CHK_022,20,1,0,new,mobile,1,7,1,0,84,0,1,1,3,223,1063,2,93.2,0.34,0,54.800000000000004,23.66,low,OK
TX_006285,STORE_04,mall,CHK_012,8,2,0,regular,card,0,7,1,0,81,0,0,0,1,201,987,3,79.1,0.08,0,47.75,19.76,low,OK
TX_006286,STORE_03,mall,CHK_040,10,5,1,regular,card,1,8,1,0,79,0,0,0,1,193,994,2,82.0,0.0,0,49.8,20.9,low,OK
TX_006287,STORE_05,retail_park,CHK_006,21,5,1,regular,card,0,13,3,0,129,0,0,0,2,223,993,7,118.6,38.59,0,79.1,37.12,medium,WATCH
TX_006288,STORE_06,retail_park,CHK_028,21,5,1,new,card,1,5,2,0,70,0,1,0,2,218,1000,4,73.3,0.24,0,47.65,19.71,low,OK
TX_006289,STORE_03,mall,CHK_018,14,5,1,regular,card,0,6,1,1,141,0,0,0,1,200,994,7,128.4,17.71,0,79.8,37.5,medium,WATCH
TX_006290,STORE_02,city,CHK_006,12,3,0,regular,card,0,9,0,0,110,0,0,0,0,223,994,1,101.7,0.15,0,56.25,24.47,low,OK
TX_006291,STORE_03,mall,CHK_017,13,5,1,regular,card,0,1,0,0,28,0,0,0,1,202,994,1,28.4,0.02,0,14.799999999999999,1.52,low,OK
TX_006292,STORE_03,mall,CHK_016,9,1,0,regular,card,0,3,2,0,54,0,0,0,1,195,994,5,55.1,0.0,0,37.349999999999994,14.0,low,OK
TX_006293,STORE_03,mall,CHK_004,19,2,0,regular,card,1,2,2,1,87,0,0,0,1,219,994,8,90.2,14.21,0,62.300000000000004,27.82,low,OK
TX_006294,STORE_01,city,CHK_029,12,2,0,regular,card,1,4,1,0,60,0,0,0,0,211,987,2,56.9,0.01,0,34.85,12.62,low,OK
TX_006295,STORE_07,hyper,CHK_029,15,4,0,regular,card,0,11,0,0,100,0,0,0,3,211,1063,1,98.0,0.67,0,55.6,24.11,low,OK
TX_006296,STORE_02,city,CHK_037,17,1,0,new,card,1,7,1,0,72,0,1,0,0,194,994,2,78.6,0.2,0,47.5,19.62,low,OK
TX_006297,STORE_04,mall,CHK_022,16,0,0,regular,mobile,0,1,0,0,25,0,0,1,1,223,987,1,26.0,0.38,0,13.6,0.86,low,OK
TX_006298,STORE_07,hyper,CHK_027,8,1,0,regular,card,1,12,0,0,104,0,0,0,3,200,1063,0,104.0,0.4,0,59.2,26.1,low,OK
TX_006299,STORE_01,city,CHK_021,14,6,1,regular,card,1,10,0,0,111,0,0,0,0,203,987,0,101.6,0.39,0,56.8,24.77,low,OK
TX_006300,STORE_04,mall,CHK_008,14,3,0,professional,mobile,1,11,0,0,120,0,2,1,1,173,987,0,118.5,0.86,0,65.85,29.78,low,OK
TX_006301,STORE_08,hyper,CHK_029,13,0,0,regular,card,1,11,1,0,122,0,0,0,3,211,982,2,113.0,0.32,0,67.1,30.47,low,OK
TX_006302,STORE_03,mall,CHK_002,18,6,1,regular,gift_card,0,13,1,0,142,0,0,2,1,161,994,3,146.1,3.16,0,84.85,40.3,medium,WATCH
TX_006303,STORE_02,city,CHK_010,13,2,0,regular,card,0,12,4,0,135,0,0,0,0,204,994,9,143.6,46.49,0,95.0,45.92,medium,WATCH
TX_006304,STORE_08,hyper,CHK_038,15,3,0,regular,mobile,0,13,1,0,107,0,0,1,3,194,982,3,117.8,2.55,0,70.7,32.47,low,OK
TX_006305,STORE_08,hyper,CHK_012,12,1,0,regular,mobile,1,11,0,1,158,0,0,1,3,201,982,4,136.1,52.27,1,82.64999999999999,39.08,medium,MONITOR_QUEUE
TX_006306,STORE_07,hyper,CHK_039,9,0,0,regular,mobile,0,4,1,0,58,0,0,1,3,195,1063,3,54.8,0.73,0,33.8,12.04,low,OK
TX_006307,STORE_03,mall,CHK_006,16,3,0,regular,card,0,10,0,1,151,0,0,0,1,223,994,5,147.4,44.91,0,87.7,41.88,medium,WATCH
TX_006308,STORE_07,hyper,CHK_006,21,4,0,new,card,0,12,1,2,181,1,1,0,3,223,1063,11,199.4,96.22,1,126.9,63.58,high,OPEN_SUPPORT
TX_006309,STORE_08,hyper,CHK_030,8,4,0,regular,card,1,4,0,1,74,0,0,0,3,197,982,4,82.3,6.21,0,51.55,21.87,low,OK
TX_006310,STORE_02,city,CHK_039,17,4,0,regular,mobile,1,5,2,0,69,0,0,1,0,195,994,4,64.7,0.06,0,43.35,17.33,low,OK
TX_006311,STORE_08,hyper,CHK_022,12,4,0,new,card,1,22,0,0,209,0,1,0,3,223,982,0,205.2,1.8,0,115.8,57.43,high,MONITOR_QUEUE
TX_006312,STORE_08,hyper,CHK_015,15,0,0,regular,card,0,12,0,0,127,0,0,0,3,207,982,1,113.6,2.78,0,64.0,28.76,low,OK
TX_006313,STORE_01,city,CHK_031,15,5,1,new,card,1,9,2,1,163,1,1,0,0,194,987,8,161.9,79.59,1,102.35000000000001,49.99,medium,OPEN_SUPPORT
TX_006314,STORE_05,retail_park,CHK_001,21,2,0,regular,card,0,6,0,0,69,0,0,0,2,209,993,1,66.5,0.23,0,36.85,13.73,low,OK
TX_006315,STORE_05,retail_park,CHK_026,10,4,0,regular,card,0,8,0,2,168,1,0,0,2,183,993,9,176.6,73.8,1,109.1,53.72,medium,OPEN_SUPPORT
TX_006316,STORE_06,retail_park,CHK_018,9,2,0,new,card,1,1,0,1,67,0,1,0,2,200,1000,4,68.2,8.6,0,42.7,16.97,low,OK
TX_006317,STORE_05,retail_park,CHK_032,20,0,0,new,card,0,11,3,1,217,1,1,0,2,205,993,11,209.1,98.66,1,131.15,65.93,high,OPEN_SUPPORT
TX_006318,STORE_01,city,CHK_038,17,1,0,regular,mobile,0,3,0,0,41,0,0,1,0,194,987,1,42.3,0.26,0,22.95,6.03,low,OK
TX_006319,STORE_06,retail_park,CHK_019,15,5,1,new,card,1,3,0,0,47,0,1,0,2,187,1000,0,47.3,0.0,0,25.45,7.42,low,OK
TX_006320,STORE_06,retail_park,CHK_013,18,1,0,regular,card,1,7,0,0,85,0,0,0,2,192,1000,0,77.9,0.21,0,43.150000000000006,17.22,low,OK
TX_006321,STORE_06,retail_park,CHK_022,15,6,1,regular,card,0,13,2,1,192,1,0,0,2,223,1000,9,184.4,92.21,1,116.0,57.54,high,OPEN_SUPPORT
TX_006322,STORE_01,city,CHK_026,10,3,0,regular,card,0,5,1,0,65,0,0,0,0,183,987,3,62.5,0.06,0,38.25,14.5,low,OK
TX_006323,STORE_02,city,CHK_004,11,3,0,regular,card,1,13,1,0,137,0,0,0,0,219,994,2,123.8,0.09,0,73.7,34.13,low,OK
TX_006324,STORE_08,hyper,CHK_005,17,4,0,regular,card,1,14,0,0,118,0,0,0,3,205,982,0,118.2,0.15,0,67.5,30.69,low,OK
TX_006325,STORE_08,hyper,CHK_004,17,4,0,new,card,1,17,1,1,193,1,1,0,3,219,982,6,201.7,95.51,1,123.05,61.44,high,OPEN_SUPPORT
TX_006326,STORE_04,mall,CHK_009,10,1,0,regular,mobile,1,18,2,0,166,0,0,1,1,211,987,4,161.8,2.5,0,99.7,48.52,medium,WATCH
TX_006327,STORE_03,mall,CHK_011,14,2,0,regular,card,0,11,0,0,130,0,0,0,1,179,994,1,114.7,2.02,0,63.95,28.73,low,OK
TX_006328,STORE_05,retail_park,CHK_025,10,5,1,new,mobile,0,2,0,0,36,0,1,1,2,213,993,1,38.3,3.1,0,20.349999999999998,4.59,low,OK
TX_006329,STORE_03,mall,CHK_023,16,3,0,regular,card,1,9,1,0,71,0,0,0,1,188,994,2,82.2,0.04,0,50.5,21.28,low,OK
TX_006330,STORE_04,mall,CHK_001,14,2,0,regular,card,1,4,1,1,118,0,0,0,1,209,987,6,108.7,6.96,0,68.75,31.39,low,OK
TX_006331,STORE_06,retail_park,CHK_005,11,1,0,regular,card,1,8,1,1,106,0,0,0,2,205,1000,6,120.3,6.91,0,76.95,35.93,medium,WATCH
TX_006332,STORE_01,city,CHK_023,17,5,1,new,mobile,1,8,0,0,95,0,1,1,0,188,987,0,92.9,0.0,0,51.25,21.7,low,OK
TX_006333,STORE_05,retail_park,CHK_001,20,4,0,regular,card,0,8,1,1,139,0,0,0,2,209,993,7,140.3,25.63,0,86.95,41.46,medium,WATCH
TX_006334,STORE_03,mall,CHK_017,20,6,1,new,card,0,13,1,1,243,1,1,0,1,202,994,7,227.4,98.68,1,133.5,67.23,high,OPEN_SUPPORT
TX_006335,STORE_02,city,CHK_025,8,6,1,regular,mobile,1,5,0,0,49,0,0,1,0,213,994,0,53.3,0.0,0,29.65,9.74,low,OK
TX_006336,STORE_04,mall,CHK_015,9,0,0,regular,card,0,10,1,0,82,0,0,0,1,207,987,3,95.0,0.62,0,57.5,25.16,low,OK
TX_006337,STORE_02,city,CHK_037,8,6,1,regular,card,1,4,0,0,51,0,0,0,0,194,994,0,46.9,0.0,0,25.849999999999998,7.64,low,OK
TX_006338,STORE_01,city,CHK_002,20,3,0,regular,mobile,0,12,0,0,119,0,0,1,0,161,987,1,124.5,2.51,0,69.45,31.77,low,OK
TX_006339,STORE_07,hyper,CHK_028,8,4,0,regular,mobile,0,14,0,0,109,0,0,1,3,218,1063,1,129.1,3.65,0,72.95,33.71,low,OK
TX_006340,STORE_07,hyper,CHK_038,9,3,0,professional,mobile,1,5,0,0,55,0,2,1,3,194,1063,0,56.4,0.0,0,31.2,10.6,low,OK
TX_006341,STORE_08,hyper,CHK_030,18,4,0,regular,card,0,16,1,0,152,0,0,0,3,197,982,3,172.3,7.76,0,99.75,48.55,medium,WATCH
TX_006342,STORE_04,mall,CHK_018,10,2,0,regular,mobile,1,8,0,0,58,0,0,1,1,200,987,0,71.0,0.0,0,40.3,15.64,low,OK
TX_006343,STORE_04,mall,CHK_009,11,1,0,new,mobile,1,10,0,0,115,0,1,1,1,211,987,0,101.8,0.0,0,56.9,24.83,low,OK
TX_006344,STORE_01,city,CHK_022,21,3,0,new,mobile,1,13,1,0,113,0,1,1,0,223,987,2,123.0,2.65,0,73.3,33.91,low,OK
TX_006345,STORE_06,retail_park,CHK_011,14,5,1,new,mobile,0,9,1,0,141,0,1,1,2,179,1000,3,118.0,3.33,0,68.4,31.19,low,OK
TX_006346,STORE_08,hyper,CHK_024,16,2,0,regular,card,1,11,0,1,144,0,0,0,3,217,982,4,140.8,54.36,1,85.0,40.38,medium,MONITOR_QUEUE
TX_006347,STORE_02,city,CHK_003,20,6,1,regular,card,1,10,0,1,158,0,0,0,0,195,994,4,158.3,54.22,1,93.15,44.89,medium,MONITOR_QUEUE
TX_006348,STORE_08,hyper,CHK_025,9,1,0,regular,mobile,1,14,0,0,96,0,0,1,3,213,982,0,106.5,0.4,0,61.65,27.46,low,OK
TX_006349,STORE_03,mall,CHK_032,15,1,0,regular,card,1,5,1,0,53,0,0,0,1,205,994,2,56.0,0.01,0,35.0,12.7,low,OK
TX_006350,STORE_01,city,CHK_036,17,0,0,regular,card,0,12,0,0,102,0,0,0,0,205,987,1,104.4,3.07,0,59.400000000000006,26.21,low,OK
TX_006351,STORE_04,mall,CHK_019,21,3,0,regular,card,0,5,1,1,105,0,0,0,1,187,987,7,108.3,15.53,0,69.15,31.61,low,OK
TX_006352,STORE_08,hyper,CHK_039,15,0,0,regular,gift_card,0,15,1,1,220,1,0,2,3,195,982,7,185.7,85.91,1,113.85,56.35,high,OPEN_SUPPORT
TX_006353,STORE_04,mall,CHK_031,12,5,1,regular,card,0,3,0,0,44,0,0,0,1,194,987,1,42.8,0.0,0,23.2,6.17,low,OK
TX_006354,STORE_08,hyper,CHK_026,10,5,1,new,card,0,16,1,0,200,1,1,0,3,183,982,3,191.7,77.46,1,109.44999999999999,53.92,medium,OPEN_SUPPORT
TX_006355,STORE_04,mall,CHK_035,12,2,0,regular,card,1,12,2,0,136,0,0,0,1,218,987,4,129.5,3.51,0,79.95,37.59,medium,WATCH
TX_006356,STORE_06,retail_park,CHK_013,12,6,1,regular,mobile,0,1,0,0,28,0,0,1,2,192,1000,1,27.7,0.0,0,14.45,1.33,low,OK
TX_006357,STORE_05,retail_park,CHK_032,11,5,1,new,card,0,6,2,0,100,0,1,0,2,205,993,5,95.0,6.95,0,59.1,26.04,low,OK
TX_006358,STORE_06,retail_park,CHK_024,14,2,0,regular,mobile,1,6,1,1,119,0,0,1,2,217,1000,6,115.1,8.06,0,73.14999999999999,33.82,low,OK
TX_006359,STORE_03,mall,CHK_015,17,2,0,regular,card,1,8,0,0,62,0,0,0,1,207,994,0,70.8,0.01,0,40.199999999999996,15.58,low,OK
TX_006360,STORE_07,hyper,CHK_016,17,6,1,professional,card,0,9,1,1,128,0,2,0,3,195,1063,7,137.7,39.52,0,86.25,41.07,medium,WATCH
TX_006361,STORE_05,retail_park,CHK_014,21,3,0,regular,card,1,4,0,0,48,0,0,0,2,213,993,0,45.8,0.03,0,25.299999999999997,7.33,low,OK
TX_006362,STORE_02,city,CHK_035,13,5,1,new,card,1,8,1,0,109,0,1,0,0,218,994,2,99.4,0.59,0,58.5,25.71,low,OK
TX_006363,STORE_04,mall,CHK_036,17,4,0,regular,mobile,1,10,0,0,78,0,0,1,1,205,987,0,84.6,0.0,0,48.3,20.07,low,OK
TX_006364,STORE_05,retail_park,CHK_030,19,0,0,regular,card,0,3,0,0,48,0,0,0,2,197,993,1,50.2,0.1,0,26.900000000000002,8.22,low,OK
TX_006365,STORE_04,mall,CHK_039,15,6,1,regular,mobile,1,13,1,0,123,0,0,1,1,195,987,2,119.0,0.36,0,71.3,32.8,low,OK
TX_006366,STORE_08,hyper,CHK_034,12,0,0,new,card,1,11,1,1,174,1,1,0,3,189,982,6,172.3,72.66,1,104.75,51.31,medium,OPEN_SUPPORT
TX_006367,STORE_07,hyper,CHK_003,8,4,0,regular,card,1,10,1,0,105,0,0,0,3,195,1063,2,92.2,0.4,0,56.1,24.38,low,OK
TX_006368,STORE_04,mall,CHK_029,21,4,0,professional,card,1,10,0,0,106,0,2,0,1,211,987,0,103.8,0.23,0,57.9,25.38,low,OK
TX_006369,STORE_08,hyper,CHK_017,12,2,0,regular,card,1,19,0,0,150,0,0,0,3,202,982,0,154.5,0.06,0,88.65,42.4,medium,WATCH
TX_006370,STORE_05,retail_park,CHK_004,19,3,0,regular,card,1,7,1,0,79,0,0,0,2,219,993,2,87.2,0.01,0,51.800000000000004,22.0,low,OK
TX_006371,STORE_06,retail_park,CHK_009,12,2,0,regular,card,1,7,1,1,141,0,0,0,2,211,1000,6,128.9,8.04,0,80.65,37.97,medium,WATCH
TX_006372,STORE_04,mall,CHK_017,20,2,0,regular,card,1,14,2,0,147,0,0,0,1,202,987,4,148.8,2.87,0,90.80000000000001,43.59,medium,WATCH
TX_006373,STORE_01,city,CHK_008,19,1,0,regular,card,1,1,0,0,29,0,0,0,0,173,987,0,26.2,0.01,0,13.7,0.91,low,OK
TX_006374,STORE_04,mall,CHK_004,21,4,0,new,card,1,11,1,0,140,0,1,0,1,219,987,2,127.7,2.47,0,74.44999999999999,34.54,low,OK
TX_006375,STORE_03,mall,CHK_013,16,4,0,new,mobile,1,8,0,0,82,0,1,1,1,192,994,0,91.9,0.0,0,50.75,21.42,low,OK
TX_006376,STORE_04,mall,CHK_020,13,3,0,regular,card,1,9,1,0,91,0,0,0,1,175,987,2,92.8,0.01,0,55.8,24.22,low,OK
TX_006377,STORE_04,mall,CHK_027,20,2,0,regular,gift_card,0,13,0,0,144,0,0,2,1,200,987,1,145.1,3.01,0,80.35,37.81,medium,WATCH
TX_006378,STORE_06,retail_park,CHK_021,15,6,1,regular,mobile,1,7,1,0,72,0,0,1,2,203,1000,2,76.3,0.0,0,46.35,18.99,low,OK
TX_006379,STORE_07,hyper,CHK_015,8,5,1,regular,mobile,1,4,2,0,49,0,0,1,3,207,1063,4,53.4,0.0,0,37.1,13.87,low,OK
TX_006380,STORE_05,retail_park,CHK_037,21,4,0,regular,card,0,9,0,0,78,0,0,0,2,194,993,1,81.4,0.12,0,46.1,18.85,low,OK
TX_006381,STORE_06,retail_park,CHK_013,18,6,1,new,card,1,5,1,0,82,0,1,0,2,192,1000,2,84.9,0.29,0,49.45,20.7,low,OK
TX_006382,STORE_07,hyper,CHK_011,16,2,0,professional,mobile,0,9,0,0,101,0,2,1,3,179,1063,1,98.9,1.4,0,54.85,23.69,low,OK
TX_006383,STORE_01,city,CHK_004,13,0,0,new,card,0,5,0,0,72,0,1,0,0,219,987,1,73.0,3.87,0,39.5,15.2,low,OK
TX_006384,STORE_05,retail_park,CHK_039,8,2,0,new,card,1,3,1,0,57,0,1,0,2,195,993,2,53.6,0.14,0,32.6,11.38,low,OK
TX_006385,STORE_02,city,CHK_032,11,0,0,regular,card,1,10,0,0,85,0,0,0,0,205,994,0,86.6,0.0,0,49.3,20.62,low,OK
TX_006386,STORE_07,hyper,CHK_034,19,3,0,new,card,1,4,2,0,76,0,1,0,3,189,1063,4,68.2,0.0,0,44.5,17.96,low,OK
TX_006387,STORE_02,city,CHK_025,19,2,0,regular,card,0,9,1,0,120,0,0,0,0,213,994,3,112.8,0.53,0,65.8,29.75,low,OK
TX_006388,STORE_06,retail_park,CHK_018,10,3,0,regular,card,1,11,1,0,108,0,0,0,2,200,1000,2,105.5,0.52,0,63.35,28.4,low,OK
TX_006389,STORE_03,mall,CHK_038,20,2,0,new,card,0,11,1,0,136,0,1,0,1,194,994,3,147.7,44.49,0,84.44999999999999,40.08,medium,WATCH
TX_006390,STORE_05,retail_park,CHK_034,18,2,0,regular,card,1,8,0,0,101,0,0,0,2,189,993,0,95.9,0.01,0,52.75,22.53,low,OK
TX_006391,STORE_06,retail_park,CHK_025,21,3,0,regular,mobile,0,14,0,0,106,0,0,1,2,213,1000,1,114.6,2.45,0,65.7,29.7,low,OK
TX_006392,STORE_03,mall,CHK_003,12,3,0,regular,card,0,5,1,0,69,0,0,0,1,195,994,3,67.3,0.1,0,40.65,15.83,low,OK
TX_006393,STORE_07,hyper,CHK_010,13,3,0,regular,card,1,9,2,0,103,0,0,0,3,204,1063,4,98.6,1.06,0,62.699999999999996,28.04,low,OK
TX_006394,STORE_06,retail_park,CHK_019,15,5,1,professional,mobile,0,7,0,0,70,0,2,1,2,187,1000,1,77.9,0.2,0,43.150000000000006,17.22,low,OK
TX_006395,STORE_02,city,CHK_039,8,5,1,new,card,0,12,0,0,138,0,1,0,0,195,994,1,133.8,15.57,0,74.10000000000001,34.35,low,OK
TX_006396,STORE_03,mall,CHK_006,11,3,0,new,card,1,4,2,0,56,0,1,0,1,223,994,4,66.6,0.86,0,43.699999999999996,17.52,low,OK
TX_006397,STORE_04,mall,CHK_014,12,6,1,new,card,0,8,0,0,126,0,1,0,1,213,987,1,112.8,3.55,0,61.199999999999996,27.21,low,OK
TX_006398,STORE_01,city,CHK_029,10,6,1,regular,card,0,11,1,0,122,0,0,0,0,211,987,3,116.9,1.67,0,69.05,31.55,low,OK
TX_006399,STORE_06,retail_park,CHK_040,14,1,0,new,mobile,1,10,0,0,112,0,1,1,2,193,1000,0,117.3,0.25,0,64.65,29.12,low,OK
TX_006400,STORE_01,city,CHK_009,12,4,0,regular,card,1,9,0,1,156,0,0,0,0,211,987,4,135.2,17.6,0,81.0,38.17,medium,WATCH
TX_006401,STORE_06,retail_park,CHK_037,11,3,0,regular,card,1,6,0,0,65,0,0,0,2,194,1000,0,63.0,0.0,0,35.1,12.76,low,OK
TX_006402,STORE_01,city,CHK_035,20,1,0,professional,card,1,8,0,1,141,0,2,0,0,218,987,4,138.7,6.55,0,82.14999999999999,38.8,medium,WATCH
TX_006403,STORE_02,city,CHK_014,14,0,0,regular,card,1,1,1,0,34,0,0,0,0,213,994,2,33.2,0.01,0,21.200000000000003,5.07,low,OK
TX_006404,STORE_03,mall,CHK_015,17,0,0,regular,card,0,8,0,0,66,0,0,0,1,207,994,1,74.2,0.08,0,41.9,16.52,low,OK
TX_006405,STORE_06,retail_park,CHK_001,19,0,0,regular,card,1,6,1,0,82,0,0,0,2,209,1000,2,77.4,0.13,0,46.300000000000004,18.96,low,OK
TX_006406,STORE_01,city,CHK_003,21,5,1,regular,card,0,9,0,0,74,0,0,0,0,195,987,1,80.8,0.64,0,45.8,18.68,low,OK
TX_006407,STORE_03,mall,CHK_011,18,1,0,regular,mobile,1,9,1,0,83,0,0,1,1,179,994,2,95.3,0.01,0,57.05,24.91,low,OK
TX_006408,STORE_07,hyper,CHK_021,14,5,1,regular,card,0,15,0,1,193,1,0,0,3,203,1063,5,184.0,94.1,1,109.0,53.67,medium,OPEN_SUPPORT
TX_006409,STORE_07,hyper,CHK_013,13,4,0,new,card,1,11,3,0,129,0,1,0,3,192,1063,6,133.4,13.34,0,85.3,40.55,medium,WATCH
TX_006410,STORE_06,retail_park,CHK_017,12,4,0,regular,card,1,3,0,0,41,0,0,0,2,202,1000,0,42.0,0.0,0,22.8,5.95,low,OK
TX_006411,STORE_07,hyper,CHK_020,15,6,1,regular,card,1,18,2,0,146,0,0,0,3,175,1063,4,148.9,2.17,0,93.25,44.95,medium,WATCH
TX_006412,STORE_07,hyper,CHK_004,17,5,1,professional,mobile,1,11,0,1,113,0,2,1,3,219,1063,4,145.9,54.07,1,87.55,41.79,medium,MONITOR_QUEUE
TX_006413,STORE_05,retail_park,CHK_006,19,2,0,new,card,0,11,2,0,140,0,1,0,2,223,993,5,147.8,36.11,0,88.5,42.32,medium,WATCH
TX_006414,STORE_08,hyper,CHK_005,16,6,1,regular,mobile,1,12,1,0,106,0,0,1,3,205,982,2,104.7,0.14,0,63.55,28.51,low,OK
TX_006415,STORE_02,city,CHK_025,21,4,0,regular,card,1,10,0,0,88,0,0,0,0,213,994,0,90.6,0.0,0,51.3,21.73,low,OK
TX_006416,STORE_02,city,CHK_026,21,6,1,new,gift_card,1,10,1,0,128,0,1,2,0,183,994,2,108.0,0.57,0,64.0,28.76,low,OK
TX_006417,STORE_08,hyper,CHK_018,8,4,0,regular,card,1,12,3,0,108,0,0,0,3,200,982,6,114.5,4.49,0,76.45,35.65,medium,WATCH
TX_006418,STORE_04,mall,CHK_028,19,0,0,regular,card,1,4,0,1,118,0,0,0,1,218,987,4,109.5,7.38,0,65.15,29.39,low,OK
TX_006419,STORE_01,city,CHK_033,17,6,1,regular,mobile,1,9,1,0,78,0,0,1,0,192,987,2,89.2,0.0,0,54.0,23.22,low,OK
TX_006420,STORE_01,city,CHK_040,20,4,0,regular,card,0,7,0,0,87,0,0,0,0,193,987,1,87.9,0.42,0,48.150000000000006,19.98,low,OK
TX_006421,STORE_01,city,CHK_028,17,1,0,regular,card,1,9,3,0,112,0,0,0,0,218,987,6,103.5,1.29,0,69.15,31.61,low,OK
TX_006422,STORE_04,mall,CHK_004,11,3,0,new,card,1,13,0,1,148,0,1,0,1,219,987,4,199.1,82.75,1,115.35,57.18,high,OPEN_SUPPORT
TX_006423,STORE_01,city,CHK_022,17,0,0,regular,card,1,12,1,0,107,0,0,0,0,223,987,2,103.8,0.0,0,63.099999999999994,28.26,low,OK
TX_006424,STORE_08,hyper,CHK_010,9,4,0,regular,card,0,15,1,0,144,0,0,0,3,204,982,3,149.7,6.3,0,87.85,41.96,medium,WATCH
TX_006425,STORE_02,city,CHK_014,9,6,1,regular,card,0,10,0,0,107,0,0,0,0,213,994,1,97.9,0.0,0,54.95,23.75,low,OK
TX_006426,STORE_05,retail_park,CHK_037,21,3,0,regular,mobile,1,7,1,1,100,0,0,1,2,194,993,6,117.1,8.39,0,74.75,34.71,low,OK
TX_006427,STORE_01,city,CHK_001,15,2,0,regular,mobile,0,7,1,1,125,0,0,1,0,209,987,7,121.5,15.69,0,76.95,35.93,medium,WATCH
TX_006428,STORE_07,hyper,CHK_008,19,2,0,professional,card,0,17,2,0,255,0,2,0,3,173,1063,5,238.5,17.27,0,137.45,69.42,high,MONITOR_QUEUE
TX_006429,STORE_03,mall,CHK_005,9,1,0,regular,card,1,1,4,1,105,1,0,0,1,205,994,12,93.7,55.97,1,71.44999999999999,32.88,low,MONITOR_QUEUE
TX_006430,STORE_06,retail_park,CHK_032,17,6,1,regular,card,0,13,3,0,151,0,0,0,2,205,1000,7,124.5,36.05,0,82.05,38.75,medium,WATCH
TX_006431,STORE_01,city,CHK_021,10,0,0,new,mobile,1,11,1,0,94,0,1,1,0,203,987,2,110.0,0.52,0,65.6,29.64,low,OK
TX_006432,STORE_03,mall,CHK_027,21,5,1,regular,gift_card,1,16,2,1,194,1,0,2,1,200,994,8,205.8,90.71,1,128.5,64.46,high,OPEN_SUPPORT
TX_006433,STORE_02,city,CHK_011,12,2,0,regular,card,1,10,1,1,164,1,0,0,0,179,994,6,149.3,72.54,1,92.65,44.62,medium,OPEN_SUPPORT
TX_006434,STORE_03,mall,CHK_020,15,4,0,new,card,1,6,2,0,93,0,1,0,1,175,994,4,94.5,0.06,0,58.85,25.91,low,OK
TX_006435,STORE_07,hyper,CHK_031,16,0,0,regular,card,1,13,0,0,90,0,0,0,3,194,1063,0,111.6,0.59,0,63.599999999999994,28.54,low,OK
TX_006436,STORE_07,hyper,CHK_025,9,2,0,new,card,1,5,2,0,73,0,1,0,3,213,1063,4,72.3,0.04,0,47.15,19.43,low,OK
TX_006437,STORE_04,mall,CHK_033,18,1,0,regular,card,0,7,0,0,95,0,0,0,1,192,987,1,90.8,0.27,0,49.6,20.79,low,OK
TX_006438,STORE_07,hyper,CHK_013,21,4,0,regular,card,0,6,0,0,59,0,0,0,3,192,1063,1,61.8,0.13,0,34.5,12.43,low,OK
TX_006439,STORE_07,hyper,CHK_028,17,2,0,regular,card,0,8,1,0,78,0,0,0,3,218,1063,3,84.3,0.08,0,50.949999999999996,21.53,low,OK
TX_006440,STORE_05,retail_park,CHK_011,14,1,0,regular,card,1,8,0,0,98,0,0,0,2,179,993,0,88.9,0.01,0,49.25,20.59,low,OK
TX_006441,STORE_05,retail_park,CHK_027,18,4,0,new,mobile,1,10,0,1,191,1,1,1,2,200,993,4,163.1,67.22,1,95.55,46.22,medium,MONITOR_QUEUE
TX_006442,STORE_08,hyper,CHK_002,17,2,0,professional,mobile,0,9,1,0,90,0,2,1,3,161,982,3,98.6,1.6,0,58.699999999999996,25.82,low,OK
TX_006443,STORE_05,retail_park,CHK_013,17,1,0,new,card,0,10,3,0,120,1,1,0,2,192,993,7,123.4,88.33,1,79.7,37.45,medium,OPEN_SUPPORT
TX_006444,STORE_07,hyper,CHK_024,16,2,0,regular,gift_card,1,15,0,0,111,0,0,2,3,217,1063,0,121.0,0.4,0,69.5,31.8,low,OK
TX_006445,STORE_07,hyper,CHK_004,15,1,0,regular,card,1,15,2,0,124,0,0,0,3,219,1063,4,135.2,0.6,0,84.6,40.16,medium,WATCH
TX_006446,STORE_06,retail_park,CHK_018,15,4,0,regular,card,0,10,1,0,96,0,0,0,2,200,1000,3,98.2,1.09,0,59.1,26.04,low,OK
TX_006447,STORE_04,mall,CHK_005,13,5,1,regular,card,1,9,1,0,116,0,0,0,1,205,987,2,99.4,0.0,0,59.1,26.04,low,OK
TX_006448,STORE_04,mall,CHK_015,14,3,0,new,card,0,8,1,0,119,0,1,0,1,207,987,3,109.6,4.1,0,63.599999999999994,28.54,low,OK
TX_006449,STORE_01,city,CHK_014,16,2,0,regular,card,0,13,1,1,152,0,0,0,0,213,987,7,164.6,70.52,1,102.1,49.85,medium,OPEN_SUPPORT
TX_006450,STORE_07,hyper,CHK_010,11,0,0,regular,card,0,5,2,0,76,0,0,0,3,204,1063,5,65.2,1.0,0,43.6,17.46,low,OK
TX_006451,STORE_03,mall,CHK_011,18,2,0,regular,card,1,7,0,0,78,0,0,0,1,179,994,0,79.1,0.01,0,43.75,17.55,low,OK
TX_006452,STORE_06,retail_park,CHK_030,16,1,0,regular,card,1,11,0,0,108,0,0,0,2,197,1000,0,99.1,0.27,0,56.15,24.41,low,OK
TX_006453,STORE_06,retail_park,CHK_028,8,6,1,new,mobile,1,17,1,0,156,0,1,1,2,218,1000,2,169.3,2.59,0,98.85000000000001,48.05,medium,WATCH
TX_006454,STORE_02,city,CHK_025,16,2,0,regular,card,1,11,1,0,83,0,0,0,0,213,994,2,93.7,0.34,0,57.45,25.13,low,OK
TX_006455,STORE_04,mall,CHK_040,18,2,0,regular,card,1,2,0,0,35,0,0,0,1,193,987,0,35.6,0.01,0,19.0,3.85,low,OK
TX_006456,STORE_08,hyper,CHK_009,10,6,1,regular,card,0,13,3,0,142,0,0,0,3,211,982,7,120.2,41.85,0,79.89999999999999,37.56,medium,WATCH
TX_006457,STORE_07,hyper,CHK_039,14,6,1,new,card,0,8,1,1,147,1,1,0,3,195,1063,7,140.5,85.95,1,87.05,41.52,medium,OPEN_SUPPORT
TX_006458,STORE_07,hyper,CHK_016,12,0,0,new,card,1,14,1,0,195,0,1,0,3,195,1063,2,176.2,7.25,0,100.5,48.96,medium,WATCH
TX_006459,STORE_01,city,CHK_021,14,4,0,professional,mobile,0,8,4,0,142,0,2,1,0,203,987,9,136.8,24.71,0,89.2,42.71,medium,WATCH
TX_006460,STORE_05,retail_park,CHK_011,13,2,0,new,card,1,9,1,0,135,0,1,0,2,179,993,2,118.2,0.15,0,68.5,31.25,low,OK
TX_006461,STORE_06,retail_park,CHK_007,18,0,0,new,card,0,4,2,0,82,0,1,0,2,217,1000,5,80.7,4.56,0,50.75,21.42,low,OK
TX_006462,STORE_08,hyper,CHK_016,18,5,1,regular,card,0,2,3,1,117,1,0,0,3,195,982,11,111.0,87.0,1,76.7,35.79,medium,OPEN_SUPPORT
TX_006463,STORE_08,hyper,CHK_001,17,1,0,regular,card,0,6,0,0,74,0,0,0,3,209,982,1,65.7,0.19,0,36.45,13.51,low,OK
TX_006464,STORE_05,retail_park,CHK_022,9,6,1,regular,mobile,1,13,1,0,122,0,0,1,2,223,993,2,118.5,0.16,0,71.05,32.66,low,OK
TX_006465,STORE_02,city,CHK_028,11,3,0,new,card,1,16,2,0,174,0,1,0,0,218,994,4,171.9,10.39,0,103.55,50.65,medium,WATCH
TX_006466,STORE_04,mall,CHK_019,8,3,0,regular,card,1,9,1,1,109,0,0,0,1,187,987,6,134.7,17.49,0,84.75,40.24,medium,WATCH
TX_006467,STORE_01,city,CHK_008,19,3,0,regular,card,1,11,1,0,112,0,0,0,0,173,987,2,116.5,0.0,0,68.85,31.44,low,OK
TX_006468,STORE_03,mall,CHK_032,9,5,1,regular,card,1,18,1,2,255,1,0,0,1,205,994,10,245.4,93.98,1,153.5,78.3,critical,OPEN_SUPPORT
TX_006469,STORE_01,city,CHK_037,19,1,0,regular,mobile,0,11,0,0,117,0,0,1,0,194,987,1,117.3,2.4,0,65.25,29.45,low,OK
TX_006470,STORE_02,city,CHK_008,9,3,0,regular,card,0,13,0,0,110,0,0,0,0,173,994,1,116.2,1.35,0,65.9,29.81,low,OK
TX_006471,STORE_07,hyper,CHK_036,10,5,1,new,mobile,1,8,1,0,95,0,1,1,3,205,1063,2,91.9,0.0,0,54.75,23.64,low,OK
TX_006472,STORE_04,mall,CHK_021,12,2,0,regular,card,1,5,1,0,63,0,0,0,1,203,987,2,62.3,0.01,0,38.15,14.45,low,OK
TX_006473,STORE_05,retail_park,CHK_027,10,5,1,regular,card,0,5,1,2,149,0,0,0,2,200,993,11,147.9,44.57,0,96.95,47.0,medium,WATCH
TX_006474,STORE_04,mall,CHK_036,9,0,0,regular,card,0,8,0,0,78,0,0,0,1,205,987,1,81.0,0.0,0,45.3,18.41,low,OK
TX_006475,STORE_05,retail_park,CHK_033,18,1,0,regular,card,0,7,2,0,93,0,0,0,2,192,993,5,91.1,0.74,0,57.75,25.3,low,OK
TX_006476,STORE_03,mall,CHK_008,19,4,0,regular,card,0,8,2,0,122,0,0,0,1,173,994,5,100.6,0.24,0,63.099999999999994,28.26,low,OK
TX_006477,STORE_04,mall,CHK_035,9,0,0,regular,card,0,9,0,0,80,0,0,0,1,218,987,1,90.9,0.0,0,50.85,21.48,low,OK
TX_006478,STORE_03,mall,CHK_039,8,1,0,regular,card,1,15,3,0,122,0,0,0,1,195,994,6,128.5,12.43,0,85.25,40.52,medium,WATCH
TX_006479,STORE_08,hyper,CHK_039,17,5,1,professional,card,0,7,1,1,127,0,2,0,3,195,982,7,132.3,50.98,1,82.35000000000001,38.92,medium,MONITOR_QUEUE
TX_006480,STORE_04,mall,CHK_035,10,0,0,professional,card,0,5,2,0,65,0,2,0,1,218,987,5,69.8,0.85,0,45.9,18.74,low,OK
TX_006481,STORE_02,city,CHK_001,9,1,0,regular,card,0,8,1,1,143,0,0,0,0,209,994,7,129.4,13.18,0,81.5,38.44,medium,WATCH
TX_006482,STORE_01,city,CHK_032,19,6,1,regular,card,1,8,0,0,105,0,0,0,0,205,987,0,97.8,0.0,0,53.699999999999996,23.06,low,OK
TX_006483,STORE_06,retail_park,CHK_023,9,1,0,regular,mobile,0,3,1,1,76,0,0,1,2,188,1000,7,94.6,14.22,0,61.099999999999994,27.15,low,OK
TX_006484,STORE_03,mall,CHK_012,14,6,1,new,gift_card,0,7,1,0,100,0,1,2,1,201,994,3,102.3,3.61,0,59.35,26.18,low,OK
TX_006485,STORE_03,mall,CHK_031,15,5,1,regular,gift_card,0,11,0,0,126,0,0,2,1,194,994,1,116.4,0.67,0,64.8,29.2,low,OK
TX_006486,STORE_04,mall,CHK_036,13,4,0,regular,card,0,9,1,1,154,0,0,0,1,205,987,7,143.1,31.16,0,88.95,42.57,medium,WATCH
TX_006487,STORE_08,hyper,CHK_033,16,2,0,new,card,1,10,2,0,109,0,1,0,3,192,982,4,121.4,2.98,0,74.7,34.68,low,OK
TX_006488,STORE_07,hyper,CHK_019,10,5,1,professional,mobile,1,13,1,1,152,0,2,1,3,187,1063,6,189.4,78.16,1,114.5,56.71,high,OPEN_SUPPORT
TX_006489,STORE_08,hyper,CHK_030,9,3,0,new,gift_card,0,7,1,0,86,0,1,2,3,197,982,3,94.7,2.1,0,55.550000000000004,24.08,low,OK
TX_006490,STORE_08,hyper,CHK_031,17,3,0,regular,card,1,15,0,1,180,1,0,0,3,194,982,4,179.3,93.75,1,106.65,52.37,medium,OPEN_SUPPORT
TX_006491,STORE_03,mall,CHK_040,17,0,0,new,card,1,12,0,0,111,0,1,0,1,193,994,0,121.9,1.83,0,68.15,31.05,low,OK
TX_006492,STORE_02,city,CHK_007,17,6,1,new,card,0,7,1,0,96,0,1,0,0,217,994,3,96.4,5.13,0,56.400000000000006,24.55,low,OK
TX_006493,STORE_07,hyper,CHK_028,10,2,0,regular,mobile,0,4,0,0,44,0,0,1,3,218,1063,1,47.3,0.44,0,26.049999999999997,7.75,low,OK
TX_006494,STORE_08,hyper,CHK_002,18,3,0,regular,card,0,4,1,0,61,0,0,0,3,161,982,3,60.8,0.15,0,36.8,13.7,low,OK
TX_006495,STORE_02,city,CHK_029,10,1,0,regular,card,0,16,1,0,157,0,0,0,0,211,994,3,143.3,4.41,0,85.25,40.52,medium,WATCH
TX_006496,STORE_03,mall,CHK_003,14,6,1,regular,card,1,14,0,0,154,0,0,0,1,195,994,0,141.4,0.57,0,79.10000000000001,37.12,medium,WATCH
TX_006497,STORE_03,mall,CHK_031,19,5,1,new,mobile,1,6,0,0,89,0,1,1,1,194,994,0,89.5,0.0,0,48.35,20.09,low,OK
TX_006498,STORE_01,city,CHK_006,8,1,0,regular,card,0,12,1,0,108,0,0,0,0,223,987,3,119.1,1.2,0,70.75,32.49,low,OK
TX_006499,STORE_06,retail_park,CHK_026,9,6,1,new,card,0,10,1,0,105,0,1,0,2,183,1000,3,109.2,5.35,0,64.6,29.09,low,OK
TX_006500,STORE_04,mall,CHK_008,15,6,1,professional,card,1,8,0,0,85,0,2,0,1,173,987,0,84.2,0.0,0,46.9,19.29,low,OK
TX_006501,STORE_02,city,CHK_009,12,0,0,regular,card,1,2,0,1,61,0,0,0,0,211,994,4,67.0,5.54,0,42.7,16.97,low,OK
TX_006502,STORE_01,city,CHK_006,11,3,0,regular,gift_card,1,7,0,0,83,0,0,2,0,223,987,0,75.8,0.0,0,42.1,16.63,low,OK
TX_006503,STORE_02,city,CHK_037,18,6,1,regular,card,1,6,1,0,86,0,0,0,0,194,994,2,80.7,0.0,0,47.95,19.87,low,OK
TX_006504,STORE_04,mall,CHK_036,20,1,0,regular,card,1,12,2,0,149,0,0,0,1,205,987,4,149.8,2.84,0,90.10000000000001,43.21,medium,WATCH
TX_006505,STORE_01,city,CHK_037,17,1,0,regular,card,0,8,0,0,66,0,0,0,0,194,987,1,82.3,0.26,0,45.949999999999996,18.77,low,OK
TX_006506,STORE_06,retail_park,CHK_002,15,6,1,regular,card,1,11,2,0,122,0,0,0,2,161,1000,4,116.1,1.85,0,72.64999999999999,33.55,low,OK
TX_006507,STORE_04,mall,CHK_031,17,6,1,regular,card,0,12,1,1,146,0,0,0,1,194,987,7,149.3,68.15,1,93.85000000000001,45.28,medium,MONITOR_QUEUE
TX_006508,STORE_02,city,CHK_032,12,5,1,new,card,0,11,1,1,153,1,1,0,0,205,994,7,171.2,89.83,1,104.19999999999999,51.01,medium,OPEN_SUPPORT
TX_006509,STORE_08,hyper,CHK_007,16,4,0,new,card,1,15,2,0,151,0,1,0,3,217,982,4,156.5,8.61,0,95.25,46.06,medium,WATCH
TX_006510,STORE_06,retail_park,CHK_005,9,1,0,regular,gift_card,0,11,0,0,114,0,0,2,2,205,1000,1,111.2,1.15,0,62.2,27.76,low,OK
TX_006511,STORE_05,retail_park,CHK_038,14,2,0,regular,mobile,0,6,0,0,74,0,0,1,2,194,993,1,69.2,0.19,0,38.2,14.48,low,OK
TX_006512,STORE_07,hyper,CHK_033,20,6,1,regular,card,0,4,0,0,65,0,0,0,3,192,1063,1,54.7,0.46,0,29.75,9.8,low,OK
TX_006513,STORE_04,mall,CHK_040,16,0,0,regular,card,0,10,0,0,112,0,0,0,1,193,987,1,97.3,0.91,0,54.65,23.58,low,OK
TX_006514,STORE_01,city,CHK_006,21,2,0,regular,card,0,14,0,0,142,0,0,0,0,223,987,1,135.5,2.91,0,76.15,35.48,medium,WATCH
TX_006515,STORE_06,retail_park,CHK_034,9,1,0,regular,mobile,1,18,2,0,150,0,0,1,2,189,1000,4,154.1,1.02,0,95.85,46.39,medium,WATCH
TX_006516,STORE_02,city,CHK_021,9,6,1,new,mobile,0,7,0,0,84,0,1,1,0,203,994,1,86.2,1.97,0,47.300000000000004,19.51,low,OK
TX_006517,STORE_08,hyper,CHK_011,16,3,0,new,card,0,13,1,0,156,0,1,0,3,179,982,3,149.7,45.85,0,86.64999999999999,41.3,medium,WATCH
TX_006518,STORE_08,hyper,CHK_032,21,3,0,new,card,0,7,2,0,92,0,1,0,3,205,982,5,99.3,8.34,0,61.85,27.57,low,OK
TX_006519,STORE_08,hyper,CHK_037,21,3,0,regular,card,0,10,1,1,136,0,0,0,3,194,982,7,138.6,49.68,0,87.3,41.66,medium,WATCH
TX_006520,STORE_03,mall,CHK_031,8,3,0,new,card,1,13,1,0,137,0,1,0,1,194,994,2,133.5,2.29,0,78.55,36.81,medium,WATCH
TX_006521,STORE_04,mall,CHK_001,9,4,0,regular,mobile,0,7,0,0,72,0,0,1,1,209,987,1,72.0,0.02,0,40.2,15.58,low,OK
TX_006522,STORE_08,hyper,CHK_005,19,3,0,regular,mobile,1,2,1,0,40,0,0,1,3,205,982,2,39.8,0.23,0,25.099999999999998,7.22,low,OK
TX_006523,STORE_07,hyper,CHK_007,9,6,1,professional,card,1,14,2,0,124,0,2,0,3,217,1063,4,150.2,7.47,0,91.5,43.98,medium,WATCH
TX_006524,STORE_06,retail_park,CHK_033,21,4,0,regular,card,1,4,1,1,104,0,0,0,2,192,1000,6,103.1,6.36,0,65.95,29.84,low,OK
TX_006525,STORE_02,city,CHK_012,10,6,1,regular,gift_card,0,10,1,0,104,0,0,2,0,201,994,3,104.0,0.13,0,62.0,27.65,low,OK
TX_006526,STORE_07,hyper,CHK_032,9,5,1,regular,card,0,8,0,1,118,0,0,0,3,205,1063,5,121.4,12.94,0,73.5,34.02,low,OK
TX_006527,STORE_03,mall,CHK_013,17,4,0,regular,card,1,11,1,0,82,0,0,0,1,192,994,2,102.4,0.2,0,61.800000000000004,27.54,low,OK
TX_006528,STORE_05,retail_park,CHK_010,8,6,1,regular,mobile,0,9,0,0,97,0,0,1,2,204,993,1,90.5,0.1,0,50.65,21.37,low,OK
TX_006529,STORE_03,mall,CHK_038,14,2,0,regular,mobile,1,12,1,0,122,0,0,1,1,194,994,2,115.6,0.46,0,69.0,31.53,low,OK
TX_006530,STORE_02,city,CHK_002,19,0,0,regular,card,0,10,1,0,116,0,0,0,0,161,994,3,122.4,0.24,0,71.2,32.74,low,OK
TX_006531,STORE_02,city,CHK_039,21,6,1,regular,card,0,10,1,0,101,0,0,0,0,195,994,3,100.2,0.62,0,60.1,26.6,low,OK
TX_006532,STORE_03,mall,CHK_020,12,4,0,new,mobile,0,3,2,0,57,0,1,1,1,175,994,5,60.4,5.04,0,40.0,15.47,low,OK
TX_006533,STORE_02,city,CHK_014,14,5,1,regular,card,0,14,0,0,143,0,0,0,0,213,994,1,144.4,3.04,0,80.60000000000001,37.95,medium,WATCH
TX_006534,STORE_05,retail_park,CHK_016,15,0,0,regular,mobile,0,6,0,0,56,0,0,1,2,195,993,1,63.2,0.17,0,35.2,12.81,low,OK
TX_006535,STORE_06,retail_park,CHK_001,11,6,1,new,card,1,7,0,0,91,0,1,0,2,209,1000,0,86.8,0.34,0,47.6,19.68,low,OK
TX_006536,STORE_04,mall,CHK_026,8,3,0,regular,card,1,10,0,0,91,0,0,0,1,183,987,0,87.2,0.06,0,49.6,20.79,low,OK
TX_006537,STORE_03,mall,CHK_014,12,3,0,new,mobile,0,2,0,0,43,0,1,1,1,213,994,1,43.2,3.28,0,22.8,5.95,low,OK
TX_006538,STORE_05,retail_park,CHK_009,18,6,1,regular,mobile,0,2,0,0,38,0,0,1,2,211,993,1,37.3,0.0,0,19.849999999999998,4.32,low,OK
TX_006539,STORE_02,city,CHK_034,11,4,0,new,card,1,7,1,0,92,0,1,0,0,189,994,2,89.7,0.05,0,53.050000000000004,22.7,low,OK
TX_006540,STORE_05,retail_park,CHK_005,16,4,0,professional,card,1,1,2,0,39,0,2,0,2,205,993,4,41.4,0.1,0,29.3,9.55,low,OK
TX_006541,STORE_01,city,CHK_010,10,5,1,regular,card,1,7,1,0,66,0,0,0,0,204,987,2,75.1,0.0,0,45.75,18.65,low,OK
TX_006542,STORE_04,mall,CHK_029,10,0,0,regular,card,1,11,2,1,164,1,0,0,1,211,987,8,156.0,82.26,1,100.6,49.02,medium,OPEN_SUPPORT
TX_006543,STORE_08,hyper,CHK_039,10,2,0,new,card,0,21,0,1,275,1,1,0,3,195,982,5,256.1,95.15,1,148.65,75.62,critical,OPEN_SUPPORT
TX_006544,STORE_06,retail_park,CHK_006,13,0,0,regular,card,0,14,2,0,153,0,0,0,2,223,1000,5,143.2,8.8,0,88.0,42.04,medium,WATCH
TX_006545,STORE_01,city,CHK_007,15,6,1,professional,card,1,8,0,0,84,0,2,0,0,217,987,0,85.4,0.15,0,47.5,19.62,low,OK
TX_006546,STORE_07,hyper,CHK_011,16,6,1,regular,mobile,1,12,1,0,103,0,0,1,3,179,1063,2,105.8,0.31,0,64.1,28.81,low,OK
TX_006547,STORE_03,mall,CHK_005,19,0,0,regular,mobile,0,11,2,2,216,1,0,1,1,205,994,13,209.9,95.74,1,135.54999999999998,68.36,high,OPEN_SUPPORT
TX_006548,STORE_02,city,CHK_018,14,2,0,regular,card,1,13,1,0,114,0,0,0,0,200,994,2,126.1,0.15,0,74.85,34.76,low,OK
TX_006549,STORE_02,city,CHK_040,10,0,0,regular,card,0,2,0,0,30,0,0,0,0,193,994,1,31.0,0.0,0,16.7,2.57,low,OK
TX_006550,STORE_03,mall,CHK_021,10,3,0,regular,card,1,19,1,0,144,0,0,0,1,203,994,2,156.7,0.22,0,93.75,45.23,medium,WATCH
TX_006551,STORE_03,mall,CHK_030,18,3,0,regular,card,1,7,0,0,93,0,0,0,1,197,994,0,79.4,0.21,0,43.900000000000006,17.63,low,OK
TX_006552,STORE_05,retail_park,CHK_015,11,4,0,regular,card,0,8,2,0,90,0,0,0,2,207,993,5,89.1,0.83,0,57.349999999999994,25.08,low,OK
TX_006553,STORE_07,hyper,CHK_040,11,4,0,regular,card,1,10,2,2,163,1,0,0,3,193,1063,12,193.7,81.33,1,126.85,63.55,high,OPEN_SUPPORT
TX_006554,STORE_08,hyper,CHK_004,12,1,0,regular,gift_card,1,10,0,0,118,0,0,2,3,219,982,0,102.8,0.31,0,57.4,25.1,low,OK
TX_006555,STORE_03,mall,CHK_034,16,0,0,new,card,1,5,0,0,63,0,1,0,1,189,994,0,62.9,0.0,0,34.45,12.4,low,OK
TX_006556,STORE_06,retail_park,CHK_032,13,1,0,regular,card,1,9,0,0,94,0,0,0,2,205,1000,0,89.4,0.2,0,50.1,21.06,low,OK
TX_006557,STORE_03,mall,CHK_010,12,1,0,new,gift_card,1,8,0,0,107,0,1,2,1,204,994,0,106.0,0.0,0,57.8,25.33,low,OK
TX_006558,STORE_01,city,CHK_034,20,6,1,new,mobile,1,6,2,0,83,0,1,1,0,189,987,4,89.7,0.56,0,56.45,24.58,low,OK
TX_006559,STORE_02,city,CHK_024,18,5,1,regular,card,0,13,0,1,221,1,0,0,0,217,994,5,188.6,81.03,1,110.1,54.28,medium,OPEN_SUPPORT
TX_006560,STORE_02,city,CHK_009,18,2,0,regular,card,0,8,0,0,95,0,0,0,0,211,994,1,94.3,0.52,0,51.949999999999996,22.09,low,OK
TX_006561,STORE_03,mall,CHK_004,14,2,0,regular,card,1,5,0,1,82,0,0,0,1,219,994,4,89.8,6.45,0,55.9,24.27,low,OK
TX_006562,STORE_04,mall,CHK_017,19,3,0,regular,card,0,7,2,0,105,0,0,0,1,202,987,5,101.6,0.03,0,63.0,28.2,low,OK
TX_006563,STORE_08,hyper,CHK_012,21,5,1,regular,card,1,3,1,0,44,0,0,0,3,201,982,2,49.2,0.0,0,30.400000000000002,10.16,low,OK
TX_006564,STORE_08,hyper,CHK_038,18,4,0,regular,card,1,13,0,0,124,0,0,0,3,194,982,0,132.2,0.45,0,73.89999999999999,34.24,low,OK
TX_006565,STORE_06,retail_park,CHK_009,21,6,1,professional,mobile,0,7,0,0,85,0,2,1,2,211,1000,1,85.2,1.68,0,46.800000000000004,19.24,low,OK
TX_006566,STORE_01,city,CHK_005,10,0,0,regular,card,0,10,0,0,102,0,0,0,0,205,987,1,96.3,0.34,0,54.15,23.3,low,OK
TX_006567,STORE_05,retail_park,CHK_005,16,2,0,new,card,1,7,0,0,70,0,1,0,2,205,993,0,78.0,0.16,0,43.2,17.24,low,OK
TX_006568,STORE_06,retail_park,CHK_009,11,1,0,regular,card,0,3,1,0,44,0,0,0,2,211,1000,3,47.4,0.31,0,29.5,9.66,low,OK
TX_006569,STORE_05,retail_park,CHK_031,19,5,1,new,card,1,4,0,1,119,0,1,0,2,194,993,4,111.1,9.75,0,65.95,29.84,low,OK
TX_006570,STORE_02,city,CHK_011,11,0,0,regular,card,0,11,3,1,163,1,0,0,0,179,994,11,156.8,90.72,1,105.0,51.45,medium,OPEN_SUPPORT
TX_006571,STORE_02,city,CHK_007,15,5,1,regular,card,1,13,3,0,134,0,0,0,0,217,994,6,129.4,20.08,0,84.5,40.11,medium,WATCH
TX_006572,STORE_08,hyper,CHK_005,16,1,0,regular,card,1,10,0,1,113,0,0,0,3,205,982,4,125.6,49.65,0,76.8,35.84,medium,WATCH
TX_006573,STORE_07,hyper,CHK_035,16,4,0,regular,card,1,9,1,0,79,0,0,0,3,218,1063,2,84.0,0.0,0,51.4,21.78,low,OK
TX_006574,STORE_08,hyper,CHK_020,19,4,0,regular,card,0,10,0,0,117,0,0,0,3,175,982,1,112.0,0.7,0,62.0,27.65,low,OK
TX_006575,STORE_02,city,CHK_016,15,6,1,new,mobile,1,10,0,1,125,0,1,1,0,195,994,4,137.8,42.09,0,82.9,39.22,medium,WATCH
TX_006576,STORE_02,city,CHK_001,13,0,0,professional,gift_card,1,6,1,0,89,0,2,2,0,209,994,2,76.5,0.38,0,45.85,18.71,low,OK
TX_006577,STORE_04,mall,CHK_025,20,2,0,regular,card,0,10,1,0,122,0,0,0,1,213,987,3,125.5,0.95,0,72.75,33.6,low,OK
TX_006578,STORE_08,hyper,CHK_014,11,6,1,professional,card,0,8,1,0,87,0,2,0,3,213,982,3,97.5,5.51,0,57.55,25.19,low,OK
TX_006579,STORE_04,mall,CHK_009,9,3,0,regular,card,1,6,0,1,109,0,0,0,1,211,987,4,108.3,5.82,0,65.75,29.73,low,OK
TX_006580,STORE_01,city,CHK_019,18,1,0,new,card,0,10,0,0,143,0,1,0,0,187,987,1,133.2,7.79,0,72.6,33.52,low,OK
TX_006581,STORE_03,mall,CHK_009,12,5,1,new,mobile,1,8,3,0,110,0,1,1,1,211,994,6,107.2,2.44,0,70.39999999999999,32.3,low,OK
TX_006582,STORE_04,mall,CHK_008,9,6,1,new,card,0,7,0,1,110,1,1,0,1,173,987,5,123.6,91.96,1,74.0,34.29,low,OPEN_SUPPORT
TX_006583,STORE_07,hyper,CHK_024,8,0,0,regular,card,0,15,3,0,131,0,0,0,3,217,1063,7,151.1,23.95,0,96.55,46.78,medium,WATCH
TX_006584,STORE_08,hyper,CHK_022,14,0,0,regular,card,1,13,1,0,125,0,0,0,3,223,982,2,126.7,0.69,0,75.14999999999999,34.93,low,OK
TX_006585,STORE_06,retail_park,CHK_009,12,3,0,regular,card,1,17,0,0,184,0,0,0,2,211,1000,0,159.3,0.68,0,89.85000000000001,43.07,medium,WATCH
TX_006586,STORE_01,city,CHK_022,15,2,0,regular,card,1,1,0,0,24,0,0,0,0,223,987,0,23.7,0.01,0,12.45,0.22,low,OK
TX_006587,STORE_02,city,CHK_027,18,4,0,regular,mobile,0,11,0,0,120,0,0,1,0,200,994,1,119.1,3.74,0,66.14999999999999,29.95,low,OK
TX_006588,STORE_03,mall,CHK_021,13,3,0,regular,card,1,4,0,1,89,0,0,0,1,203,994,4,86.3,7.62,0,53.55,22.97,low,OK
TX_006589,STORE_07,hyper,CHK_028,17,3,0,regular,card,1,4,0,0,42,0,0,0,3,218,1063,0,46.4,0.01,0,25.599999999999998,7.5,low,OK
TX_006590,STORE_01,city,CHK_001,21,4,0,regular,card,1,9,0,1,123,0,0,0,0,209,987,4,137.0,19.91,0,81.9,38.67,medium,WATCH
TX_006591,STORE_07,hyper,CHK_024,13,1,0,new,card,1,9,0,0,121,0,1,0,3,217,1063,0,111.5,0.31,0,61.15,27.18,low,OK
TX_006592,STORE_02,city,CHK_023,12,5,1,regular,card,1,4,2,0,70,0,0,0,0,188,994,4,65.0,0.1,0,42.9,17.08,low,OK
TX_006593,STORE_02,city,CHK_034,18,2,0,regular,card,0,7,2,0,94,0,0,0,0,189,994,5,92.6,0.36,0,58.5,25.71,low,OK
TX_006594,STORE_04,mall,CHK_006,17,1,0,regular,card,1,5,0,0,53,0,0,0,1,223,987,0,53.5,0.01,0,29.75,9.8,low,OK
TX_006595,STORE_01,city,CHK_016,9,3,0,new,card,0,6,2,0,101,0,1,0,0,195,987,5,94.8,6.02,0,59.0,25.99,low,OK
TX_006596,STORE_03,mall,CHK_039,19,4,0,regular,gift_card,1,8,1,1,168,1,0,2,1,195,994,6,125.3,11.97,0,79.45,37.31,medium,WATCH
TX_006597,STORE_06,retail_park,CHK_029,9,4,0,regular,card,0,4,1,0,58,0,0,0,2,211,1000,3,55.5,0.73,0,34.15,12.23,low,OK
TX_006598,STORE_02,city,CHK_004,16,4,0,regular,card,0,5,1,0,59,0,0,0,0,219,994,3,61.8,0.13,0,37.9,14.31,low,OK
TX_006599,STORE_04,mall,CHK_012,13,3,0,new,gift_card,1,8,0,0,124,0,1,2,1,201,987,0,111.3,0.0,0,60.449999999999996,26.79,low,OK
TX_006600,STORE_05,retail_park,CHK_021,20,1,0,professional,mobile,1,5,0,0,77,0,2,1,2,203,993,0,76.7,0.0,0,41.35,16.22,low,OK
TX_006601,STORE_08,hyper,CHK_038,15,3,0,new,card,1,6,2,0,86,0,1,0,3,194,982,4,86.9,0.0,0,55.050000000000004,23.8,low,OK
TX_006602,STORE_02,city,CHK_038,20,5,1,regular,card,1,18,1,1,226,1,0,0,0,194,994,6,235.1,91.47,1,140.35000000000002,71.02,high,OPEN_SUPPORT
TX_006603,STORE_07,hyper,CHK_001,14,0,0,regular,card,1,8,2,1,129,0,0,0,3,209,1063,8,132.9,18.97,0,87.25,41.63,medium,WATCH
TX_006604,STORE_05,retail_park,CHK_031,12,5,1,regular,card,1,14,0,0,126,0,0,0,2,194,993,0,128.6,0.39,0,72.7,33.57,low,OK
TX_006605,STORE_04,mall,CHK_014,21,3,0,regular,card,0,5,0,0,52,0,0,0,1,213,987,1,56.0,0.28,0,31.0,10.49,low,OK
TX_006606,STORE_01,city,CHK_035,8,6,1,regular,card,0,2,0,0,34,0,0,0,0,218,987,1,30.4,0.17,0,16.4,2.41,low,OK
TX_006607,STORE_04,mall,CHK_006,21,3,0,regular,card,1,3,2,1,105,0,0,0,1,223,987,8,92.6,18.24,0,64.1,28.81,low,OK
TX_006608,STORE_05,retail_park,CHK_004,16,5,1,regular,card,1,12,0,1,157,0,0,0,2,219,993,4,157.0,65.5,1,93.7,45.2,medium,MONITOR_QUEUE
TX_006609,STORE_04,mall,CHK_011,15,5,1,regular,mobile,0,7,0,0,77,0,0,1,1,179,987,1,74.0,0.08,0,41.2,16.14,low,OK
TX_006610,STORE_02,city,CHK_029,18,5,1,regular,card,0,11,1,0,131,0,0,0,0,211,994,3,132.2,2.91,0,76.69999999999999,35.79,medium,WATCH
TX_006611,STORE_02,city,CHK_019,10,4,0,professional,card,0,9,1,0,100,0,2,0,0,187,994,3,102.2,1.48,0,60.5,26.82,low,OK
TX_006612,STORE_03,mall,CHK_024,21,4,0,new,gift_card,0,10,3,0,163,1,1,2,1,217,994,7,134.9,69.4,1,85.45,40.63,medium,MONITOR_QUEUE
TX_006613,STORE_02,city,CHK_026,9,3,0,regular,card,1,6,1,0,75,0,0,0,0,183,994,2,69.3,0.0,0,42.25,16.72,low,OK
TX_006614,STORE_02,city,CHK_039,14,6,1,regular,card,1,6,0,0,76,0,0,0,0,195,994,0,66.9,0.0,0,37.050000000000004,13.84,low,OK
TX_006615,STORE_06,retail_park,CHK_013,9,5,1,professional,mobile,0,2,3,0,52,0,2,1,2,192,1000,7,51.1,8.92,0,38.75,14.78,low,OK
TX_006616,STORE_02,city,CHK_017,18,2,0,regular,card,1,4,1,0,68,0,0,0,0,202,994,2,62.3,0.01,0,37.55,14.12,low,OK
TX_006617,STORE_03,mall,CHK_009,16,6,1,regular,card,1,5,2,0,59,0,0,0,1,211,994,4,64.5,0.25,0,43.25,17.27,low,OK
TX_006618,STORE_08,hyper,CHK_036,12,4,0,regular,mobile,0,10,0,0,97,0,0,1,3,205,982,1,108.7,0.17,0,60.35,26.74,low,OK
TX_006619,STORE_02,city,CHK_033,19,4,0,new,card,0,6,1,0,112,0,1,0,0,192,994,3,96.1,6.68,0,55.65,24.14,low,OK
TX_006620,STORE_03,mall,CHK_018,10,5,1,regular,card,1,13,0,0,121,0,0,0,1,200,994,0,112.2,0.05,0,63.9,28.7,low,OK
TX_006621,STORE_06,retail_park,CHK_022,14,0,0,regular,mobile,0,3,0,0,41,0,0,1,2,223,1000,1,45.8,0.08,0,24.7,7.0,low,OK
TX_006622,STORE_01,city,CHK_010,20,6,1,new,gift_card,1,2,2,0,64,0,1,2,0,204,987,4,59.5,0.64,0,38.95,14.89,low,OK
TX_006623,STORE_06,retail_park,CHK_037,19,6,1,regular,card,1,2,0,0,36,0,0,0,2,194,1000,0,37.1,0.0,0,19.75,4.26,low,OK
TX_006624,STORE_07,hyper,CHK_006,19,0,0,regular,card,0,13,1,1,211,1,0,0,3,223,1063,7,201.7,95.18,1,120.64999999999999,60.12,high,OPEN_SUPPORT
TX_006625,STORE_01,city,CHK_007,13,5,1,regular,card,0,7,1,0,96,0,0,0,0,217,987,3,81.6,0.04,0,49.0,20.45,low,OK
TX_006626,STORE_02,city,CHK_014,21,5,1,regular,card,0,7,0,0,61,0,0,0,0,213,994,1,64.8,0.0,0,36.6,13.59,low,OK
TX_006627,STORE_04,mall,CHK_005,20,1,0,professional,card,1,15,2,0,166,0,2,0,1,205,987,4,172.4,5.48,0,103.2,50.46,medium,WATCH
TX_006628,STORE_07,hyper,CHK_011,19,6,1,new,card,1,7,0,1,144,0,1,0,3,179,1063,4,131.5,21.26,0,77.95,36.48,medium,WATCH
TX_006629,STORE_03,mall,CHK_027,14,3,0,regular,mobile,0,10,0,0,96,0,0,1,1,200,994,1,103.5,1.2,0,57.75,25.3,low,OK
TX_006630,STORE_05,retail_park,CHK_020,11,5,1,regular,card,0,9,1,0,93,0,0,0,2,175,993,3,93.8,0.0,0,56.3,24.49,low,OK
TX_006631,STORE_04,mall,CHK_018,17,3,0,regular,card,0,6,1,0,67,0,0,0,1,200,987,3,71.5,0.18,0,43.35,17.33,low,OK
TX_006632,STORE_04,mall,CHK_012,18,4,0,regular,card,1,9,1,0,107,0,0,0,1,201,987,2,106.2,0.18,0,62.5,27.93,low,OK
TX_006633,STORE_05,retail_park,CHK_024,21,5,1,regular,card,1,11,1,0,102,0,0,0,2,217,993,2,103.1,0.0,0,62.15,27.73,low,OK
TX_006634,STORE_05,retail_park,CHK_009,14,1,0,new,mobile,1,8,1,1,130,0,1,1,2,211,993,6,134.0,20.64,0,83.8,39.72,medium,WATCH
TX_006635,STORE_03,mall,CHK_007,18,4,0,regular,card,0,7,1,0,97,0,0,0,1,217,994,3,90.0,0.21,0,53.2,22.78,low,OK
TX_006636,STORE_05,retail_park,CHK_004,21,0,0,regular,card,1,15,0,1,184,1,0,0,2,219,993,4,188.2,73.46,1,111.1,54.83,medium,OPEN_SUPPORT
TX_006637,STORE_06,retail_park,CHK_020,8,4,0,professional,card,0,12,1,0,107,0,2,0,2,175,1000,3,125.8,9.79,0,74.10000000000001,34.35,low,OK
TX_006638,STORE_07,hyper,CHK_034,8,0,0,new,card,0,12,1,1,166,1,1,0,3,189,1063,7,173.9,80.2,1,106.15,52.09,medium,OPEN_SUPPORT
TX_006639,STORE_08,hyper,CHK_005,17,3,0,new,mobile,1,14,0,0,114,0,1,1,3,205,982,0,126.4,1.37,0,71.60000000000001,32.96,low,OK
TX_006640,STORE_07,hyper,CHK_022,8,1,0,regular,card,0,13,2,0,118,0,0,0,3,223,1063,5,125.1,4.94,0,78.35,36.7,medium,WATCH
TX_006641,STORE_02,city,CHK_004,15,5,1,professional,gift_card,0,8,1,0,87,0,2,2,0,219,994,3,94.9,0.49,0,56.25,24.47,low,OK
TX_006642,STORE_07,hyper,CHK_004,13,1,0,regular,card,0,9,0,0,102,0,0,0,3,219,1063,1,103.7,0.09,0,57.25,25.02,low,OK
TX_006643,STORE_06,retail_park,CHK_021,8,4,0,regular,mobile,0,6,2,0,76,0,0,1,2,203,1000,5,77.0,0.02,0,50.1,21.06,low,OK
TX_006644,STORE_03,mall,CHK_040,21,3,0,regular,card,1,9,0,1,139,0,0,0,1,193,994,4,136.1,20.81,0,81.45,38.42,medium,WATCH
TX_006645,STORE_03,mall,CHK_027,12,3,0,regular,card,0,14,0,0,172,0,0,0,1,200,994,1,150.5,3.58,0,83.65,39.63,medium,WATCH
TX_006646,STORE_06,retail_park,CHK_038,9,4,0,regular,card,0,11,0,0,102,0,0,0,2,194,1000,1,106.1,0.56,0,59.65,26.35,low,OK
TX_006647,STORE_08,hyper,CHK_018,18,6,1,regular,mobile,0,10,1,1,175,1,0,1,3,200,982,7,168.7,81.37,1,102.35,49.99,medium,OPEN_SUPPORT
TX_006648,STORE_01,city,CHK_024,11,2,0,regular,card,1,10,0,1,133,0,0,0,0,217,987,4,132.1,43.33,0,80.05,37.64,medium,WATCH
TX_006649,STORE_04,mall,CHK_018,11,4,0,professional,card,1,10,1,0,98,0,2,0,1,200,987,2,104.1,0.37,0,62.05,27.68,low,OK
TX_006650,STORE_06,retail_park,CHK_024,19,5,1,new,mobile,0,11,3,1,230,1,1,1,2,217,1000,11,209.8,95.8,1,131.5,66.12,high,OPEN_SUPPORT
TX_006651,STORE_01,city,CHK_033,9,5,1,regular,mobile,1,15,2,0,143,0,0,1,0,192,987,4,139.0,2.38,0,86.5,41.21,medium,WATCH
TX_006652,STORE_01,city,CHK_024,8,2,0,regular,card,0,8,1,0,86,0,0,0,0,217,987,3,84.3,0.07,0,50.949999999999996,21.53,low,OK
TX_006653,STORE_08,hyper,CHK_020,17,4,0,new,mobile,1,15,0,0,115,0,1,1,3,175,982,0,127.1,1.03,0,72.55,33.49,low,OK
TX_006654,STORE_03,mall,CHK_015,16,5,1,regular,card,0,6,2,0,78,0,0,0,1,207,994,5,77.5,0.15,0,50.35,21.2,low,OK
TX_006655,STORE_06,retail_park,CHK_030,15,5,1,regular,card,1,2,1,1,74,0,0,0,2,197,1000,6,81.5,11.21,0,53.95,23.19,low,OK
TX_006656,STORE_05,retail_park,CHK_034,9,3,0,new,mobile,1,8,0,0,96,0,1,1,2,189,993,0,92.1,0.05,0,50.849999999999994,21.48,low,OK
TX_006657,STORE_03,mall,CHK_040,11,4,0,regular,mobile,0,5,0,0,55,0,0,1,1,193,994,1,56.9,0.0,0,31.45,10.74,low,OK
TX_006658,STORE_08,hyper,CHK_015,19,0,0,regular,card,0,5,1,0,84,0,0,0,3,207,982,3,80.8,0.25,0,47.4,19.57,low,OK
TX_006659,STORE_07,hyper,CHK_014,18,6,1,regular,card,1,12,1,0,113,0,0,0,3,213,1063,2,128.5,0.31,0,75.45,35.1,medium,WATCH
TX_006660,STORE_05,retail_park,CHK_009,21,2,0,new,mobile,1,5,2,1,96,0,1,1,2,211,993,8,114.6,54.79,1,76.3,35.57,medium,MONITOR_QUEUE
TX_006661,STORE_02,city,CHK_010,18,4,0,regular,card,1,6,1,0,81,0,0,0,0,204,994,2,80.4,0.0,0,47.800000000000004,19.79,low,OK
TX_006662,STORE_05,retail_park,CHK_039,20,4,0,regular,card,0,7,1,0,108,0,0,0,2,195,993,3,96.3,0.2,0,56.35,24.52,low,OK
TX_006663,STORE_05,retail_park,CHK_017,9,3,0,regular,card,1,9,1,0,82,0,0,0,2,202,993,2,83.3,0.0,0,51.05,21.59,low,OK
TX_006664,STORE_06,retail_park,CHK_007,14,0,0,professional,card,0,13,0,0,132,0,2,0,2,217,1000,1,138.8,19.14,0,77.2,36.06,medium,WATCH
TX_006665,STORE_05,retail_park,CHK_028,17,2,0,new,card,0,7,2,1,116,1,1,0,2,218,993,9,155.6,92.71,1,98.0,47.58,medium,OPEN_SUPPORT
TX_006666,STORE_01,city,CHK_036,9,3,0,regular,card,0,17,0,2,205,1,0,0,0,205,987,9,217.2,91.49,1,134.79999999999998,67.95,high,OPEN_SUPPORT
TX_006667,STORE_05,retail_park,CHK_017,19,3,0,regular,card,0,12,0,0,142,0,0,0,2,202,993,1,130.5,3.72,0,72.45,33.43,low,OK
TX_006668,STORE_02,city,CHK_023,21,3,0,regular,card,0,1,0,0,27,0,0,0,0,188,994,1,26.9,0.75,0,14.049999999999999,1.11,low,OK
TX_006669,STORE_03,mall,CHK_027,10,5,1,regular,card,0,7,3,0,89,0,0,0,1,200,994,7,91.9,2.27,0,62.150000000000006,27.73,low,OK
TX_006670,STORE_01,city,CHK_016,21,2,0,new,card,0,10,2,1,190,1,1,0,0,195,987,9,180.3,94.05,1,112.15,55.41,high,OPEN_SUPPORT
TX_006671,STORE_01,city,CHK_001,13,0,0,new,card,0,8,0,1,160,1,1,0,0,209,987,5,140.1,78.39,1,82.85,39.19,medium,OPEN_SUPPORT
TX_006672,STORE_05,retail_park,CHK_026,16,1,0,regular,card,0,7,1,0,71,0,0,0,2,183,993,3,76.5,0.08,0,46.45,19.04,low,OK
TX_006673,STORE_05,retail_park,CHK_037,14,6,1,regular,card,1,1,0,0,28,0,0,0,2,194,993,0,25.9,0.0,0,13.549999999999999,0.83,low,OK
TX_006674,STORE_07,hyper,CHK_009,9,4,0,regular,card,1,12,0,0,109,0,0,0,3,211,1063,0,106.0,0.0,0,60.2,26.65,low,OK
TX_006675,STORE_02,city,CHK_023,12,6,1,regular,card,0,11,1,0,108,0,0,0,0,188,994,3,120.3,1.27,0,70.75,32.49,low,OK
TX_006676,STORE_07,hyper,CHK_037,14,6,1,regular,mobile,0,12,1,0,130,0,0,1,3,194,1063,3,126.3,1.23,0,74.35000000000001,34.49,low,OK
TX_006677,STORE_02,city,CHK_028,10,1,0,regular,card,0,9,0,0,82,0,0,0,0,218,994,1,91.6,0.15,0,51.199999999999996,21.67,low,OK
TX_006678,STORE_07,hyper,CHK_020,11,3,0,regular,card,1,7,1,1,123,0,0,0,3,175,1063,6,121.1,8.72,0,76.75,35.82,medium,WATCH
TX_006679,STORE_01,city,CHK_008,20,2,0,regular,card,0,13,4,0,184,1,0,0,0,173,987,9,173.1,52.12,1,110.35,54.41,medium,MONITOR_QUEUE
TX_006680,STORE_04,mall,CHK_040,19,5,1,regular,card,0,11,1,0,124,0,0,0,1,193,987,3,129.8,1.54,0,75.5,35.12,medium,WATCH
TX_006681,STORE_06,retail_park,CHK_024,21,5,1,regular,card,1,17,1,0,155,0,0,0,2,217,1000,2,154.3,0.34,0,91.35000000000001,43.9,medium,WATCH
TX_006682,STORE_08,hyper,CHK_005,8,4,0,regular,card,0,6,2,0,84,0,0,0,3,205,982,5,79.4,0.45,0,51.300000000000004,21.73,low,OK
TX_006683,STORE_03,mall,CHK_001,17,4,0,new,card,0,6,0,0,66,0,1,0,1,209,994,1,70.2,5.18,0,38.7,14.75,low,OK
TX_006684,STORE_06,retail_park,CHK_016,18,0,0,new,mobile,1,4,1,0,65,0,1,1,2,195,1000,2,71.1,0.09,0,41.949999999999996,16.55,low,OK
TX_006685,STORE_06,retail_park,CHK_030,16,3,0,new,card,1,10,0,0,121,0,1,0,2,197,1000,0,111.3,0.27,0,61.65,27.46,low,OK
TX_006686,STORE_01,city,CHK_015,17,6,1,regular,mobile,0,7,0,0,62,0,0,1,0,207,987,1,70.3,0.0,0,39.35,15.11,low,OK
TX_006687,STORE_02,city,CHK_013,16,6,1,regular,card,0,13,0,0,120,0,0,0,0,192,994,1,119.2,4.24,0,67.4,30.64,low,OK
TX_006688,STORE_08,hyper,CHK_019,17,4,0,professional,card,1,19,1,0,175,0,2,0,3,187,982,2,192.2,1.5,0,111.5,55.05,high,MONITOR_QUEUE
TX_006689,STORE_08,hyper,CHK_040,18,2,0,regular,card,1,7,1,0,94,0,0,0,3,193,982,2,89.0,0.18,0,52.7,22.5,low,OK
TX_006690,STORE_03,mall,CHK_014,21,4,0,regular,mobile,1,13,0,0,106,0,0,1,1,213,994,0,101.7,0.0,0,58.65,25.8,low,OK
TX_006691,STORE_04,mall,CHK_030,19,1,0,regular,card,0,8,2,0,104,0,0,0,1,197,987,5,103.8,0.54,0,64.7,29.14,low,OK
TX_006692,STORE_04,mall,CHK_025,19,6,1,regular,card,1,11,0,0,126,0,0,0,1,213,987,0,110.9,0.18,0,62.050000000000004,27.68,low,OK
TX_006693,STORE_08,hyper,CHK_028,16,1,0,regular,card,1,11,0,0,89,0,0,0,3,218,982,0,93.2,0.03,0,53.2,22.78,low,OK
TX_006694,STORE_06,retail_park,CHK_023,16,6,1,regular,card,0,14,2,0,125,0,0,0,2,188,1000,5,142.7,15.04,0,87.75,41.9,medium,WATCH
TX_006695,STORE_03,mall,CHK_038,9,0,0,regular,card,1,12,0,0,114,0,0,0,1,194,994,0,104.2,0.2,0,59.3,26.16,low,OK
TX_006696,STORE_04,mall,CHK_040,20,1,0,regular,card,0,12,2,0,177,0,0,0,1,193,987,5,161.1,3.09,0,95.75,46.33,medium,WATCH
TX_006697,STORE_04,mall,CHK_004,10,3,0,regular,card,1,1,0,0,24,0,0,0,1,219,987,0,23.8,0.0,0,12.5,0.25,low,OK
TX_006698,STORE_08,hyper,CHK_020,19,1,0,regular,card,0,14,2,0,190,0,0,0,3,175,982,5,179.9,3.48,0,106.35000000000001,52.2,medium,WATCH
TX_006699,STORE_04,mall,CHK_001,20,2,0,regular,card,0,8,2,0,104,0,0,0,1,209,987,5,104.0,0.28,0,64.8,29.2,low,OK
TX_006700,STORE_03,mall,CHK_040,18,2,0,regular,mobile,1,13,1,0,127,0,0,1,1,193,994,2,140.1,0.62,0,81.85,38.64,medium,WATCH
TX_006701,STORE_07,hyper,CHK_032,11,1,0,professional,mobile,0,4,1,0,51,0,2,1,3,205,1063,3,56.0,1.6,0,34.4,12.37,low,OK
TX_006702,STORE_04,mall,CHK_034,9,3,0,professional,card,0,5,2,0,68,0,2,0,1,189,987,5,69.9,2.91,0,45.95,18.77,low,OK
TX_006703,STORE_08,hyper,CHK_036,20,2,0,new,card,1,15,0,0,211,0,1,0,3,205,982,0,154.0,2.71,0,86.0,40.94,medium,WATCH
TX_006704,STORE_04,mall,CHK_030,21,6,1,regular,card,0,9,1,0,89,0,0,0,1,197,987,3,90.0,0.49,0,54.4,23.44,low,OK
TX_006705,STORE_03,mall,CHK_028,8,6,1,new,mobile,1,11,1,0,113,0,1,1,1,218,994,2,116.7,1.44,0,68.95,31.5,low,OK
TX_006706,STORE_08,hyper,CHK_005,12,3,0,regular,card,1,8,0,0,70,0,0,0,3,205,982,0,79.8,0.14,0,44.699999999999996,18.07,low,OK
TX_006707,STORE_07,hyper,CHK_027,16,2,0,professional,card,1,21,0,0,166,0,2,0,3,200,1063,0,194.8,0.69,0,110.0,54.22,medium,WATCH
TX_006708,STORE_02,city,CHK_004,21,1,0,regular,card,1,9,0,0,78,0,0,0,0,219,994,0,79.9,0.01,0,45.35,18.43,low,OK
TX_006709,STORE_01,city,CHK_009,20,2,0,regular,card,0,4,1,0,68,0,0,0,0,211,987,3,62.8,0.05,0,37.8,14.25,low,OK
TX_006710,STORE_02,city,CHK_005,14,5,1,new,gift_card,0,3,2,0,69,0,1,2,0,205,994,5,68.4,5.29,0,44.0,17.69,low,OK
TX_006711,STORE_01,city,CHK_026,13,2,0,regular,card,1,4,0,0,44,0,0,0,0,183,987,0,46.1,0.01,0,25.45,7.42,low,OK
TX_006712,STORE_03,mall,CHK_035,20,2,0,regular,card,0,1,1,2,131,0,0,0,1,218,994,11,120.4,25.53,0,80.8,38.06,medium,WATCH
TX_006713,STORE_06,retail_park,CHK_020,15,3,0,regular,card,0,14,3,0,139,0,0,0,2,175,1000,7,143.4,34.18,0,92.10000000000001,44.31,medium,WATCH
TX_006714,STORE_03,mall,CHK_018,19,3,0,regular,mobile,1,11,2,0,114,0,0,1,1,200,994,4,122.2,2.02,0,75.69999999999999,35.23,medium,WATCH
TX_006715,STORE_02,city,CHK_030,14,1,0,regular,card,1,7,1,0,88,0,0,0,0,197,994,2,83.6,0.01,0,50.0,21.01,low,OK
TX_006716,STORE_04,mall,CHK_027,16,6,1,regular,gift_card,0,11,1,0,136,0,0,2,1,200,987,3,120.9,2.08,0,71.05,32.66,low,OK
TX_006717,STORE_07,hyper,CHK_026,15,5,1,regular,card,0,20,0,0,165,0,0,0,3,183,1063,1,173.3,3.85,0,98.65,47.94,medium,WATCH
TX_006718,STORE_05,retail_park,CHK_029,18,2,0,regular,card,0,6,0,0,70,0,0,0,2,211,993,1,73.5,0.21,0,40.35,15.67,low,OK
TX_006719,STORE_07,hyper,CHK_025,11,4,0,regular,card,0,13,1,0,114,0,0,0,3,213,1063,3,118.7,5.27,0,71.15,32.72,low,OK
TX_006720,STORE_07,hyper,CHK_018,15,1,0,regular,card,0,15,0,0,115,0,0,0,3,200,1063,1,125.2,4.64,0,71.6,32.96,low,OK
TX_006721,STORE_05,retail_park,CHK_024,8,2,0,regular,card,0,7,3,0,86,0,0,0,2,217,993,7,88.1,3.12,0,60.25,26.68,low,OK
TX_006722,STORE_07,hyper,CHK_039,13,2,0,regular,card,1,10,0,0,113,0,0,0,3,195,1063,0,104.9,0.35,0,58.45,25.69,low,OK
TX_006723,STORE_02,city,CHK_001,11,5,1,professional,card,0,8,1,0,87,0,2,0,0,209,994,3,90.4,2.31,0,54.0,23.22,low,OK
TX_006724,STORE_07,hyper,CHK_007,19,3,0,regular,card,1,13,0,0,144,0,0,0,3,217,1063,0,141.3,0.17,0,78.45,36.76,medium,WATCH
TX_006725,STORE_01,city,CHK_005,15,5,1,regular,card,1,5,0,0,52,0,0,0,0,205,987,0,55.4,0.0,0,30.7,10.32,low,OK
TX_006726,STORE_01,city,CHK_031,15,3,0,new,mobile,1,15,0,1,207,1,1,1,0,194,987,4,204.3,94.95,1,119.15,59.29,high,OPEN_SUPPORT
TX_006727,STORE_03,mall,CHK_025,8,3,0,regular,card,1,12,0,1,154,0,0,0,1,213,994,4,153.6,56.56,1,92.0,44.26,medium,MONITOR_QUEUE
TX_006728,STORE_04,mall,CHK_038,9,1,0,regular,card,0,3,0,0,44,0,0,0,1,194,987,1,41.7,0.02,0,22.650000000000002,5.87,low,OK
TX_006729,STORE_05,retail_park,CHK_006,18,3,0,regular,mobile,0,4,0,1,84,0,0,1,2,223,993,5,92.5,10.24,0,56.65,24.69,low,OK
TX_006730,STORE_08,hyper,CHK_005,18,4,0,regular,card,1,13,0,1,182,1,0,0,3,205,982,4,176.8,94.41,1,104.2,51.01,medium,OPEN_SUPPORT
TX_006731,STORE_03,mall,CHK_025,9,3,0,regular,card,1,13,0,0,116,0,0,0,1,213,994,0,111.7,0.0,0,63.65,28.56,low,OK
TX_006732,STORE_03,mall,CHK_030,15,6,1,regular,card,1,9,1,0,87,0,0,0,1,197,994,2,91.6,0.0,0,55.199999999999996,23.89,low,OK
TX_006733,STORE_02,city,CHK_009,16,1,0,regular,card,1,9,1,0,81,0,0,0,0,211,994,2,82.5,0.04,0,50.65,21.37,low,OK
TX_006734,STORE_03,mall,CHK_002,8,1,0,professional,gift_card,1,5,2,0,68,0,2,2,1,161,994,4,71.0,0.4,0,46.5,19.07,low,OK
TX_006735,STORE_06,retail_park,CHK_014,13,5,1,regular,card,0,15,0,0,125,0,0,0,2,213,1000,1,143.5,3.75,0,80.75,38.03,medium,WATCH
TX_006736,STORE_07,hyper,CHK_008,14,0,0,regular,mobile,0,17,0,0,194,0,0,1,3,173,1063,1,174.7,1.93,0,97.55,47.33,medium,WATCH
TX_006737,STORE_02,city,CHK_007,8,5,1,regular,mobile,0,9,1,0,90,0,0,1,0,217,994,3,89.9,0.0,0,54.35,23.42,low,OK
TX_006738,STORE_03,mall,CHK_025,16,2,0,new,card,1,11,1,0,100,0,1,0,1,213,994,2,111.6,1.3,0,66.39999999999999,30.09,low,OK
TX_006739,STORE_03,mall,CHK_025,17,3,0,new,card,0,1,1,0,36,0,1,0,1,213,994,3,37.9,5.17,0,23.55,6.37,low,OK
TX_006740,STORE_07,hyper,CHK_040,10,5,1,new,card,1,11,0,0,119,0,1,0,3,193,1063,0,118.4,0.53,0,65.8,29.75,low,OK
TX_006741,STORE_05,retail_park,CHK_007,16,0,0,regular,mobile,1,20,2,2,220,1,0,1,2,217,993,12,226.9,95.01,1,149.45,76.06,critical,OPEN_SUPPORT
TX_006742,STORE_08,hyper,CHK_015,19,0,0,regular,card,1,8,1,0,102,0,0,0,3,207,982,2,98.9,0.39,0,58.25,25.57,low,OK
TX_006743,STORE_01,city,CHK_008,21,4,0,regular,mobile,1,5,1,0,49,0,0,1,0,173,987,2,54.1,0.02,0,34.05,12.18,low,OK
TX_006744,STORE_01,city,CHK_025,13,3,0,regular,card,1,4,0,0,47,0,0,0,0,213,987,0,45.9,0.01,0,25.349999999999998,7.36,low,OK
TX_006745,STORE_05,retail_park,CHK_032,8,5,1,regular,card,1,14,0,1,166,1,0,0,2,205,993,4,166.7,65.19,1,99.75,48.55,medium,MONITOR_QUEUE
TX_006746,STORE_02,city,CHK_033,16,3,0,professional,card,1,7,1,1,107,0,2,0,0,192,994,6,118.8,17.44,0,75.60000000000001,35.18,medium,WATCH
TX_006747,STORE_03,mall,CHK_021,17,1,0,regular,card,1,10,0,1,130,0,0,0,1,203,994,4,135.5,64.72,1,81.75,38.58,medium,MONITOR_QUEUE
TX_006748,STORE_01,city,CHK_029,12,3,0,regular,gift_card,1,10,1,0,118,0,0,2,0,211,987,2,105.0,0.11,0,62.5,27.93,low,OK
TX_006749,STORE_06,retail_park,CHK_032,9,1,0,regular,card,1,5,1,0,48,0,0,0,2,205,1000,2,54.2,0.0,0,34.1,12.21,low,OK
TX_006750,STORE_01,city,CHK_010,20,5,1,regular,mobile,1,5,0,0,69,0,0,1,0,204,987,0,67.2,0.0,0,36.6,13.59,low,OK
TX_006751,STORE_04,mall,CHK_011,20,5,1,regular,card,1,5,1,0,79,0,0,0,1,179,987,2,74.1,0.0,0,44.05,17.71,low,OK
TX_006752,STORE_05,retail_park,CHK_030,10,2,0,regular,card,1,1,0,1,51,0,0,0,2,197,993,4,56.7,6.17,0,36.95,13.78,low,OK
TX_006753,STORE_07,hyper,CHK_020,13,6,1,regular,card,1,5,0,0,55,0,0,0,3,175,1063,0,56.4,0.0,0,31.2,10.6,low,OK
TX_006754,STORE_08,hyper,CHK_028,21,0,0,new,card,0,4,2,0,70,0,1,0,3,218,982,5,73.4,10.14,0,47.1,19.4,low,OK
TX_006755,STORE_07,hyper,CHK_008,20,3,0,regular,card,0,5,1,0,83,0,0,0,3,173,1063,3,80.2,0.61,0,47.1,19.4,low,OK
TX_006756,STORE_05,retail_park,CHK_017,17,1,0,regular,mobile,0,5,0,0,54,0,0,1,2,202,993,1,52.7,0.28,0,29.35,9.58,low,OK
TX_006757,STORE_04,mall,CHK_021,9,4,0,regular,card,0,10,1,0,119,0,0,0,1,203,987,3,99.7,0.26,0,59.85,26.46,low,OK
TX_006758,STORE_07,hyper,CHK_002,16,3,0,professional,card,0,15,1,1,212,1,2,0,3,161,1063,7,212.1,93.31,1,127.05,63.66,high,OPEN_SUPPORT
TX_006759,STORE_05,retail_park,CHK_026,21,6,1,new,card,1,10,1,1,188,1,1,0,2,183,993,6,181.3,84.98,1,108.65,53.47,medium,OPEN_SUPPORT
TX_006760,STORE_01,city,CHK_001,13,3,0,new,mobile,1,18,0,1,263,1,1,1,0,209,987,4,242.5,92.36,1,140.05,70.86,high,OPEN_SUPPORT
TX_006761,STORE_03,mall,CHK_023,14,3,0,regular,card,1,9,0,1,157,0,0,0,1,188,994,4,145.9,17.27,0,86.35000000000001,41.13,medium,WATCH
TX_006762,STORE_01,city,CHK_007,8,5,1,regular,mobile,1,7,0,0,71,0,0,1,0,217,987,0,63.2,0.0,0,35.800000000000004,13.15,low,OK
TX_006763,STORE_05,retail_park,CHK_007,14,4,0,new,card,1,10,0,0,119,0,1,0,2,217,993,0,117.1,0.59,0,64.55,29.06,low,OK
TX_006764,STORE_03,mall,CHK_039,21,4,0,regular,card,0,15,1,0,154,0,0,0,1,195,994,3,148.9,5.18,0,87.45,41.74,medium,WATCH
TX_006765,STORE_08,hyper,CHK_036,14,6,1,regular,card,0,13,1,0,117,0,0,0,3,205,982,3,128.7,3.94,0,76.14999999999999,35.48,medium,WATCH
TX_006766,STORE_06,retail_park,CHK_040,12,6,1,professional,card,1,18,0,0,182,0,2,0,2,193,1000,0,194.3,0.52,0,107.95,53.09,medium,WATCH
TX_006767,STORE_02,city,CHK_028,16,1,0,regular,mobile,1,9,0,0,83,0,0,1,0,218,994,0,81.8,0.04,0,46.3,18.96,low,OK
TX_006768,STORE_06,retail_park,CHK_014,21,4,0,regular,mobile,0,13,0,0,91,0,0,1,2,213,1000,1,95.3,3.39,0,55.449999999999996,24.02,low,OK
TX_006769,STORE_06,retail_park,CHK_011,21,2,0,regular,card,0,14,1,1,198,1,0,0,2,179,1000,7,187.7,88.82,1,114.25,56.57,high,OPEN_SUPPORT
TX_006770,STORE_01,city,CHK_017,21,3,0,regular,mobile,0,13,0,0,91,0,0,1,0,202,987,1,97.3,3.29,0,56.449999999999996,24.58,low,OK
TX_006771,STORE_07,hyper,CHK_022,11,5,1,regular,mobile,1,12,3,0,109,0,0,1,3,223,1063,6,114.1,6.31,0,76.25,35.54,medium,WATCH
TX_006772,STORE_06,retail_park,CHK_031,16,3,0,regular,card,0,8,0,1,100,0,0,0,2,194,1000,5,127.6,16.94,0,76.6,35.73,medium,WATCH
TX_006773,STORE_06,retail_park,CHK_003,13,5,1,regular,gift_card,1,5,1,0,74,0,0,2,2,195,1000,2,67.8,0.0,0,40.9,15.97,low,OK
TX_006774,STORE_05,retail_park,CHK_029,13,0,0,new,mobile,1,8,0,1,133,0,1,1,2,211,993,4,134.7,10.53,0,80.14999999999999,37.7,medium,WATCH
TX_006775,STORE_06,retail_park,CHK_035,17,5,1,regular,card,0,6,0,0,55,0,0,0,2,218,1000,1,62.5,0.0,0,34.85,12.62,low,OK
TX_006776,STORE_03,mall,CHK_035,9,0,0,new,card,1,14,0,2,236,1,1,0,1,218,994,8,265.9,88.88,1,157.35,80.43,critical,OPEN_SUPPORT
TX_006777,STORE_02,city,CHK_001,20,3,0,regular,card,1,9,1,1,152,0,0,0,0,209,994,6,149.0,31.8,0,91.9,44.2,medium,WATCH
TX_006778,STORE_06,retail_park,CHK_030,12,4,0,regular,card,0,10,1,1,133,0,0,0,2,197,1000,7,141.2,59.2,1,88.6,42.37,medium,MONITOR_QUEUE
TX_006779,STORE_06,retail_park,CHK_009,21,4,0,professional,gift_card,0,8,1,0,109,0,2,2,2,211,1000,3,108.6,2.16,0,63.099999999999994,28.26,low,OK
TX_006780,STORE_05,retail_park,CHK_031,18,3,0,regular,card,0,11,1,0,125,0,0,0,2,194,993,3,128.2,2.72,0,74.69999999999999,34.68,low,OK
TX_006781,STORE_06,retail_park,CHK_031,12,0,0,regular,mobile,0,13,0,0,154,0,0,1,2,194,1000,1,129.1,4.88,0,72.35,33.38,low,OK
TX_006782,STORE_01,city,CHK_034,11,0,0,regular,card,0,14,0,1,173,1,0,0,0,189,987,5,170.8,85.37,1,101.80000000000001,49.68,medium,OPEN_SUPPORT
TX_006783,STORE_05,retail_park,CHK_004,13,3,0,regular,card,0,11,1,0,118,0,0,0,2,219,993,3,124.9,1.54,0,73.05,33.77,low,OK
TX_006784,STORE_04,mall,CHK_021,10,1,0,regular,card,1,10,0,0,77,0,0,0,1,203,987,0,86.1,0.06,0,49.05,20.48,low,OK
TX_006785,STORE_07,hyper,CHK_014,12,5,1,regular,mobile,0,8,2,2,210,1,0,1,3,213,1063,13,201.8,86.34,1,129.70000000000002,65.13,high,OPEN_SUPPORT
TX_006786,STORE_02,city,CHK_022,18,1,0,regular,card,1,12,1,0,158,0,0,0,0,223,994,2,144.1,0.66,0,83.25,39.41,medium,WATCH
TX_006787,STORE_08,hyper,CHK_021,19,4,0,professional,mobile,1,15,2,1,219,1,2,1,3,203,982,8,214.3,95.97,1,132.15,66.48,high,OPEN_SUPPORT
TX_006788,STORE_08,hyper,CHK_011,8,1,0,professional,card,0,12,0,0,137,0,2,0,3,179,982,1,125.4,6.23,0,69.9,32.02,low,OK
TX_006789,STORE_08,hyper,CHK_012,10,1,0,regular,card,1,6,1,0,66,0,0,0,3,201,982,2,68.4,0.18,0,41.800000000000004,16.47,low,OK
TX_006790,STORE_06,retail_park,CHK_035,21,4,0,regular,card,1,4,0,0,45,0,0,0,2,218,1000,0,44.7,0.0,0,24.75,7.03,low,OK
TX_006791,STORE_02,city,CHK_033,18,5,1,regular,card,1,8,1,0,86,0,0,0,0,192,994,2,96.8,0.28,0,57.199999999999996,24.99,low,OK
TX_006792,STORE_07,hyper,CHK_028,10,1,0,new,card,0,10,0,0,124,0,1,0,3,218,1063,1,114.8,5.99,0,63.4,28.43,low,OK
TX_006793,STORE_08,hyper,CHK_008,20,0,0,regular,card,0,14,0,0,175,0,0,0,3,173,982,1,165.9,1.22,0,91.35000000000001,43.9,medium,WATCH
TX_006794,STORE_02,city,CHK_011,13,6,1,new,card,1,9,1,0,105,0,1,0,0,179,994,2,114.1,0.69,0,66.45,30.11,low,OK
TX_006795,STORE_05,retail_park,CHK_025,10,5,1,regular,mobile,0,3,0,0,42,0,0,1,2,213,993,1,42.1,0.1,0,22.85,5.98,low,OK
TX_006796,STORE_07,hyper,CHK_028,17,5,1,professional,mobile,0,6,0,0,59,0,2,1,3,218,1063,1,66.2,1.39,0,36.7,13.65,low,OK
TX_006797,STORE_04,mall,CHK_004,9,1,0,new,mobile,1,13,1,0,137,0,1,1,1,219,987,2,129.9,3.22,0,76.75,35.82,medium,WATCH
TX_006798,STORE_08,hyper,CHK_002,16,6,1,new,card,1,12,2,0,131,0,1,0,3,161,982,4,138.5,5.64,0,84.45,40.08,medium,WATCH
TX_006799,STORE_08,hyper,CHK_021,9,1,0,new,card,1,12,1,0,117,0,1,0,3,203,982,2,127.5,2.24,0,74.95,34.82,low,OK
TX_006800,STORE_08,hyper,CHK_012,20,1,0,professional,card,1,9,1,0,116,0,2,0,3,201,982,2,123.8,0.68,0,71.30000000000001,32.8,low,OK
TX_006801,STORE_06,retail_park,CHK_026,10,6,1,regular,card,0,9,3,0,107,0,0,0,2,183,1000,7,113.5,3.53,0,74.15,34.38,low,OK
TX_006802,STORE_01,city,CHK_020,18,3,0,professional,card,0,4,0,0,59,0,2,0,0,175,987,1,62.1,1.61,0,33.45,11.85,low,OK
TX_006803,STORE_03,mall,CHK_038,8,2,0,new,mobile,1,12,0,0,135,0,1,1,1,194,994,0,122.8,0.38,0,68.6,31.3,low,OK
TX_006804,STORE_07,hyper,CHK_018,13,2,0,regular,mobile,1,13,1,1,139,0,0,1,3,200,1063,6,175.7,88.77,1,107.64999999999999,52.92,medium,OPEN_SUPPORT
TX_006805,STORE_03,mall,CHK_024,19,5,1,regular,card,1,9,1,0,107,0,0,0,1,217,994,2,102.4,0.0,0,60.6,26.88,low,OK
TX_006806,STORE_04,mall,CHK_027,18,2,0,regular,card,1,5,1,0,67,0,0,0,1,200,987,2,72.2,0.01,0,43.1,17.19,low,OK
TX_006807,STORE_03,mall,CHK_033,17,3,0,regular,mobile,0,8,1,0,91,0,0,1,1,192,994,3,88.2,0.02,0,52.9,22.61,low,OK
TX_006808,STORE_07,hyper,CHK_035,14,5,1,regular,card,0,6,1,0,88,0,0,0,3,218,1063,3,80.6,0.06,0,47.9,19.85,low,OK
TX_006809,STORE_06,retail_park,CHK_036,18,3,0,regular,card,0,11,1,0,109,0,0,0,2,205,1000,3,126.6,3.14,0,73.89999999999999,34.24,low,OK
TX_006810,STORE_08,hyper,CHK_013,11,2,0,regular,card,0,14,0,0,102,0,0,0,3,192,982,1,120.1,3.84,0,68.45,31.22,low,OK
TX_006811,STORE_06,retail_park,CHK_009,13,3,0,regular,card,0,8,1,0,101,0,0,0,2,211,1000,3,89.8,0.09,0,53.699999999999996,23.06,low,OK
TX_006812,STORE_04,mall,CHK_033,11,6,1,regular,card,0,12,1,0,122,0,0,0,1,192,987,3,121.1,1.01,0,71.75,33.05,low,OK
TX_006813,STORE_06,retail_park,CHK_013,9,4,0,regular,card,1,9,1,0,75,0,0,0,2,192,1000,2,83.7,0.06,0,51.25,21.7,low,OK
TX_006814,STORE_04,mall,CHK_022,12,6,1,regular,mobile,1,11,1,0,109,0,0,1,1,223,987,2,110.5,0.18,0,65.85,29.78,low,OK
TX_006815,STORE_02,city,CHK_034,21,2,0,new,card,0,16,0,0,177,1,1,0,0,189,994,1,178.9,80.79,1,99.05,48.16,medium,OPEN_SUPPORT
TX_006816,STORE_01,city,CHK_023,13,6,1,professional,card,0,10,1,1,165,1,2,0,0,188,987,7,165.2,83.34,1,100.6,49.02,medium,OPEN_SUPPORT
TX_006817,STORE_06,retail_park,CHK_021,9,2,0,regular,card,1,5,0,0,58,0,0,0,2,203,1000,0,51.8,0.0,0,28.9,9.33,low,OK
TX_006818,STORE_06,retail_park,CHK_010,16,5,1,professional,card,1,8,1,0,73,0,2,0,2,204,1000,2,83.1,0.15,0,50.349999999999994,21.2,low,OK
TX_006819,STORE_02,city,CHK_028,17,5,1,professional,card,1,12,0,0,123,0,2,0,0,218,994,0,123.2,1.28,0,68.8,31.41,low,OK
TX_006820,STORE_05,retail_park,CHK_006,14,1,0,new,card,0,10,1,1,183,1,1,0,2,223,993,7,172.8,93.84,1,104.4,51.12,medium,OPEN_SUPPORT
TX_006821,STORE_07,hyper,CHK_007,8,6,1,new,card,0,12,2,0,153,0,1,0,3,217,1063,5,134.8,47.27,0,82.60000000000001,39.05,medium,WATCH
TX_006822,STORE_02,city,CHK_031,18,0,0,regular,card,1,8,2,0,97,0,0,0,0,194,994,4,98.0,0.07,0,61.8,27.54,low,OK
TX_006823,STORE_06,retail_park,CHK_038,11,5,1,new,card,0,16,0,0,184,1,1,0,2,194,1000,1,177.5,73.63,1,98.35,47.77,medium,OPEN_SUPPORT
TX_006824,STORE_08,hyper,CHK_038,12,6,1,new,mobile,1,12,1,1,198,1,1,1,3,194,982,6,176.6,78.89,1,107.5,52.84,medium,OPEN_SUPPORT
TX_006825,STORE_05,retail_park,CHK_007,15,4,0,regular,card,0,7,0,0,70,0,0,0,2,217,993,1,73.4,0.23,0,40.900000000000006,15.97,low,OK
TX_006826,STORE_06,retail_park,CHK_016,18,6,1,regular,card,1,11,1,2,182,1,0,0,2,195,1000,10,191.0,92.69,1,122.1,60.92,high,OPEN_SUPPORT
TX_006827,STORE_01,city,CHK_015,15,6,1,new,card,0,6,0,0,85,0,1,0,0,207,987,1,76.0,3.64,0,41.6,16.36,low,OK
TX_006828,STORE_07,hyper,CHK_035,19,4,0,regular,card,0,10,2,0,113,0,0,0,3,218,1063,5,129.6,2.98,0,78.8,36.95,medium,WATCH
TX_006829,STORE_01,city,CHK_014,19,4,0,regular,card,0,12,0,1,220,1,0,0,0,213,987,5,201.8,80.21,1,116.10000000000001,57.6,high,OPEN_SUPPORT
TX_006830,STORE_04,mall,CHK_005,21,1,0,regular,card,1,11,1,0,103,0,0,0,1,205,987,2,104.1,0.0,0,62.65,28.01,low,OK
TX_006831,STORE_04,mall,CHK_006,20,4,0,regular,card,0,6,0,0,79,0,0,0,1,223,987,1,76.5,0.3,0,41.85,16.5,low,OK
TX_006832,STORE_03,mall,CHK_020,14,4,0,regular,card,0,1,0,0,30,0,0,0,1,175,994,1,28.4,0.08,0,14.799999999999999,1.52,low,OK
TX_006833,STORE_03,mall,CHK_021,8,2,0,new,card,1,14,0,0,115,0,1,0,1,203,994,0,137.2,1.45,0,77.0,35.95,medium,WATCH
TX_006834,STORE_07,hyper,CHK_039,13,3,0,regular,card,0,7,2,0,109,0,0,0,3,195,1063,5,101.5,1.15,0,62.95,28.18,low,OK
TX_006835,STORE_01,city,CHK_006,20,5,1,regular,mobile,0,4,2,0,69,0,0,1,0,223,987,5,70.6,1.13,0,45.699999999999996,18.63,low,OK
TX_006836,STORE_04,mall,CHK_006,12,0,0,new,card,1,7,2,0,105,0,1,0,1,223,987,4,105.7,0.19,0,65.05,29.34,low,OK
TX_006837,STORE_01,city,CHK_017,17,6,1,regular,card,1,9,0,0,92,0,0,0,0,202,987,0,89.1,0.0,0,49.949999999999996,20.98,low,OK
TX_006838,STORE_06,retail_park,CHK_008,10,4,0,new,card,0,13,2,1,178,1,1,0,2,173,1000,9,191.9,92.31,1,119.75,59.62,high,OPEN_SUPPORT
TX_006839,STORE_08,hyper,CHK_009,11,4,0,regular,card,0,11,1,0,105,0,0,0,3,211,982,3,112.7,0.75,0,66.95,30.39,low,OK
TX_006840,STORE_04,mall,CHK_005,8,4,0,new,card,1,7,0,0,82,0,1,0,1,205,987,0,80.4,0.23,0,44.400000000000006,17.91,low,OK
TX_006841,STORE_02,city,CHK_007,18,0,0,professional,card,0,10,0,0,108,0,2,0,0,217,994,1,119.1,2.15,0,65.55,29.62,low,OK
TX_006842,STORE_01,city,CHK_011,12,5,1,new,gift_card,0,7,2,0,122,0,1,2,0,179,987,5,115.0,5.6,0,69.7,31.91,low,OK
TX_006843,STORE_06,retail_park,CHK_003,14,6,1,professional,mobile,1,16,0,0,187,0,2,1,2,195,1000,0,175.0,0.87,0,97.1,47.08,medium,WATCH
TX_006844,STORE_04,mall,CHK_015,16,1,0,regular,card,0,7,1,0,71,0,0,0,1,207,987,3,75.5,0.26,0,45.95,18.77,low,OK
TX_006845,STORE_04,mall,CHK_015,10,3,0,regular,card,1,7,0,1,97,0,0,0,1,207,987,4,108.1,5.22,0,66.25,30.0,low,OK
TX_006846,STORE_01,city,CHK_025,18,1,0,regular,card,0,8,0,0,96,0,0,0,0,213,987,1,95.0,0.39,0,52.3,22.28,low,OK
TX_006847,STORE_07,hyper,CHK_037,13,3,0,regular,card,0,8,1,0,104,0,0,0,3,194,1063,3,96.3,0.36,0,56.949999999999996,24.85,low,OK
TX_006848,STORE_03,mall,CHK_013,13,5,1,regular,mobile,0,11,0,1,128,0,0,1,1,192,994,5,138.9,59.5,1,84.05,39.86,medium,MONITOR_QUEUE
TX_006849,STORE_07,hyper,CHK_024,17,1,0,professional,card,0,7,0,1,116,0,2,0,3,217,1063,5,121.6,23.22,0,73.0,33.74,low,OK
TX_006850,STORE_06,retail_park,CHK_008,15,2,0,new,card,0,7,0,0,78,0,1,0,2,173,1000,1,84.8,2.39,0,46.6,19.13,low,OK
TX_006851,STORE_07,hyper,CHK_013,17,0,0,new,card,1,8,2,0,110,0,1,0,3,192,1063,4,104.5,0.38,0,65.05,29.34,low,OK
TX_006852,STORE_08,hyper,CHK_008,19,1,0,regular,card,1,2,0,0,34,0,0,0,3,173,982,0,36.5,0.1,0,19.45,4.1,low,OK
TX_006853,STORE_02,city,CHK_022,11,2,0,regular,card,1,7,0,0,62,0,0,0,0,223,994,0,73.2,0.0,0,40.800000000000004,15.91,low,OK
TX_006854,STORE_03,mall,CHK_029,9,2,0,regular,card,0,8,0,0,77,0,0,0,1,211,994,1,79.7,0.03,0,44.65,18.05,low,OK
TX_006855,STORE_06,retail_park,CHK_032,11,6,1,professional,card,1,5,0,1,117,0,2,0,2,205,1000,4,101.2,9.59,0,61.6,27.43,low,OK
TX_006856,STORE_06,retail_park,CHK_037,10,4,0,regular,card,0,9,0,0,83,0,0,0,2,194,1000,1,92.1,0.0,0,51.449999999999996,21.81,low,OK
TX_006857,STORE_06,retail_park,CHK_025,21,4,0,professional,mobile,0,10,0,2,184,1,2,1,2,213,1000,9,180.2,89.12,1,112.1,55.38,high,OPEN_SUPPORT
TX_006858,STORE_03,mall,CHK_011,14,6,1,new,mobile,1,8,2,0,123,0,1,1,1,179,994,4,102.8,0.38,0,64.2,28.87,low,OK
TX_006859,STORE_07,hyper,CHK_038,8,3,0,professional,gift_card,0,9,1,0,111,0,2,2,3,194,1063,3,109.0,1.59,0,63.9,28.7,low,OK
TX_006860,STORE_03,mall,CHK_032,9,3,0,regular,card,1,3,0,0,33,0,0,0,1,205,994,0,37.3,0.0,0,20.45,4.65,low,OK
TX_006861,STORE_05,retail_park,CHK_002,8,1,0,regular,card,0,12,2,0,140,0,0,0,2,161,993,5,131.0,1.24,0,80.7,38.0,medium,WATCH
TX_006862,STORE_04,mall,CHK_019,14,4,0,regular,card,0,12,2,0,148,0,0,0,1,187,987,5,132.4,5.77,0,81.4,38.39,medium,WATCH
TX_006863,STORE_07,hyper,CHK_018,8,0,0,regular,card,0,13,0,0,118,0,0,0,3,200,1063,1,115.9,5.16,0,65.75,29.73,low,OK
TX_006864,STORE_08,hyper,CHK_033,8,6,1,new,gift_card,0,6,2,0,81,0,1,2,3,192,982,5,87.4,9.21,0,55.300000000000004,23.94,low,OK
TX_006865,STORE_06,retail_park,CHK_035,18,5,1,regular,card,1,9,3,0,114,0,0,0,2,218,1000,6,112.7,0.84,0,73.75,34.15,low,OK
TX_006866,STORE_05,retail_park,CHK_003,11,6,1,new,card,1,10,2,0,118,0,1,0,2,195,993,4,118.6,3.24,0,73.3,33.91,low,OK
TX_006867,STORE_05,retail_park,CHK_024,15,4,0,regular,card,1,5,0,0,56,0,0,0,2,217,993,0,53.9,0.0,0,29.95,9.91,low,OK
TX_006868,STORE_06,retail_park,CHK_023,15,1,0,new,gift_card,1,9,1,1,152,0,1,2,2,188,1000,6,152.9,27.94,0,93.85000000000001,45.28,medium,WATCH
TX_006869,STORE_03,mall,CHK_029,12,6,1,regular,card,1,6,2,0,78,0,0,0,1,211,994,4,77.6,0.25,0,50.4,21.23,low,OK
TX_006870,STORE_07,hyper,CHK_004,21,0,0,regular,card,0,13,1,0,110,0,0,0,3,219,1063,3,111.1,4.31,0,67.35,30.61,low,OK
TX_006871,STORE_03,mall,CHK_005,19,3,0,regular,card,1,7,0,0,77,0,0,0,1,205,994,0,80.7,0.01,0,44.550000000000004,17.99,low,OK
TX_006872,STORE_01,city,CHK_013,8,1,0,regular,card,1,6,0,0,54,0,0,0,0,192,987,0,55.0,0.0,0,31.1,10.55,low,OK
TX_006873,STORE_04,mall,CHK_026,12,6,1,regular,card,1,4,2,0,58,0,0,0,1,183,987,4,63.8,0.32,0,42.3,16.75,low,OK
TX_006874,STORE_07,hyper,CHK_034,17,3,0,regular,card,0,8,2,0,102,0,0,0,3,189,1063,5,99.2,0.75,0,62.4,27.87,low,OK
TX_006875,STORE_07,hyper,CHK_027,13,4,0,new,card,1,6,0,0,85,0,1,0,3,200,1063,0,78.3,0.43,0,42.75,16.99,low,OK
TX_006876,STORE_02,city,CHK_004,21,2,0,regular,card,1,6,0,0,64,0,0,0,0,219,994,0,62.2,0.01,0,34.7,12.54,low,OK
TX_006877,STORE_07,hyper,CHK_025,9,5,1,professional,mobile,0,13,0,0,130,0,2,1,3,213,1063,1,123.9,8.49,0,69.75,31.94,low,OK
TX_006878,STORE_03,mall,CHK_006,12,2,0,regular,card,1,10,1,0,114,0,0,0,1,223,994,2,108.0,0.11,0,64.0,28.76,low,OK
TX_006879,STORE_05,retail_park,CHK_010,13,3,0,regular,card,1,11,0,0,123,0,0,0,2,204,993,0,105.0,0.26,0,59.1,26.04,low,OK
TX_006880,STORE_08,hyper,CHK_009,14,1,0,regular,mobile,1,2,0,0,34,0,0,1,3,211,982,0,33.8,0.09,0,18.099999999999998,3.35,low,OK
TX_006881,STORE_02,city,CHK_040,18,0,0,regular,card,0,4,0,0,66,0,0,0,0,193,994,1,56.7,0.51,0,30.75,10.35,low,OK
TX_006882,STORE_04,mall,CHK_026,18,5,1,regular,card,0,4,2,0,77,0,0,0,1,183,987,5,72.1,0.29,0,46.449999999999996,19.04,low,OK
TX_006883,STORE_04,mall,CHK_028,12,0,0,regular,card,1,1,0,0,27,0,0,0,1,218,987,0,26.5,0.01,0,13.85,1.0,low,OK
TX_006884,STORE_06,retail_park,CHK_025,17,5,1,professional,card,1,10,0,2,171,1,2,0,2,213,1000,8,175.4,91.44,1,109.7,54.05,medium,OPEN_SUPPORT
TX_006885,STORE_05,retail_park,CHK_010,8,0,0,regular,card,0,10,0,1,136,0,0,0,2,204,993,5,135.5,37.36,0,81.75,38.58,medium,WATCH
TX_006886,STORE_04,mall,CHK_035,20,4,0,professional,card,0,12,0,0,152,0,2,0,1,218,987,1,157.9,16.6,0,86.15,41.02,medium,WATCH
TX_006887,STORE_04,mall,CHK_019,10,1,0,professional,card,1,12,1,0,122,0,2,0,1,187,987,2,123.9,0.34,0,73.15,33.82,low,OK
TX_006888,STORE_05,retail_park,CHK_016,8,5,1,new,card,1,11,0,0,104,0,1,0,2,195,993,0,118.1,0.74,0,65.64999999999999,29.67,low,OK
TX_006889,STORE_01,city,CHK_003,15,2,0,professional,gift_card,0,1,1,0,36,0,2,2,0,195,987,3,37.2,0.43,0,23.200000000000003,6.17,low,OK
TX_006890,STORE_01,city,CHK_033,11,0,0,regular,card,1,7,0,0,75,0,0,0,0,192,987,0,65.2,0.0,0,36.800000000000004,13.7,low,OK
TX_006891,STORE_02,city,CHK_009,11,6,1,professional,mobile,1,3,0,0,42,0,2,1,0,211,994,0,44.2,0.0,0,23.900000000000002,6.56,low,OK
TX_006892,STORE_07,hyper,CHK_021,14,0,0,new,card,1,7,0,0,99,0,1,0,3,203,1063,0,89.4,0.0,0,48.900000000000006,20.4,low,OK
TX_006893,STORE_07,hyper,CHK_017,16,4,0,new,card,1,11,0,0,94,0,1,0,3,202,1063,0,109.2,0.77,0,61.2,27.21,low,OK
TX_006894,STORE_02,city,CHK_034,10,5,1,regular,mobile,1,12,0,1,122,0,0,1,0,189,994,4,135.8,31.67,0,83.10000000000001,39.33,medium,WATCH
TX_006895,STORE_08,hyper,CHK_006,15,2,0,regular,card,1,9,1,0,85,0,0,0,3,223,982,2,85.7,0.34,0,52.25,22.25,low,OK
TX_006896,STORE_05,retail_park,CHK_018,12,3,0,regular,card,1,20,0,0,208,0,0,0,2,200,993,0,190.0,0.22,0,107.0,52.56,medium,WATCH
TX_006897,STORE_03,mall,CHK_025,8,3,0,regular,gift_card,1,7,1,0,75,0,0,2,1,213,994,2,75.6,0.0,0,46.0,18.79,low,OK
TX_006898,STORE_03,mall,CHK_015,19,6,1,new,card,1,5,1,0,89,0,1,0,1,207,994,2,86.4,0.2,0,50.2,21.12,low,OK
TX_006899,STORE_06,retail_park,CHK_028,12,1,0,professional,card,0,11,0,0,146,0,2,0,2,218,1000,1,137.1,6.43,0,75.14999999999999,34.93,low,OK
TX_006900,STORE_03,mall,CHK_027,18,4,0,regular,mobile,1,7,1,0,83,0,0,1,1,200,994,2,85.3,0.19,0,50.85,21.48,low,OK
TX_006901,STORE_01,city,CHK_036,14,0,0,new,card,1,8,0,0,93,0,1,0,0,205,987,0,96.3,0.32,0,52.949999999999996,22.64,low,OK
TX_006902,STORE_07,hyper,CHK_001,18,4,0,regular,card,0,14,1,0,143,0,0,0,3,209,1063,3,152.8,4.87,0,88.80000000000001,42.49,medium,WATCH
TX_006903,STORE_02,city,CHK_005,21,6,1,regular,mobile,1,6,2,0,73,0,0,1,0,205,994,4,72.5,0.28,0,47.85,19.82,low,OK
TX_006904,STORE_05,retail_park,CHK_033,15,2,0,new,mobile,0,15,0,1,199,1,1,1,2,192,993,5,203.7,98.04,1,118.85,59.12,high,OPEN_SUPPORT
TX_006905,STORE_04,mall,CHK_024,20,6,1,new,card,0,10,3,0,183,1,1,0,1,217,987,7,159.0,64.48,1,97.5,47.3,medium,MONITOR_QUEUE
TX_006906,STORE_05,retail_park,CHK_013,10,4,0,new,card,0,11,1,0,152,0,1,0,2,192,993,3,138.5,22.28,0,79.85,37.53,medium,WATCH
TX_006907,STORE_08,hyper,CHK_005,18,2,0,new,mobile,0,4,1,0,69,0,1,1,3,205,982,3,68.7,4.75,0,40.75,15.89,low,OK
TX_006908,STORE_06,retail_park,CHK_009,15,2,0,new,card,1,9,0,0,108,0,1,0,2,211,1000,0,105.0,0.24,0,57.9,25.38,low,OK
TX_006909,STORE_04,mall,CHK_020,13,5,1,new,card,0,9,0,0,131,0,1,0,1,175,987,1,121.9,2.77,0,66.35000000000001,30.06,low,OK
TX_006910,STORE_03,mall,CHK_027,8,1,0,regular,mobile,1,5,2,0,65,0,0,1,1,200,994,4,64.2,0.0,0,43.1,17.19,low,OK
TX_006911,STORE_06,retail_park,CHK_010,18,4,0,regular,mobile,0,11,1,0,114,0,0,1,2,204,1000,3,121.7,2.22,0,71.44999999999999,32.88,low,OK
TX_006912,STORE_02,city,CHK_001,8,5,1,regular,card,0,19,0,0,186,0,0,0,0,209,994,1,178.9,1.17,0,100.85000000000001,49.16,medium,WATCH
TX_006913,STORE_07,hyper,CHK_031,18,6,1,new,card,1,9,0,0,107,0,1,0,3,194,1063,0,108.0,0.25,0,59.4,26.21,low,OK
TX_006914,STORE_07,hyper,CHK_019,19,4,0,regular,card,1,10,0,1,123,0,0,0,3,187,1063,4,158.4,63.56,1,93.2,44.92,medium,MONITOR_QUEUE
TX_006915,STORE_05,retail_park,CHK_037,19,2,0,professional,gift_card,1,7,0,0,106,0,2,2,2,194,993,0,101.7,0.0,0,55.050000000000004,23.8,low,OK
TX_006916,STORE_02,city,CHK_018,13,1,0,new,card,0,4,0,0,73,0,1,0,0,200,994,1,69.8,6.11,0,37.3,13.98,low,OK
TX_006917,STORE_04,mall,CHK_006,18,2,0,regular,card,1,5,1,0,78,0,0,0,1,223,987,2,74.6,0.01,0,44.3,17.85,low,OK
TX_006918,STORE_07,hyper,CHK_004,18,3,0,regular,card,0,14,2,0,170,0,0,0,3,219,1063,5,162.5,6.07,0,97.65,47.38,medium,WATCH
TX_006919,STORE_05,retail_park,CHK_017,14,3,0,new,card,0,10,0,0,143,0,1,0,2,202,993,1,126.4,9.39,0,69.2,31.64,low,OK
TX_006920,STORE_04,mall,CHK_035,10,0,0,new,card,0,16,1,0,182,1,1,0,1,218,987,3,177.6,62.38,1,102.39999999999999,50.01,medium,MONITOR_QUEUE
TX_006921,STORE_02,city,CHK_021,10,2,0,regular,card,1,9,2,1,131,0,0,0,0,203,994,8,131.8,27.59,0,87.30000000000001,41.66,medium,WATCH
TX_006922,STORE_06,retail_park,CHK_006,8,6,1,new,mobile,1,8,1,0,75,0,1,1,2,223,1000,2,83.5,0.25,0,50.55,21.31,low,OK
TX_006923,STORE_03,mall,CHK_030,11,4,0,regular,card,0,12,1,0,126,0,0,0,1,197,994,3,119.5,2.56,0,70.95,32.6,low,OK
TX_006924,STORE_03,mall,CHK_030,12,3,0,regular,card,0,11,1,0,114,0,0,0,1,197,994,3,120.6,1.23,0,70.89999999999999,32.58,low,OK
TX_006925,STORE_06,retail_park,CHK_029,16,5,1,new,card,1,12,1,0,125,0,1,0,2,211,1000,2,132.2,2.46,0,77.3,36.12,medium,WATCH
TX_006926,STORE_08,hyper,CHK_022,14,0,0,regular,gift_card,1,13,0,0,150,0,0,2,3,223,982,0,121.8,0.8,0,68.7,31.36,low,OK
TX_006927,STORE_05,retail_park,CHK_021,11,3,0,regular,card,0,7,2,0,89,0,0,0,2,203,993,5,81.0,0.49,0,52.7,22.5,low,OK
TX_006928,STORE_05,retail_park,CHK_025,9,3,0,professional,card,1,15,0,0,122,0,2,0,2,213,993,0,128.5,1.45,0,73.25,33.88,low,OK
TX_006929,STORE_05,retail_park,CHK_027,16,3,0,regular,card,0,10,0,0,94,0,0,0,2,200,993,1,90.4,1.26,0,51.2,21.67,low,OK
TX_006930,STORE_07,hyper,CHK_037,20,4,0,regular,card,0,14,0,0,160,0,0,0,3,194,1063,1,155.6,5.21,0,86.2,41.05,medium,WATCH
TX_006931,STORE_05,retail_park,CHK_001,16,2,0,regular,mobile,0,6,0,0,61,0,0,1,2,209,993,1,62.6,0.34,0,34.9,12.65,low,OK
TX_006932,STORE_04,mall,CHK_005,21,3,0,new,card,1,6,2,0,74,0,1,0,1,205,987,4,85.4,0.7,0,54.300000000000004,23.39,low,OK
TX_006933,STORE_07,hyper,CHK_023,17,3,0,regular,card,0,11,0,2,224,1,0,0,3,188,1063,9,213.6,91.92,1,129.4,64.96,high,OPEN_SUPPORT
TX_006934,STORE_02,city,CHK_029,17,5,1,professional,card,1,15,2,0,128,0,2,0,0,211,994,4,139.8,4.59,0,86.9,41.43,medium,WATCH
TX_006935,STORE_03,mall,CHK_035,8,3,0,new,card,0,9,0,0,110,0,1,0,1,218,994,1,105.3,3.47,0,58.05,25.46,low,OK
TX_006936,STORE_01,city,CHK_037,10,1,0,new,card,1,18,1,1,246,1,1,0,0,194,987,6,237.1,91.07,1,141.35000000000002,71.57,high,OPEN_SUPPORT
TX_006937,STORE_07,hyper,CHK_018,21,1,0,regular,card,1,20,0,0,138,0,0,0,3,200,1063,0,154.1,0.27,0,89.05,42.62,medium,WATCH
TX_006938,STORE_06,retail_park,CHK_040,13,6,1,regular,gift_card,1,12,0,0,129,0,0,2,2,193,1000,0,122.2,0.37,0,68.3,31.14,low,OK
TX_006939,STORE_07,hyper,CHK_021,18,2,0,new,gift_card,0,11,1,0,144,0,1,2,3,203,1063,3,146.8,24.83,0,84.0,39.83,medium,WATCH
TX_006940,STORE_03,mall,CHK_035,10,6,1,regular,card,0,14,1,0,130,0,0,0,1,218,994,3,132.3,4.0,0,78.55000000000001,36.81,medium,WATCH
TX_006941,STORE_03,mall,CHK_024,21,4,0,new,card,1,6,0,0,67,0,1,0,1,217,994,0,69.1,0.28,0,38.15,14.45,low,OK
TX_006942,STORE_03,mall,CHK_001,21,3,0,professional,card,1,6,1,0,70,0,2,0,1,209,994,2,73.4,0.28,0,44.300000000000004,17.85,low,OK
TX_006943,STORE_04,mall,CHK_018,18,5,1,regular,card,1,1,1,0,33,0,0,0,1,200,987,2,33.5,0.0,0,21.35,5.15,low,OK
TX_006944,STORE_04,mall,CHK_036,9,5,1,new,card,0,8,0,0,108,0,1,0,1,205,987,1,101.1,2.6,0,55.349999999999994,23.97,low,OK
TX_006945,STORE_03,mall,CHK_004,10,2,0,new,card,1,5,0,0,56,0,1,0,1,219,994,0,61.1,0.09,0,33.55,11.9,low,OK
TX_006946,STORE_06,retail_park,CHK_038,20,4,0,new,card,1,6,2,0,95,0,1,0,2,194,1000,4,95.7,0.0,0,59.45,26.24,low,OK
TX_006947,STORE_03,mall,CHK_014,11,2,0,regular,card,1,13,2,1,183,1,0,0,1,213,994,8,178.0,90.97,1,112.8,55.77,high,OPEN_SUPPORT
TX_006948,STORE_03,mall,CHK_028,9,5,1,regular,card,1,9,0,1,141,0,0,0,1,218,994,4,137.1,14.27,0,81.95,38.69,medium,WATCH
TX_006949,STORE_08,hyper,CHK_012,8,6,1,new,card,0,13,0,0,120,0,1,0,3,201,982,1,127.6,23.39,0,71.6,32.96,low,OK
TX_006950,STORE_04,mall,CHK_028,8,2,0,new,card,0,1,1,0,36,0,1,0,1,218,987,3,37.4,2.54,0,23.3,6.23,low,OK
TX_006951,STORE_02,city,CHK_009,9,3,0,regular,card,0,6,0,0,54,0,0,0,0,211,994,1,61.0,0.0,0,34.1,12.21,low,OK
TX_006952,STORE_06,retail_park,CHK_027,17,4,0,regular,card,1,10,2,0,105,0,0,0,2,200,1000,4,98.5,1.97,0,63.25,28.34,low,OK
TX_006953,STORE_07,hyper,CHK_014,15,2,0,regular,mobile,1,7,1,1,103,0,0,1,3,213,1063,6,114.8,8.31,0,73.60000000000001,34.07,low,OK
TX_006954,STORE_03,mall,CHK_002,10,4,0,regular,gift_card,0,13,1,0,121,0,0,2,1,161,994,3,122.4,2.79,0,73.0,33.74,low,OK
TX_006955,STORE_01,city,CHK_006,12,4,0,regular,gift_card,1,7,0,0,74,0,0,2,0,223,987,0,76.0,0.0,0,42.2,16.69,low,OK
TX_006956,STORE_07,hyper,CHK_040,9,5,1,regular,card,1,10,0,1,116,0,0,0,3,193,1063,4,134.7,38.83,0,81.35,38.36,medium,WATCH
TX_006957,STORE_03,mall,CHK_024,15,1,0,regular,card,0,10,1,0,110,0,0,0,1,217,994,3,100.1,0.64,0,60.05,26.57,low,OK
TX_006958,STORE_03,mall,CHK_008,11,4,0,regular,card,1,9,2,1,128,0,0,0,1,173,994,8,133.6,25.33,0,88.2,42.15,medium,WATCH
TX_006959,STORE_04,mall,CHK_011,15,2,0,regular,card,1,5,1,1,92,0,0,0,1,179,987,6,108.5,7.58,0,69.25,31.66,low,OK
TX_006960,STORE_01,city,CHK_029,20,3,0,new,card,1,9,1,0,138,0,1,0,0,211,987,2,132.6,0.65,0,75.7,35.23,medium,WATCH
TX_006961,STORE_07,hyper,CHK_005,21,3,0,regular,card,1,13,1,1,123,0,0,0,3,205,1063,6,179.0,86.54,1,109.3,53.83,medium,OPEN_SUPPORT
TX_006962,STORE_08,hyper,CHK_004,19,6,1,new,card,1,11,1,0,157,0,1,0,3,219,982,2,146.3,2.48,0,83.75,39.69,medium,WATCH
TX_006963,STORE_04,mall,CHK_029,12,3,0,regular,card,1,11,1,0,132,0,0,0,1,211,987,2,112.6,0.14,0,66.89999999999999,30.36,low,OK
TX_006964,STORE_01,city,CHK_035,11,3,0,regular,card,0,16,0,0,119,0,0,0,0,218,987,1,133.3,3.15,0,76.25,35.54,medium,WATCH
TX_006965,STORE_03,mall,CHK_036,18,6,1,professional,card,1,9,3,0,147,0,2,0,1,205,994,6,141.6,1.9,0,88.2,42.15,medium,WATCH
TX_006966,STORE_08,hyper,CHK_009,19,1,0,new,card,1,4,0,0,73,0,1,0,3,211,982,0,55.5,0.16,0,30.15,10.02,low,OK
TX_006967,STORE_02,city,CHK_034,14,0,0,regular,card,0,5,0,0,57,0,0,0,0,189,994,1,60.4,0.16,0,33.2,11.71,low,OK
TX_006968,STORE_07,hyper,CHK_021,17,2,0,new,card,1,9,1,0,108,0,1,0,3,203,1063,2,106.8,0.22,0,62.8,28.09,low,OK
TX_006969,STORE_06,retail_park,CHK_005,15,4,0,new,mobile,1,12,0,0,137,0,1,1,2,205,1000,0,129.7,1.61,0,72.05,33.21,low,OK
TX_006970,STORE_03,mall,CHK_014,13,3,0,regular,card,0,1,2,0,41,0,0,0,1,213,994,5,40.1,0.22,0,28.650000000000002,9.19,low,OK
TX_006971,STORE_06,retail_park,CHK_020,18,5,1,regular,card,0,3,0,0,48,0,0,0,2,175,1000,1,48.9,0.01,0,26.25,7.86,low,OK
TX_006972,STORE_05,retail_park,CHK_004,9,3,0,new,mobile,0,8,2,0,109,0,1,1,2,219,993,5,104.7,5.53,0,65.15,29.39,low,OK
TX_006973,STORE_03,mall,CHK_012,8,3,0,new,card,0,9,1,0,117,0,1,0,1,201,994,3,110.7,3.5,0,64.75,29.17,low,OK
TX_006974,STORE_02,city,CHK_014,20,3,0,new,card,1,13,0,0,141,0,1,0,0,213,994,0,148.3,3.45,0,81.95,38.69,medium,WATCH
TX_006975,STORE_02,city,CHK_033,18,6,1,regular,gift_card,1,6,1,0,83,0,0,2,0,192,994,2,80.7,0.0,0,47.95,19.87,low,OK
TX_006976,STORE_08,hyper,CHK_007,8,3,0,new,card,0,15,2,0,166,1,1,0,3,217,982,5,171.0,77.81,1,102.5,50.07,medium,OPEN_SUPPORT
TX_006977,STORE_05,retail_park,CHK_028,20,6,1,regular,mobile,1,7,0,0,90,0,0,1,2,218,993,0,83.5,0.0,0,45.95,18.77,low,OK
TX_006978,STORE_02,city,CHK_016,17,4,0,new,card,0,7,0,0,76,0,1,0,0,195,994,1,79.8,6.62,0,44.1,17.74,low,OK
TX_006979,STORE_03,mall,CHK_031,16,2,0,regular,card,0,12,0,0,94,0,0,0,1,194,994,1,102.9,4.03,0,58.650000000000006,25.8,low,OK
TX_006980,STORE_08,hyper,CHK_030,14,6,1,new,mobile,0,9,2,0,130,0,1,1,3,197,982,5,127.2,16.55,0,77.0,35.95,medium,WATCH
TX_006981,STORE_05,retail_park,CHK_032,13,1,0,regular,card,0,12,0,1,177,1,0,0,2,205,993,5,161.1,77.02,1,95.75,46.33,medium,OPEN_SUPPORT
TX_006982,STORE_06,retail_park,CHK_039,19,2,0,regular,card,1,9,0,0,84,0,0,0,2,195,1000,0,104.7,0.19,0,57.75,25.3,low,OK
TX_006983,STORE_02,city,CHK_011,19,4,0,regular,card,0,9,0,0,100,0,0,0,0,179,994,1,103.6,0.6,0,57.199999999999996,24.99,low,OK
TX_006984,STORE_07,hyper,CHK_006,13,4,0,new,card,0,17,2,0,249,1,1,0,3,223,1063,5,231.8,85.91,1,134.1,67.56,high,OPEN_SUPPORT
TX_006985,STORE_07,hyper,CHK_039,15,2,0,new,mobile,0,17,0,1,181,1,1,1,3,195,1063,5,198.2,97.63,1,117.3,58.26,high,OPEN_SUPPORT
TX_006986,STORE_07,hyper,CHK_021,8,0,0,regular,mobile,1,9,2,0,84,0,0,1,3,203,1063,4,90.2,1.08,0,58.5,25.71,low,OK
TX_006987,STORE_01,city,CHK_036,14,5,1,professional,gift_card,1,12,1,0,163,0,2,2,0,205,987,2,147.9,0.25,0,85.15,40.46,medium,WATCH
TX_006988,STORE_07,hyper,CHK_018,10,2,0,regular,card,1,10,1,0,102,0,0,0,3,200,1063,2,93.0,0.1,0,56.5,24.61,low,OK
TX_006989,STORE_03,mall,CHK_024,14,4,0,new,card,1,12,1,1,185,1,1,0,1,217,994,6,182.7,87.49,1,110.55,54.53,medium,OPEN_SUPPORT
TX_006990,STORE_05,retail_park,CHK_012,10,1,0,new,card,0,14,1,0,156,0,1,0,2,201,993,3,167.9,69.76,1,96.35000000000001,46.66,medium,MONITOR_QUEUE
TX_006991,STORE_01,city,CHK_025,21,1,0,professional,mobile,0,2,0,1,68,0,2,1,0,213,987,5,75.5,22.15,0,46.95,19.32,low,OK
TX_006992,STORE_05,retail_park,CHK_001,15,0,0,regular,mobile,1,10,1,0,76,0,0,1,2,209,993,2,82.3,0.11,0,51.15,21.64,low,OK
TX_006993,STORE_03,mall,CHK_002,8,5,1,regular,mobile,1,7,0,0,56,0,0,1,1,161,994,0,58.9,0.0,0,33.65,11.96,low,OK
TX_006994,STORE_07,hyper,CHK_003,19,5,1,regular,card,1,15,1,0,174,0,0,0,3,195,1063,2,163.0,0.2,0,94.5,45.64,medium,WATCH
TX_006995,STORE_02,city,CHK_021,13,6,1,regular,card,1,11,0,0,101,0,0,0,0,203,994,0,104.4,0.52,0,58.800000000000004,25.88,low,OK
TX_006996,STORE_02,city,CHK_009,13,2,0,regular,mobile,0,8,2,0,112,0,0,1,0,211,994,5,94.3,0.54,0,59.949999999999996,26.52,low,OK
TX_006997,STORE_02,city,CHK_014,8,3,0,regular,mobile,0,12,1,1,156,0,0,1,0,213,994,7,153.0,33.02,0,95.7,46.31,medium,WATCH
TX_006998,STORE_03,mall,CHK_025,15,2,0,professional,mobile,1,12,1,0,96,0,2,1,1,213,994,2,109.8,0.42,0,66.1,29.92,low,OK
TX_006999,STORE_06,retail_park,CHK_016,16,4,0,regular,card,0,11,0,1,144,0,0,0,2,195,1000,5,141.2,66.66,1,85.19999999999999,40.49,medium,MONITOR_QUEUE
TX_007000,STORE_03,mall,CHK_035,10,2,0,regular,gift_card,1,11,0,0,89,0,0,2,1,218,994,0,99.9,0.23,0,56.550000000000004,24.63,low,OK
TX_007001,STORE_03,mall,CHK_005,8,1,0,regular,card,0,3,1,0,48,0,0,0,1,205,994,3,48.1,0.25,0,29.85,9.85,low,OK
TX_007002,STORE_07,hyper,CHK_030,20,6,1,regular,card,1,13,2,1,192,1,0,0,3,197,1063,8,196.0,86.91,1,121.8,60.75,high,OPEN_SUPPORT
TX_007003,STORE_06,retail_park,CHK_009,12,0,0,regular,card,0,6,1,0,76,0,0,0,2,211,1000,3,76.6,0.15,0,45.9,18.74,low,OK
TX_007004,STORE_02,city,CHK_029,14,2,0,new,card,1,11,1,1,161,1,1,0,0,211,994,6,166.1,86.64,1,101.64999999999999,49.6,medium,OPEN_SUPPORT
TX_007005,STORE_03,mall,CHK_034,13,1,0,regular,card,0,6,0,1,133,0,0,0,1,189,994,5,126.0,13.95,0,74.6,34.62,low,OK
TX_007006,STORE_06,retail_park,CHK_039,15,6,1,regular,card,1,6,0,0,51,0,0,0,2,195,1000,0,59.7,0.0,0,33.45,11.85,low,OK
TX_007007,STORE_01,city,CHK_023,20,2,0,regular,card,0,5,2,0,92,0,0,0,0,188,987,5,84.5,0.41,0,53.25,22.81,low,OK
TX_007008,STORE_01,city,CHK_025,18,4,0,regular,card,0,1,2,0,41,0,0,0,0,213,987,5,40.5,0.16,0,28.85,9.3,low,OK
TX_007009,STORE_02,city,CHK_004,19,1,0,regular,mobile,0,9,0,0,106,0,0,1,0,219,994,1,108.0,0.2,0,59.4,26.21,low,OK
TX_007010,STORE_03,mall,CHK_036,16,6,1,regular,card,1,15,1,1,174,1,0,0,1,205,994,6,179.2,96.28,1,110.6,54.55,medium,OPEN_SUPPORT
TX_007011,STORE_04,mall,CHK_039,15,5,1,regular,card,1,12,1,0,121,0,0,0,1,195,987,2,113.2,0.05,0,67.8,30.86,low,OK
TX_007012,STORE_02,city,CHK_006,17,2,0,regular,card,0,4,3,3,231,1,0,0,0,223,994,19,206.2,92.73,1,141.5,71.66,high,OPEN_SUPPORT
TX_007013,STORE_03,mall,CHK_032,9,2,0,regular,card,0,9,0,0,81,0,0,0,1,205,994,1,89.9,0.03,0,50.35,21.2,low,OK
TX_007014,STORE_04,mall,CHK_011,18,1,0,new,card,1,12,2,0,173,0,1,0,1,179,987,4,164.7,6.48,0,97.55,47.33,medium,WATCH
TX_007015,STORE_03,mall,CHK_015,13,0,0,professional,card,1,1,1,1,86,0,2,0,1,207,994,6,84.3,8.54,0,54.75,23.64,low,OK
TX_007016,STORE_08,hyper,CHK_002,13,5,1,regular,card,1,12,2,0,149,0,0,0,3,161,982,4,136.4,0.94,0,83.4,39.5,medium,WATCH
TX_007017,STORE_04,mall,CHK_039,8,4,0,regular,card,1,8,0,0,81,0,0,0,1,195,987,0,74.8,0.0,0,42.199999999999996,16.69,low,OK
TX_007018,STORE_06,retail_park,CHK_013,9,6,1,regular,card,0,8,0,1,134,0,0,0,2,192,1000,5,116.5,20.47,0,71.05,32.66,low,OK
TX_007019,STORE_06,retail_park,CHK_001,19,6,1,new,card,1,12,0,2,266,1,1,0,2,209,1000,8,204.3,91.31,1,125.35000000000001,62.72,high,OPEN_SUPPORT
TX_007020,STORE_07,hyper,CHK_034,12,4,0,new,card,1,12,1,0,150,0,1,0,3,189,1063,2,145.3,3.14,0,83.85000000000001,39.75,medium,WATCH
TX_007021,STORE_06,retail_park,CHK_011,21,4,0,regular,card,0,7,1,1,107,0,0,0,2,179,1000,7,120.2,23.97,0,76.3,35.57,medium,WATCH
TX_007022,STORE_05,retail_park,CHK_029,17,5,1,regular,card,1,7,1,0,79,0,0,0,2,211,993,2,73.9,0.0,0,45.150000000000006,18.32,low,OK
TX_007023,STORE_03,mall,CHK_015,15,0,0,regular,card,1,13,1,0,132,0,0,0,1,207,994,2,120.9,0.35,0,72.25,33.32,low,OK
TX_007024,STORE_04,mall,CHK_033,12,4,0,regular,card,1,10,0,0,115,0,0,0,1,192,987,0,105.6,0.11,0,58.8,25.88,low,OK
TX_007025,STORE_05,retail_park,CHK_005,13,5,1,regular,card,0,12,1,0,139,0,0,0,2,205,993,3,130.0,2.49,0,76.2,35.51,medium,WATCH
TX_007026,STORE_02,city,CHK_028,9,6,1,regular,card,1,12,0,0,96,0,0,0,0,218,994,0,104.3,0.0,0,59.349999999999994,26.18,low,OK
TX_007027,STORE_07,hyper,CHK_026,13,5,1,professional,card,1,9,0,0,106,0,2,0,3,183,1063,0,105.1,0.0,0,57.949999999999996,25.41,low,OK
TX_007028,STORE_05,retail_park,CHK_003,16,3,0,regular,gift_card,1,12,3,0,124,0,0,2,2,195,993,6,125.5,3.42,0,81.95,38.69,medium,WATCH
TX_007029,STORE_05,retail_park,CHK_010,13,6,1,professional,mobile,1,9,0,1,132,0,2,1,2,204,993,4,136.4,18.34,0,81.60000000000001,38.5,medium,WATCH
TX_007030,STORE_07,hyper,CHK_013,16,4,0,regular,card,1,11,0,0,94,0,0,0,3,192,1063,0,97.3,0.27,0,55.25,23.91,low,OK
TX_007031,STORE_07,hyper,CHK_011,18,4,0,professional,card,0,3,2,1,116,0,2,0,3,179,1063,9,104.5,43.84,0,70.05,32.11,low,OK
TX_007032,STORE_05,retail_park,CHK_033,14,5,1,new,card,1,11,0,2,166,1,1,0,2,192,993,8,177.5,95.55,1,111.35,54.97,medium,OPEN_SUPPORT
TX_007033,STORE_05,retail_park,CHK_031,14,2,0,professional,card,1,8,1,1,165,1,2,0,2,194,993,6,134.6,16.43,0,84.1,39.88,medium,WATCH
TX_007034,STORE_06,retail_park,CHK_021,19,3,0,regular,card,0,6,1,0,96,0,0,0,2,203,1000,3,86.6,0.27,0,50.9,21.51,low,OK
TX_007035,STORE_06,retail_park,CHK_010,12,6,1,new,card,1,6,0,0,83,0,1,0,2,204,1000,0,77.5,0.15,0,42.35,16.77,low,OK
TX_007036,STORE_04,mall,CHK_024,13,1,0,regular,mobile,1,1,0,0,27,0,0,1,1,217,987,0,26.3,0.01,0,13.75,0.94,low,OK
TX_007037,STORE_04,mall,CHK_009,18,3,0,regular,gift_card,1,10,0,0,113,0,0,2,1,211,987,0,108.3,0.11,0,60.15,26.63,low,OK
TX_007038,STORE_05,retail_park,CHK_022,11,3,0,professional,card,0,3,0,0,48,0,2,0,2,223,993,1,47.8,1.83,0,25.7,7.56,low,OK
TX_007039,STORE_04,mall,CHK_002,18,3,0,regular,mobile,0,12,1,0,123,0,0,1,1,161,987,3,141.1,1.89,0,81.75,38.58,medium,WATCH
TX_007040,STORE_01,city,CHK_010,13,2,0,new,card,1,3,0,1,105,0,1,0,0,204,987,4,95.3,8.36,0,57.449999999999996,25.13,low,OK
TX_007041,STORE_01,city,CHK_023,20,5,1,regular,card,1,9,0,0,83,0,0,0,0,188,987,0,98.4,0.0,0,54.6,23.55,low,OK
TX_007042,STORE_06,retail_park,CHK_008,13,2,0,regular,card,0,2,1,0,43,0,0,0,2,173,1000,3,43.3,0.02,0,26.849999999999998,8.19,low,OK
TX_007043,STORE_06,retail_park,CHK_020,8,5,1,new,card,1,3,0,0,44,0,1,0,2,175,1000,0,47.4,0.0,0,25.5,7.45,low,OK
TX_007044,STORE_02,city,CHK_040,13,6,1,regular,card,0,8,1,0,81,0,0,0,0,193,994,3,91.9,0.35,0,54.75,23.64,low,OK
TX_007045,STORE_01,city,CHK_011,21,3,0,new,card,0,15,2,0,169,1,1,0,0,179,987,5,172.9,84.93,1,103.45,50.6,medium,OPEN_SUPPORT
TX_007046,STORE_03,mall,CHK_030,15,5,1,regular,card,1,5,2,1,103,0,0,0,1,197,994,8,106.9,17.52,0,72.45,33.43,low,OK
TX_007047,STORE_01,city,CHK_009,15,2,0,new,card,1,5,1,0,62,0,1,0,0,211,987,2,70.6,0.22,0,42.3,16.75,low,OK
TX_007048,STORE_05,retail_park,CHK_016,20,3,0,regular,card,0,9,2,0,126,0,0,0,2,195,993,5,121.9,1.9,0,74.35000000000001,34.49,low,OK
TX_007049,STORE_02,city,CHK_003,12,2,0,regular,card,1,2,1,0,38,0,0,0,0,195,994,2,38.5,0.01,0,24.45,6.86,low,OK
TX_007050,STORE_07,hyper,CHK_035,11,3,0,regular,mobile,1,15,1,0,140,0,0,1,3,218,1063,2,127.6,0.31,0,76.8,35.84,medium,WATCH
TX_007051,STORE_01,city,CHK_002,17,1,0,regular,gift_card,0,1,0,1,73,0,0,2,0,161,987,5,70.5,9.56,0,43.85,17.6,low,OK
TX_007052,STORE_07,hyper,CHK_036,9,1,0,regular,gift_card,1,16,0,1,214,1,0,2,3,205,1063,4,181.1,81.69,1,108.14999999999999,53.2,medium,OPEN_SUPPORT
TX_007053,STORE_02,city,CHK_019,13,6,1,regular,mobile,0,16,1,0,147,0,0,1,0,187,994,3,149.3,2.9,0,88.25,42.18,medium,WATCH
TX_007054,STORE_06,retail_park,CHK_024,14,0,0,regular,card,0,8,0,0,80,0,0,0,2,217,1000,1,87.5,0.08,0,48.55,20.2,low,OK
TX_007055,STORE_07,hyper,CHK_016,17,1,0,regular,card,0,11,0,0,105,0,0,0,3,195,1063,1,103.4,1.46,0,58.300000000000004,25.6,low,OK
TX_007056,STORE_07,hyper,CHK_023,16,5,1,regular,card,0,16,2,0,152,0,0,0,3,188,1063,5,149.0,10.05,0,92.1,44.31,medium,WATCH
TX_007057,STORE_08,hyper,CHK_004,21,4,0,regular,card,1,11,0,0,79,0,0,0,3,219,982,0,88.0,0.05,0,50.6,21.34,low,OK
TX_007058,STORE_05,retail_park,CHK_016,15,6,1,professional,card,1,7,2,0,90,0,2,0,2,195,993,4,94.4,1.21,0,59.400000000000006,26.21,low,OK
TX_007059,STORE_05,retail_park,CHK_005,16,6,1,regular,card,0,8,1,0,79,0,0,0,2,205,993,3,81.5,0.28,0,49.55,20.76,low,OK
TX_007060,STORE_03,mall,CHK_039,12,0,0,regular,card,1,8,1,0,95,0,0,0,1,195,994,2,88.8,0.01,0,53.199999999999996,22.78,low,OK
TX_007061,STORE_02,city,CHK_028,14,6,1,regular,card,1,13,1,0,124,0,0,0,0,218,994,2,126.7,0.16,0,75.14999999999999,34.93,low,OK
TX_007062,STORE_02,city,CHK_002,19,6,1,regular,card,0,13,4,0,175,1,0,0,0,161,994,9,171.7,77.57,1,109.64999999999999,54.03,medium,OPEN_SUPPORT
TX_007063,STORE_08,hyper,CHK_032,16,5,1,regular,card,0,14,2,1,150,0,0,0,3,205,982,9,165.2,79.05,1,107.0,52.56,medium,OPEN_SUPPORT
TX_007064,STORE_01,city,CHK_010,13,4,0,regular,card,1,5,1,0,73,0,0,0,0,204,987,2,65.5,0.0,0,39.75,15.33,low,OK
TX_007065,STORE_02,city,CHK_030,16,1,0,professional,mobile,0,19,1,0,167,0,2,1,0,197,994,3,203.1,22.76,0,116.95,58.07,high,MONITOR_QUEUE
TX_007066,STORE_07,hyper,CHK_007,10,6,1,new,card,1,10,0,0,87,0,1,0,3,217,1063,0,100.3,0.08,0,56.15,24.41,low,OK
TX_007067,STORE_07,hyper,CHK_010,21,6,1,regular,mobile,0,7,1,0,63,0,0,1,3,204,1063,3,69.5,0.0,0,42.95,17.1,low,OK
TX_007068,STORE_04,mall,CHK_024,16,3,0,regular,card,1,11,1,0,94,0,0,0,1,217,987,2,95.0,0.14,0,58.1,25.49,low,OK
TX_007069,STORE_03,mall,CHK_006,20,1,0,professional,card,1,1,0,0,31,0,2,0,1,223,994,0,33.7,0.23,0,17.450000000000003,2.99,low,OK
TX_007070,STORE_05,retail_park,CHK_022,20,5,1,regular,card,1,12,3,1,175,1,0,0,2,223,993,10,183.5,91.3,1,118.95,59.18,high,OPEN_SUPPORT
TX_007071,STORE_08,hyper,CHK_022,20,4,0,regular,mobile,1,13,3,0,133,0,0,1,3,223,982,6,143.8,13.07,0,91.7,44.09,medium,WATCH
TX_007072,STORE_01,city,CHK_027,13,0,0,new,card,1,6,1,2,212,1,1,0,0,200,987,10,193.4,82.14,1,120.3,59.92,high,OPEN_SUPPORT
TX_007073,STORE_08,hyper,CHK_001,21,6,1,regular,card,1,10,1,0,100,0,0,0,3,209,982,2,98.2,0.12,0,59.1,26.04,low,OK
TX_007074,STORE_03,mall,CHK_036,8,6,1,professional,card,0,13,0,0,115,0,2,0,1,205,994,1,122.9,8.01,0,69.25,31.66,low,OK
TX_007075,STORE_01,city,CHK_030,20,2,0,regular,card,0,13,0,0,123,0,0,0,0,197,987,1,136.9,4.24,0,76.25,35.54,medium,WATCH
TX_007076,STORE_06,retail_park,CHK_018,19,0,0,regular,card,0,10,0,0,133,0,0,0,2,200,1000,1,121.9,0.93,0,66.95,30.39,low,OK
TX_007077,STORE_04,mall,CHK_014,21,0,0,regular,card,0,3,0,0,42,0,0,0,1,213,987,1,42.1,0.16,0,22.85,5.98,low,OK
TX_007078,STORE_03,mall,CHK_034,16,0,0,regular,card,1,12,0,0,86,0,0,0,1,189,994,0,97.7,0.26,0,56.05,24.36,low,OK
TX_007079,STORE_01,city,CHK_035,9,0,0,professional,card,1,5,0,0,57,0,2,0,0,218,987,0,58.7,0.06,0,32.35,11.24,low,OK
TX_007080,STORE_08,hyper,CHK_019,9,2,0,regular,card,1,7,0,0,75,0,0,0,3,187,982,0,67.8,0.1,0,38.1,14.42,low,OK
TX_007081,STORE_05,retail_park,CHK_008,11,0,0,regular,card,1,6,0,0,61,0,0,0,2,173,993,0,63.1,0.0,0,35.15,12.79,low,OK
TX_007082,STORE_05,retail_park,CHK_024,8,1,0,new,card,1,11,1,0,118,0,1,0,2,217,993,2,117.9,0.6,0,69.55,31.83,low,OK
TX_007083,STORE_05,retail_park,CHK_033,15,0,0,regular,mobile,0,1,1,1,59,0,0,1,2,192,993,7,70.8,12.97,0,48.0,19.9,low,OK
TX_007084,STORE_02,city,CHK_039,14,6,1,regular,card,0,8,0,1,132,0,0,0,0,195,994,5,130.2,18.55,0,77.89999999999999,36.45,medium,WATCH
TX_007085,STORE_01,city,CHK_015,17,1,0,regular,card,0,9,0,1,138,0,0,0,0,207,987,5,137.8,28.02,0,82.30000000000001,38.89,medium,WATCH
TX_007086,STORE_03,mall,CHK_034,18,1,0,professional,card,1,8,1,0,90,0,2,0,1,189,994,2,96.3,0.05,0,56.949999999999996,24.85,low,OK
TX_007087,STORE_02,city,CHK_026,11,0,0,regular,card,0,1,0,0,26,0,0,0,0,183,994,1,26.3,0.0,0,13.75,0.94,low,OK
TX_007088,STORE_05,retail_park,CHK_001,20,0,0,new,card,1,8,0,0,100,0,1,0,2,209,993,0,101.9,0.21,0,55.75,24.19,low,OK
TX_007089,STORE_06,retail_park,CHK_001,9,4,0,regular,card,1,6,2,0,70,0,0,0,2,209,1000,4,73.6,0.0,0,48.4,20.12,low,OK
TX_007090,STORE_08,hyper,CHK_028,20,2,0,regular,card,0,14,1,0,133,0,0,0,3,218,982,3,147.8,3.57,0,86.30000000000001,41.1,medium,WATCH
TX_007091,STORE_02,city,CHK_010,20,6,1,new,card,0,11,0,0,157,0,1,0,0,204,994,1,147.9,24.38,0,80.55,37.92,medium,WATCH
TX_007092,STORE_04,mall,CHK_016,19,6,1,new,gift_card,1,9,2,0,127,0,1,2,1,195,987,4,125.3,0.73,0,76.05000000000001,35.43,medium,WATCH
TX_007093,STORE_07,hyper,CHK_003,14,4,0,regular,card,0,2,1,0,46,0,0,0,3,195,1063,3,44.7,0.06,0,27.55,8.58,low,OK
TX_007094,STORE_05,retail_park,CHK_009,14,0,0,regular,card,0,10,2,0,134,0,0,0,2,211,993,5,120.1,3.11,0,74.05,34.32,low,OK
TX_007095,STORE_06,retail_park,CHK_028,16,6,1,new,card,1,12,1,0,141,0,1,0,2,218,1000,2,133.9,2.46,0,78.15,36.59,medium,WATCH
TX_007096,STORE_05,retail_park,CHK_016,8,5,1,regular,mobile,0,5,1,0,66,0,0,1,2,195,993,3,62.4,0.0,0,38.2,14.48,low,OK
TX_007097,STORE_02,city,CHK_030,10,1,0,regular,card,1,1,1,2,92,0,0,0,0,197,994,10,102.2,18.2,0,71.69999999999999,33.02,low,OK
TX_007098,STORE_03,mall,CHK_022,10,3,0,regular,card,0,11,1,0,129,0,0,0,1,223,994,3,114.2,1.38,0,67.7,30.81,low,OK
TX_007099,STORE_06,retail_park,CHK_036,9,4,0,new,mobile,0,9,0,0,86,0,1,1,2,205,1000,1,94.4,3.32,0,52.6,22.45,low,OK
TX_007100,STORE_01,city,CHK_009,20,6,1,regular,mobile,0,5,3,1,135,1,0,1,0,211,987,11,130.8,87.11,1,88.4,42.26,medium,OPEN_SUPPORT
TX_007101,STORE_04,mall,CHK_032,13,5,1,regular,card,0,8,0,0,107,0,0,0,1,205,987,1,86.0,0.02,0,47.8,19.79,low,OK
TX_007102,STORE_07,hyper,CHK_036,21,6,1,regular,mobile,1,12,1,0,92,0,0,1,3,205,1063,2,98.1,0.0,0,60.25,26.68,low,OK
TX_007103,STORE_02,city,CHK_006,15,5,1,new,gift_card,0,8,0,0,103,0,1,2,0,223,994,1,102.1,1.37,0,55.849999999999994,24.25,low,OK
TX_007104,STORE_04,mall,CHK_029,19,3,0,regular,card,1,18,0,0,160,0,0,0,1,211,987,0,163.8,0.35,0,92.7,44.64,medium,WATCH
TX_007105,STORE_08,hyper,CHK_005,14,3,0,new,card,0,16,1,0,203,1,1,0,3,205,982,3,186.1,81.4,1,106.64999999999999,52.37,medium,OPEN_SUPPORT
TX_007106,STORE_08,hyper,CHK_039,12,5,1,regular,card,1,11,0,1,129,0,0,0,3,195,982,4,136.0,52.13,1,82.6,39.05,medium,MONITOR_QUEUE
TX_007107,STORE_01,city,CHK_022,8,2,0,regular,card,0,7,0,0,67,0,0,0,0,223,987,1,69.2,0.02,0,38.800000000000004,14.81,low,OK
TX_007108,STORE_07,hyper,CHK_027,17,1,0,regular,card,1,7,0,0,77,0,0,0,3,200,1063,0,68.8,0.01,0,38.6,14.7,low,OK
TX_007109,STORE_04,mall,CHK_027,16,6,1,professional,card,1,13,1,0,117,0,2,0,1,200,987,2,128.9,1.4,0,76.25,35.54,medium,WATCH
TX_007110,STORE_01,city,CHK_020,12,4,0,regular,mobile,1,10,0,0,107,0,0,1,0,175,987,0,103.4,0.0,0,57.7,25.27,low,OK
TX_007111,STORE_06,retail_park,CHK_028,20,3,0,regular,card,1,6,0,0,62,0,0,0,2,218,1000,0,67.9,0.13,0,37.550000000000004,14.12,low,OK
TX_007112,STORE_07,hyper,CHK_026,18,5,1,new,card,0,8,0,0,124,0,1,0,3,183,1063,1,102.7,5.8,0,56.15,24.41,low,OK
TX_007113,STORE_06,retail_park,CHK_004,10,1,0,regular,card,1,10,0,1,135,0,0,0,2,219,1000,4,140.4,43.52,0,84.2,39.94,medium,WATCH
TX_007114,STORE_01,city,CHK_006,11,0,0,new,mobile,0,8,0,0,101,0,1,1,0,223,987,1,96.6,1.45,0,53.099999999999994,22.72,low,OK
TX_007115,STORE_07,hyper,CHK_031,19,1,0,regular,gift_card,0,13,0,0,170,0,0,2,3,194,1063,1,152.5,6.56,0,84.05,39.86,medium,WATCH
TX_007116,STORE_07,hyper,CHK_036,11,6,1,regular,mobile,1,20,1,0,154,0,0,1,3,205,1063,2,164.2,0.4,0,98.1,47.63,medium,WATCH
TX_007117,STORE_08,hyper,CHK_032,12,0,0,regular,card,0,13,2,0,136,0,0,0,3,205,982,5,129.0,6.53,0,80.3,37.78,medium,WATCH
TX_007118,STORE_07,hyper,CHK_019,18,3,0,regular,card,0,9,1,0,96,0,0,0,3,187,1063,3,108.1,0.61,0,63.449999999999996,28.45,low,OK
TX_007119,STORE_06,retail_park,CHK_036,12,2,0,regular,card,1,12,2,0,108,0,0,0,2,205,1000,4,120.1,2.94,0,75.25,34.98,low,OK
TX_007120,STORE_08,hyper,CHK_021,20,5,1,regular,card,1,10,1,0,99,0,0,0,3,203,982,2,106.7,0.2,0,63.35,28.4,low,OK
TX_007121,STORE_04,mall,CHK_009,16,6,1,regular,card,1,13,0,0,96,0,0,0,1,211,987,0,105.6,0.0,0,60.599999999999994,26.88,low,OK
TX_007122,STORE_08,hyper,CHK_030,19,4,0,new,card,0,11,1,0,159,0,1,0,3,197,982,3,155.7,29.38,0,88.44999999999999,42.29,medium,WATCH
TX_007123,STORE_03,mall,CHK_003,11,5,1,regular,card,0,5,1,0,55,0,0,0,1,195,994,3,60.6,0.09,0,37.3,13.98,low,OK
TX_007124,STORE_07,hyper,CHK_017,21,1,0,regular,card,0,9,2,1,124,0,0,0,3,202,1063,9,136.1,42.83,0,89.45,42.85,medium,WATCH
TX_007125,STORE_04,mall,CHK_013,8,4,0,regular,card,0,12,0,0,99,0,0,0,1,192,987,1,107.1,0.87,0,60.75,26.96,low,OK
TX_007126,STORE_05,retail_park,CHK_032,21,5,1,regular,mobile,0,10,0,0,104,0,0,1,2,205,993,1,101.4,0.38,0,56.7,24.72,low,OK
TX_007127,STORE_08,hyper,CHK_023,17,0,0,regular,card,0,12,0,0,110,0,0,0,3,188,982,1,105.2,1.91,0,59.8,26.43,low,OK
TX_007128,STORE_06,retail_park,CHK_010,8,3,0,regular,card,1,12,2,0,126,0,0,0,2,204,1000,4,116.3,0.37,0,73.35000000000001,33.93,low,OK
TX_007129,STORE_08,hyper,CHK_001,15,4,0,regular,gift_card,0,7,1,1,132,0,0,2,3,209,982,7,123.3,17.94,0,77.85000000000001,36.42,medium,WATCH
TX_007130,STORE_01,city,CHK_038,8,6,1,regular,card,0,9,0,0,80,0,0,0,0,194,987,1,87.5,0.0,0,49.15,20.54,low,OK
TX_007131,STORE_04,mall,CHK_001,8,0,0,regular,mobile,1,10,0,1,133,0,0,1,1,209,987,4,133.2,38.49,0,80.6,37.95,medium,WATCH
TX_007132,STORE_08,hyper,CHK_039,17,0,0,regular,card,0,19,1,1,215,1,0,0,3,195,982,7,216.6,92.39,1,131.7,66.23,high,OPEN_SUPPORT
TX_007133,STORE_07,hyper,CHK_025,14,0,0,regular,mobile,0,11,1,1,137,0,0,1,3,213,1063,7,165.4,73.36,1,101.3,49.4,medium,OPEN_SUPPORT
TX_007134,STORE_02,city,CHK_033,19,5,1,regular,card,0,8,0,0,84,0,0,0,0,192,994,1,95.1,0.52,0,52.349999999999994,22.31,low,OK
TX_007135,STORE_06,retail_park,CHK_018,20,2,0,regular,card,0,7,0,0,76,0,0,0,2,200,1000,1,88.0,0.27,0,48.2,20.01,low,OK
TX_007136,STORE_05,retail_park,CHK_030,9,5,1,regular,mobile,0,11,1,0,99,0,0,1,2,197,993,3,115.8,0.09,0,68.5,31.25,low,OK
TX_007137,STORE_05,retail_park,CHK_004,12,2,0,regular,card,0,9,1,1,134,0,0,0,2,219,993,7,142.5,37.19,0,88.65,42.4,medium,WATCH
TX_007138,STORE_01,city,CHK_010,9,0,0,regular,card,0,13,0,0,123,0,0,0,0,204,987,1,122.7,2.83,0,69.15,31.61,low,OK
TX_007139,STORE_03,mall,CHK_036,12,2,0,regular,card,1,1,2,0,39,0,0,0,1,205,994,4,38.6,0.07,0,27.900000000000002,8.77,low,OK
TX_007140,STORE_01,city,CHK_005,11,2,0,regular,card,0,7,0,2,113,0,0,0,0,205,987,9,130.6,52.9,1,85.5,40.66,medium,MONITOR_QUEUE
TX_007141,STORE_02,city,CHK_019,18,5,1,regular,mobile,1,12,1,0,139,0,0,1,0,187,994,2,131.6,0.0,0,77.0,35.95,medium,WATCH
TX_007142,STORE_05,retail_park,CHK_008,15,1,0,regular,card,1,10,0,2,208,1,0,0,2,173,993,8,204.9,91.49,1,124.45,62.22,high,OPEN_SUPPORT
TX_007143,STORE_07,hyper,CHK_015,12,6,1,regular,card,0,10,1,1,135,0,0,0,3,207,1063,7,141.7,48.03,0,88.85,42.51,medium,WATCH
TX_007144,STORE_01,city,CHK_031,16,2,0,regular,card,0,15,1,0,141,0,0,0,0,194,987,3,142.5,4.2,0,84.25,39.97,medium,WATCH
TX_007145,STORE_04,mall,CHK_027,17,2,0,regular,card,1,12,2,0,112,0,0,0,1,200,987,4,118.2,2.46,0,74.3,34.46,low,OK
TX_007146,STORE_05,retail_park,CHK_005,13,4,0,regular,gift_card,1,8,2,0,115,0,0,2,2,205,993,4,92.9,0.21,0,59.25,26.13,low,OK
TX_007147,STORE_02,city,CHK_020,17,0,0,regular,card,1,3,0,0,40,0,0,0,0,175,994,0,40.4,0.01,0,22.0,5.51,low,OK
TX_007148,STORE_02,city,CHK_028,10,1,0,regular,card,1,7,1,0,63,0,0,0,0,218,994,2,72.5,0.0,0,44.45,17.94,low,OK
TX_007149,STORE_05,retail_park,CHK_018,15,5,1,new,card,1,16,0,1,155,0,1,0,2,200,993,4,177.5,80.09,1,106.35,52.2,medium,OPEN_SUPPORT
TX_007150,STORE_03,mall,CHK_008,21,4,0,regular,card,0,6,0,2,182,1,0,0,1,173,994,9,172.9,85.09,1,106.05,52.03,medium,OPEN_SUPPORT
TX_007151,STORE_04,mall,CHK_004,15,2,0,regular,card,1,8,0,0,65,0,0,0,1,219,987,0,71.1,0.01,0,40.349999999999994,15.67,low,OK
TX_007152,STORE_06,retail_park,CHK_034,17,5,1,regular,card,1,11,4,0,126,0,0,0,2,189,1000,8,120.9,6.69,0,83.05,39.3,medium,WATCH
TX_007153,STORE_03,mall,CHK_013,21,4,0,regular,card,0,9,0,0,72,0,0,0,1,192,994,1,75.9,0.29,0,43.35,17.33,low,OK
TX_007154,STORE_06,retail_park,CHK_040,19,5,1,new,card,1,13,1,1,254,1,1,0,2,193,1000,6,204.1,93.57,1,121.85,60.78,high,OPEN_SUPPORT
TX_007155,STORE_06,retail_park,CHK_012,16,1,0,regular,card,0,14,0,0,117,0,0,0,2,201,1000,1,123.5,6.06,0,70.15,32.16,low,OK
TX_007156,STORE_03,mall,CHK_018,16,1,0,regular,card,0,12,1,1,132,0,0,0,1,200,994,7,144.1,74.3,1,91.25,43.84,medium,OPEN_SUPPORT
TX_007157,STORE_02,city,CHK_002,21,1,0,regular,card,0,4,0,0,46,0,0,0,0,161,994,1,46.6,0.53,0,25.7,7.56,low,OK
TX_007158,STORE_02,city,CHK_030,15,2,0,professional,gift_card,0,14,1,1,205,1,2,2,0,197,994,7,203.5,95.85,1,122.15,60.95,high,OPEN_SUPPORT
TX_007159,STORE_01,city,CHK_022,15,1,0,regular,card,0,14,0,0,124,0,0,0,0,223,987,1,129.8,3.37,0,73.30000000000001,33.91,low,OK
TX_007160,STORE_04,mall,CHK_006,14,6,1,new,gift_card,1,12,2,0,195,0,1,2,1,223,987,4,149.3,6.4,0,89.85000000000001,43.07,medium,WATCH
TX_007161,STORE_03,mall,CHK_018,10,0,0,regular,card,1,6,1,0,73,0,0,0,1,200,994,2,69.0,0.0,0,42.1,16.63,low,OK
TX_007162,STORE_02,city,CHK_023,16,4,0,new,mobile,1,3,0,0,39,0,1,1,0,188,994,0,44.2,0.0,0,23.900000000000002,6.56,low,OK
TX_007163,STORE_04,mall,CHK_008,15,4,0,regular,card,0,14,0,0,129,0,0,0,1,173,987,1,145.2,2.35,0,81.0,38.17,medium,WATCH
TX_007164,STORE_07,hyper,CHK_008,10,6,1,regular,card,0,21,1,1,239,1,0,0,3,173,1063,7,239.1,88.68,1,144.15,73.12,high,OPEN_SUPPORT
TX_007165,STORE_01,city,CHK_035,10,6,1,regular,card,1,11,0,1,142,0,0,0,0,218,987,4,138.7,41.26,0,83.94999999999999,39.8,medium,WATCH
TX_007166,STORE_01,city,CHK_026,14,4,0,professional,card,1,8,1,1,154,0,2,0,0,183,987,6,132.7,19.86,0,83.14999999999999,39.36,medium,WATCH
TX_007167,STORE_03,mall,CHK_006,17,3,0,regular,card,0,8,2,0,98,0,0,0,1,223,994,5,93.8,0.6,0,59.699999999999996,26.38,low,OK
TX_007168,STORE_06,retail_park,CHK_024,18,3,0,new,card,1,9,0,1,178,1,1,0,2,217,1000,4,166.3,66.61,1,96.55000000000001,46.78,medium,MONITOR_QUEUE
TX_007169,STORE_01,city,CHK_002,15,0,0,new,card,0,11,0,0,108,0,1,0,0,161,987,1,119.8,20.86,0,66.5,30.14,low,OK
TX_007170,STORE_08,hyper,CHK_038,13,1,0,new,card,1,5,0,0,63,0,1,0,3,194,982,0,63.1,0.15,0,34.55,12.46,low,OK
TX_007171,STORE_08,hyper,CHK_010,15,3,0,regular,card,1,12,1,0,114,0,0,0,3,204,982,2,111.3,0.28,0,66.85,30.33,low,OK
TX_007172,STORE_05,retail_park,CHK_033,8,2,0,regular,card,1,19,0,0,148,0,0,0,2,192,993,0,161.1,0.0,0,91.95,44.23,medium,WATCH
TX_007173,STORE_02,city,CHK_018,18,1,0,regular,mobile,1,2,1,0,38,0,0,1,0,200,994,2,39.0,0.01,0,24.7,7.0,low,OK
TX_007174,STORE_04,mall,CHK_024,10,1,0,regular,card,1,10,1,1,137,0,0,0,1,217,987,6,140.3,50.79,1,88.15,42.13,medium,MONITOR_QUEUE
TX_007175,STORE_01,city,CHK_015,17,5,1,regular,card,1,1,1,0,28,0,0,0,0,207,987,2,33.4,0.0,0,21.3,5.12,low,OK
TX_007176,STORE_05,retail_park,CHK_035,8,4,0,professional,card,1,4,0,1,101,0,2,0,2,218,993,4,98.7,4.59,0,59.75,26.4,low,OK
TX_007177,STORE_02,city,CHK_030,13,4,0,regular,card,0,6,1,0,88,0,0,0,0,197,994,3,76.3,0.42,0,45.75,18.65,low,OK
TX_007178,STORE_07,hyper,CHK_006,21,0,0,regular,card,0,17,0,0,147,0,0,0,3,223,1063,1,158.9,2.49,0,89.65,42.96,medium,WATCH
TX_007179,STORE_07,hyper,CHK_021,9,6,1,regular,gift_card,1,14,0,1,189,1,0,2,3,203,1063,4,181.1,90.3,1,106.95,52.53,medium,OPEN_SUPPORT
TX_007180,STORE_02,city,CHK_014,14,0,0,regular,mobile,0,8,1,1,138,0,0,1,0,213,994,7,132.4,15.73,0,83.0,39.27,medium,WATCH
TX_007181,STORE_06,retail_park,CHK_009,13,0,0,professional,card,0,10,0,0,108,0,2,0,2,211,1000,1,110.6,2.06,0,61.3,27.26,low,OK
TX_007182,STORE_06,retail_park,CHK_030,13,6,1,new,card,1,11,0,0,149,0,1,0,2,197,1000,0,132.8,0.64,0,73.0,33.74,low,OK
TX_007183,STORE_03,mall,CHK_016,8,6,1,regular,card,1,6,0,0,60,0,0,0,1,195,994,0,55.5,0.0,0,31.35,10.68,low,OK
TX_007184,STORE_08,hyper,CHK_038,15,4,0,new,gift_card,1,17,0,0,189,0,1,2,3,194,982,0,183.9,1.61,0,102.15,49.88,medium,WATCH
TX_007185,STORE_03,mall,CHK_017,8,1,0,regular,card,0,4,2,0,58,0,0,0,1,202,994,5,59.5,0.11,0,40.15,15.55,low,OK
TX_007186,STORE_08,hyper,CHK_036,8,5,1,professional,card,1,6,0,0,54,0,2,0,3,205,982,0,61.9,0.09,0,34.55,12.46,low,OK
TX_007187,STORE_06,retail_park,CHK_030,21,1,0,professional,gift_card,1,14,0,0,148,0,2,2,2,197,1000,0,145.2,0.41,0,81.0,38.17,medium,WATCH
TX_007188,STORE_07,hyper,CHK_007,13,3,0,professional,card,1,3,1,0,53,0,2,0,3,217,1063,2,52.4,0.18,0,32.0,11.04,low,OK
TX_007189,STORE_07,hyper,CHK_003,17,2,0,new,card,0,7,0,0,76,0,1,0,3,195,1063,1,81.0,5.62,0,44.7,18.07,low,OK
TX_007190,STORE_07,hyper,CHK_008,19,1,0,new,card,1,6,0,0,102,0,1,0,3,173,1063,0,95.5,0.05,0,51.35,21.75,low,OK
TX_007191,STORE_07,hyper,CHK_036,18,0,0,regular,card,1,10,2,0,117,0,0,0,3,205,1063,4,121.4,0.99,0,74.7,34.68,low,OK
TX_007192,STORE_08,hyper,CHK_026,9,2,0,new,card,1,13,1,0,144,0,1,0,3,183,982,2,137.1,2.7,0,80.35,37.81,medium,WATCH
TX_007193,STORE_07,hyper,CHK_008,14,3,0,regular,card,0,7,1,0,82,0,0,0,3,173,1063,3,81.6,0.18,0,49.0,20.45,low,OK
TX_007194,STORE_05,retail_park,CHK_040,12,4,0,regular,card,1,17,1,0,153,0,0,0,2,193,993,2,155.5,0.22,0,91.95,44.23,medium,WATCH
TX_007195,STORE_08,hyper,CHK_023,20,2,0,regular,card,0,10,1,0,135,0,0,0,3,188,982,3,126.9,0.3,0,73.45,33.99,low,OK
TX_007196,STORE_02,city,CHK_022,13,2,0,regular,card,0,9,0,0,94,0,0,0,0,223,994,1,101.3,0.09,0,56.05,24.36,low,OK
TX_007197,STORE_02,city,CHK_007,17,1,0,regular,card,1,14,1,0,144,0,0,0,0,217,994,2,128.3,0.37,0,76.55000000000001,35.7,medium,WATCH
TX_007198,STORE_08,hyper,CHK_009,18,6,1,new,gift_card,0,8,2,0,161,1,1,2,3,211,982,5,145.6,64.18,1,85.6,40.71,medium,MONITOR_QUEUE
TX_007199,STORE_01,city,CHK_002,18,1,0,new,card,0,9,0,0,122,0,1,0,0,161,987,1,123.9,2.67,0,67.35000000000001,30.61,low,OK
TX_007200,STORE_02,city,CHK_037,20,0,0,regular,card,0,6,2,0,83,0,0,0,0,194,994,5,81.8,0.67,0,52.5,22.39,low,OK
TX_007201,STORE_07,hyper,CHK_027,14,3,0,regular,mobile,0,15,1,0,163,0,0,1,3,200,1063,3,157.4,5.21,0,91.7,44.09,medium,WATCH
TX_007202,STORE_07,hyper,CHK_003,13,0,0,regular,card,0,9,0,1,174,1,0,0,3,195,1063,5,157.4,61.56,1,92.10000000000001,44.31,medium,MONITOR_QUEUE
TX_007203,STORE_02,city,CHK_035,16,6,1,regular,gift_card,1,11,0,0,101,0,0,2,0,218,994,0,99.5,0.52,0,56.35,24.52,low,OK
TX_007204,STORE_07,hyper,CHK_028,11,6,1,new,card,1,9,0,0,80,0,1,0,3,218,1063,0,86.6,0.31,0,48.699999999999996,20.29,low,OK
TX_007205,STORE_03,mall,CHK_036,19,0,0,regular,card,1,10,0,0,128,0,0,0,1,205,994,0,115.6,0.11,0,63.8,28.65,low,OK
TX_007206,STORE_01,city,CHK_039,15,4,0,regular,mobile,1,1,1,0,31,0,0,1,0,195,987,2,31.3,0.0,0,20.25,4.54,low,OK
TX_007207,STORE_06,retail_park,CHK_019,10,2,0,regular,card,1,10,0,0,78,0,0,0,2,187,1000,0,85.7,0.1,0,48.85,20.37,low,OK
TX_007208,STORE_05,retail_park,CHK_015,18,3,0,regular,card,1,6,2,0,93,0,0,0,2,207,993,4,82.5,0.07,0,52.85,22.59,low,OK
TX_007209,STORE_07,hyper,CHK_009,12,4,0,new,card,0,14,1,0,171,1,1,0,3,211,1063,3,171.8,88.37,1,98.30000000000001,47.74,medium,OPEN_SUPPORT
TX_007210,STORE_01,city,CHK_006,18,6,1,regular,mobile,0,7,0,0,89,0,0,1,0,223,987,1,84.2,0.0,0,46.300000000000004,18.96,low,OK
TX_007211,STORE_01,city,CHK_036,9,4,0,regular,card,1,14,2,1,171,1,0,0,0,205,987,8,175.1,90.93,1,111.95,55.3,high,OPEN_SUPPORT
TX_007212,STORE_06,retail_park,CHK_001,16,2,0,regular,mobile,0,12,2,0,118,0,0,1,2,209,1000,5,117.0,6.7,0,73.7,34.13,low,OK
TX_007213,STORE_08,hyper,CHK_012,16,6,1,professional,card,1,11,0,0,114,0,2,0,3,201,982,0,115.1,0.57,0,64.14999999999999,28.84,low,OK
TX_007214,STORE_04,mall,CHK_036,12,3,0,new,card,0,10,0,0,142,0,1,0,1,205,987,1,123.2,6.66,0,67.6,30.75,low,OK
TX_007215,STORE_06,retail_park,CHK_018,19,6,1,new,mobile,1,12,1,0,153,0,1,1,2,200,1000,2,148.9,3.1,0,85.65,40.74,medium,WATCH
TX_007216,STORE_08,hyper,CHK_010,21,6,1,regular,card,0,10,0,0,91,0,0,0,3,204,982,1,95.4,0.45,0,53.7,23.06,low,OK
TX_007217,STORE_02,city,CHK_002,9,3,0,regular,card,1,9,1,0,79,0,0,0,0,161,994,2,82.2,0.06,0,50.5,21.28,low,OK
TX_007218,STORE_07,hyper,CHK_016,16,5,1,regular,card,0,15,0,0,125,0,0,0,3,195,1063,1,132.0,4.8,0,75.0,34.85,low,OK
TX_007219,STORE_05,retail_park,CHK_003,14,6,1,new,card,1,14,0,0,171,0,1,0,2,195,993,0,156.1,3.11,0,86.45,41.18,medium,WATCH
TX_007220,STORE_04,mall,CHK_039,14,2,0,regular,card,1,5,0,0,64,0,0,0,1,195,987,0,57.6,0.01,0,31.8,10.93,low,OK
TX_007221,STORE_05,retail_park,CHK_014,10,1,0,new,card,1,15,1,0,148,0,1,0,2,213,993,2,161.4,6.74,0,93.7,45.2,medium,WATCH
TX_007222,STORE_04,mall,CHK_007,9,0,0,new,mobile,1,6,2,0,90,0,1,1,1,217,987,4,91.2,0.19,0,57.2,24.99,low,OK
TX_007223,STORE_07,hyper,CHK_016,12,0,0,new,gift_card,0,4,0,0,73,0,1,2,3,195,1063,1,68.0,4.55,0,36.4,13.48,low,OK
TX_007224,STORE_06,retail_park,CHK_040,16,0,0,professional,card,1,5,1,1,113,0,2,0,2,193,1000,6,115.2,8.85,0,72.6,33.52,low,OK
TX_007225,STORE_04,mall,CHK_038,17,0,0,new,card,0,10,0,0,101,0,1,0,1,194,987,1,111.2,7.68,0,61.6,27.43,low,OK
TX_007226,STORE_05,retail_park,CHK_035,19,3,0,regular,mobile,1,9,0,0,108,0,0,1,2,218,993,0,99.6,0.01,0,55.199999999999996,23.89,low,OK
TX_007227,STORE_05,retail_park,CHK_035,13,4,0,regular,card,0,11,2,1,160,1,0,0,2,218,993,9,166.4,77.39,1,105.8,51.9,medium,OPEN_SUPPORT
TX_007228,STORE_07,hyper,CHK_031,16,2,0,new,card,1,11,0,0,106,0,1,0,3,194,1063,0,110.8,0.73,0,62.0,27.65,low,OK
TX_007229,STORE_05,retail_park,CHK_005,20,3,0,regular,card,1,9,0,1,162,1,0,0,2,205,993,4,156.0,59.71,1,91.4,43.92,medium,MONITOR_QUEUE
TX_007230,STORE_07,hyper,CHK_016,12,5,1,new,card,0,11,0,0,148,0,1,0,3,195,1063,1,143.7,14.77,0,78.44999999999999,36.76,medium,WATCH
TX_007231,STORE_05,retail_park,CHK_006,8,6,1,regular,mobile,1,19,1,0,179,0,0,1,2,223,993,2,172.6,0.4,0,101.7,49.63,medium,WATCH
TX_007232,STORE_02,city,CHK_023,9,2,0,new,card,1,11,2,0,143,0,1,0,0,188,994,4,133.7,3.08,0,81.44999999999999,38.42,medium,WATCH
TX_007233,STORE_06,retail_park,CHK_023,12,5,1,regular,card,0,7,1,0,76,0,0,0,2,188,1000,3,81.9,0.0,0,49.150000000000006,20.54,low,OK
TX_007234,STORE_04,mall,CHK_019,17,3,0,regular,card,0,9,0,0,103,0,0,0,1,187,987,1,91.8,0.17,0,51.3,21.73,low,OK
TX_007235,STORE_01,city,CHK_040,18,0,0,regular,mobile,1,10,2,0,108,0,0,1,0,193,987,4,114.9,1.02,0,71.45,32.88,low,OK
TX_007236,STORE_02,city,CHK_010,15,3,0,professional,card,1,6,1,0,68,0,2,0,0,204,994,2,71.4,0.22,0,43.300000000000004,17.3,low,OK
TX_007237,STORE_05,retail_park,CHK_027,8,4,0,new,card,0,9,1,0,122,0,1,0,2,200,993,3,112.1,4.33,0,65.45,29.56,low,OK
TX_007238,STORE_05,retail_park,CHK_036,18,0,0,regular,mobile,1,4,1,0,52,0,0,1,2,205,993,2,57.2,0.01,0,35.0,12.7,low,OK
TX_007239,STORE_02,city,CHK_015,12,2,0,professional,card,0,11,1,0,155,0,2,0,0,207,994,3,144.2,11.42,0,82.69999999999999,39.11,medium,WATCH
TX_007240,STORE_04,mall,CHK_024,21,1,0,regular,card,0,6,1,0,71,0,0,0,1,217,987,3,71.0,0.05,0,43.1,17.19,low,OK
TX_007241,STORE_05,retail_park,CHK_016,13,1,0,regular,card,1,10,0,0,100,0,0,0,2,195,993,0,102.3,0.35,0,57.15,24.97,low,OK
TX_007242,STORE_03,mall,CHK_039,10,3,0,regular,card,0,10,0,0,85,0,0,0,1,195,994,1,94.8,0.05,0,53.4,22.89,low,OK
TX_007243,STORE_08,hyper,CHK_005,9,1,0,regular,card,0,14,2,0,133,0,0,0,3,205,982,5,129.2,3.68,0,81.0,38.17,medium,WATCH
TX_007244,STORE_07,hyper,CHK_014,14,3,0,new,mobile,1,15,0,0,171,0,1,1,3,213,1063,0,159.3,2.59,0,88.65,42.4,medium,WATCH
TX_007245,STORE_03,mall,CHK_012,17,2,0,new,card,0,5,0,1,127,1,1,0,1,201,994,5,107.1,88.62,1,64.55,29.06,low,OPEN_SUPPORT
TX_007246,STORE_08,hyper,CHK_007,14,1,0,regular,mobile,0,13,1,0,135,0,0,1,3,217,982,3,139.4,2.78,0,81.5,38.44,medium,WATCH
TX_007247,STORE_02,city,CHK_027,12,5,1,new,card,1,1,0,0,33,0,1,0,0,200,994,0,31.8,0.15,0,16.5,2.46,low,OK
TX_007248,STORE_07,hyper,CHK_001,18,0,0,new,card,1,14,2,0,202,0,1,0,3,209,1063,4,192.8,6.62,0,112.80000000000001,55.77,high,MONITOR_QUEUE
TX_007249,STORE_03,mall,CHK_021,18,0,0,regular,card,0,10,1,0,134,0,0,0,1,203,994,3,124.7,0.89,0,72.35,33.38,low,OK
TX_007250,STORE_07,hyper,CHK_031,11,3,0,regular,card,0,15,0,0,138,0,0,0,3,194,1063,1,130.4,5.98,0,74.2,34.4,low,OK
TX_007251,STORE_08,hyper,CHK_021,13,3,0,regular,card,1,14,0,0,114,0,0,0,3,203,982,0,124.3,0.22,0,70.55,32.38,low,OK
TX_007252,STORE_01,city,CHK_039,20,3,0,regular,card,1,9,0,1,124,0,0,0,0,195,987,4,145.0,28.46,0,85.9,40.88,medium,WATCH
TX_007253,STORE_07,hyper,CHK_019,13,3,0,regular,mobile,0,9,1,0,86,0,0,1,3,187,1063,3,97.0,0.19,0,57.9,25.38,low,OK
TX_007254,STORE_05,retail_park,CHK_003,8,1,0,regular,card,1,18,0,0,166,0,0,0,2,195,993,0,159.5,0.0,0,90.55,43.45,medium,WATCH
TX_007255,STORE_08,hyper,CHK_026,17,3,0,regular,card,0,12,4,0,143,0,0,0,3,183,982,9,131.5,39.29,0,88.95,42.57,medium,WATCH
TX_007256,STORE_02,city,CHK_038,14,0,0,regular,card,1,18,0,1,195,1,0,0,0,194,994,4,200.0,88.28,1,118.8,59.09,high,OPEN_SUPPORT
TX_007257,STORE_01,city,CHK_011,21,1,0,new,card,1,10,0,0,113,0,1,0,0,179,987,0,113.7,0.89,0,62.85,28.12,low,OK
TX_007258,STORE_03,mall,CHK_032,8,1,0,regular,card,1,8,1,1,124,0,0,0,1,205,994,6,122.6,6.51,0,78.1,36.56,medium,WATCH
TX_007259,STORE_07,hyper,CHK_039,17,1,0,regular,mobile,1,13,0,1,113,0,0,1,3,195,1063,4,135.6,62.81,1,83.6,39.61,medium,MONITOR_QUEUE
TX_007260,STORE_07,hyper,CHK_005,8,3,0,regular,card,1,6,0,0,58,0,0,0,3,205,1063,0,52.3,0.4,0,29.75,9.8,low,OK
TX_007261,STORE_05,retail_park,CHK_026,16,6,1,new,card,1,7,2,0,100,0,1,0,2,183,993,4,102.0,0.87,0,63.2,28.31,low,OK
TX_007262,STORE_06,retail_park,CHK_032,19,4,0,regular,card,1,9,0,0,108,0,0,0,2,205,1000,0,104.4,0.2,0,57.6,25.21,low,OK
TX_007263,STORE_04,mall,CHK_032,20,4,0,regular,mobile,1,13,1,1,172,1,0,1,1,205,987,6,175.5,88.65,1,107.55,52.86,medium,OPEN_SUPPORT
TX_007264,STORE_03,mall,CHK_038,18,6,1,regular,mobile,0,4,1,0,60,0,0,1,1,194,994,3,60.5,0.1,0,36.65,13.62,low,OK
TX_007265,STORE_07,hyper,CHK_015,17,2,0,regular,gift_card,0,6,0,1,112,0,0,2,3,207,1063,5,115.7,10.88,0,69.44999999999999,31.77,low,OK
TX_007266,STORE_02,city,CHK_019,20,0,0,new,card,1,6,0,0,89,0,1,0,0,187,994,0,89.8,0.05,0,48.5,20.18,low,OK
TX_007267,STORE_01,city,CHK_021,20,2,0,new,card,1,9,1,0,143,0,1,0,0,203,987,2,134.5,0.65,0,76.65,35.76,medium,WATCH
TX_007268,STORE_07,hyper,CHK_028,20,6,1,new,mobile,1,5,1,0,79,0,1,1,3,218,1063,2,82.4,0.34,0,48.2,20.01,low,OK
TX_007269,STORE_03,mall,CHK_015,15,6,1,new,gift_card,1,18,0,0,217,0,1,2,1,207,994,0,217.1,2.01,0,119.35,59.4,high,MONITOR_QUEUE
TX_007270,STORE_01,city,CHK_026,9,4,0,new,card,1,4,0,0,53,0,1,0,0,183,987,0,53.6,0.0,0,29.2,9.49,low,OK
TX_007271,STORE_02,city,CHK_021,15,2,0,new,card,0,2,0,1,80,1,1,0,0,203,994,5,83.4,91.2,1,50.900000000000006,21.51,low,OPEN_SUPPORT
TX_007272,STORE_04,mall,CHK_016,17,3,0,regular,card,1,8,1,1,118,0,0,0,1,195,987,6,124.5,9.49,0,79.05,37.09,medium,WATCH
TX_007273,STORE_06,retail_park,CHK_026,12,5,1,regular,card,0,9,1,0,96,0,0,0,2,183,1000,3,104.4,0.0,0,61.6,27.43,low,OK
TX_007274,STORE_06,retail_park,CHK_011,14,6,1,new,card,0,8,2,2,187,1,1,0,2,179,1000,13,200.2,89.24,1,128.9,64.68,high,OPEN_SUPPORT
TX_007275,STORE_07,hyper,CHK_009,14,2,0,professional,card,0,13,1,0,137,0,2,0,3,211,1063,3,143.9,27.81,0,83.75,39.69,medium,WATCH
TX_007276,STORE_05,retail_park,CHK_022,14,4,0,new,card,1,5,0,0,65,0,1,0,2,223,993,0,68.4,0.2,0,37.2,13.92,low,OK
TX_007277,STORE_08,hyper,CHK_017,14,6,1,regular,card,0,17,2,1,203,1,0,0,3,202,982,9,208.9,94.51,1,130.65,65.65,high,OPEN_SUPPORT
TX_007278,STORE_05,retail_park,CHK_017,20,6,1,regular,card,1,3,2,0,57,0,0,0,2,202,993,4,57.7,0.25,0,38.65,14.72,low,OK
TX_007279,STORE_04,mall,CHK_005,18,5,1,professional,card,1,13,2,0,140,0,2,0,1,205,987,4,161.7,4.51,0,96.64999999999999,46.83,medium,WATCH
TX_007280,STORE_08,hyper,CHK_036,10,2,0,professional,card,1,10,0,0,97,0,2,0,3,205,982,0,101.8,0.13,0,56.9,24.83,low,OK
TX_007281,STORE_05,retail_park,CHK_001,11,1,0,regular,card,1,10,0,2,213,1,0,0,2,209,993,8,197.2,89.05,1,120.6,60.09,high,OPEN_SUPPORT
TX_007282,STORE_02,city,CHK_013,14,1,0,new,mobile,1,5,2,0,71,0,1,1,0,192,994,4,74.5,0.06,0,48.25,20.04,low,OK
TX_007283,STORE_07,hyper,CHK_021,12,1,0,regular,gift_card,1,16,1,0,145,0,0,2,3,203,1063,2,146.4,0.37,0,86.8,41.38,medium,WATCH
TX_007284,STORE_02,city,CHK_008,9,2,0,regular,card,1,4,1,0,46,0,0,0,0,173,994,2,51.0,0.0,0,31.9,10.99,low,OK
TX_007285,STORE_03,mall,CHK_004,21,6,1,new,mobile,1,4,3,0,61,0,1,1,1,219,994,6,72.5,3.04,0,50.65,21.37,low,OK
TX_007286,STORE_04,mall,CHK_015,21,2,0,regular,mobile,1,4,1,1,92,0,0,1,1,207,987,6,98.8,8.05,0,63.8,28.65,low,OK
TX_007287,STORE_05,retail_park,CHK_032,13,1,0,regular,card,1,12,1,0,125,0,0,0,2,205,993,2,119.6,0.0,0,71.0,32.63,low,OK
TX_007288,STORE_01,city,CHK_004,11,4,0,regular,card,0,17,1,0,139,0,0,0,0,219,987,3,155.8,4.7,0,92.10000000000001,44.31,medium,WATCH
TX_007289,STORE_02,city,CHK_031,13,2,0,regular,card,0,9,2,2,214,1,0,0,0,194,994,13,200.4,87.65,1,129.6,65.07,high,OPEN_SUPPORT
TX_007290,STORE_04,mall,CHK_020,18,0,0,regular,card,1,9,1,0,96,0,0,0,1,175,987,2,103.4,0.01,0,61.1,27.15,low,OK
TX_007291,STORE_06,retail_park,CHK_018,14,3,0,regular,mobile,1,9,0,0,81,0,0,1,2,200,1000,0,86.7,0.39,0,48.75,20.32,low,OK
TX_007292,STORE_04,mall,CHK_007,21,3,0,new,mobile,1,11,0,0,100,0,1,1,1,217,987,0,111.1,1.99,0,62.15,27.73,low,OK
TX_007293,STORE_01,city,CHK_006,20,4,0,regular,card,1,4,2,0,65,0,0,0,0,223,987,4,64.1,0.06,0,42.449999999999996,16.83,low,OK
TX_007294,STORE_06,retail_park,CHK_003,8,6,1,new,card,0,8,0,0,112,0,1,0,2,195,1000,1,104.8,3.45,0,57.199999999999996,24.99,low,OK
TX_007295,STORE_05,retail_park,CHK_008,8,1,0,regular,card,1,8,0,1,130,0,0,0,2,173,993,4,115.1,7.0,0,70.35,32.27,low,OK
TX_007296,STORE_07,hyper,CHK_014,20,0,0,regular,card,0,12,0,0,119,0,0,0,3,213,1063,1,125.6,2.8,0,70.0,32.08,low,OK
TX_007297,STORE_05,retail_park,CHK_020,13,4,0,regular,mobile,0,8,2,0,85,0,0,1,2,175,993,5,88.8,0.59,0,57.199999999999996,24.99,low,OK
TX_007298,STORE_05,retail_park,CHK_037,10,0,0,regular,card,0,10,1,0,95,0,0,0,2,194,993,3,95.6,0.49,0,57.8,25.33,low,OK
TX_007299,STORE_02,city,CHK_016,18,1,0,professional,card,0,10,0,0,125,0,2,0,0,195,994,1,124.6,3.99,0,68.3,31.14,low,OK
TX_007300,STORE_04,mall,CHK_014,21,0,0,regular,card,0,7,0,0,63,0,0,0,1,213,987,1,73.1,0.16,0,40.75,15.89,low,OK
TX_007301,STORE_07,hyper,CHK_037,15,1,0,regular,card,0,6,3,1,119,1,0,0,3,194,1063,11,128.5,83.53,1,87.85,41.96,medium,OPEN_SUPPORT
TX_007302,STORE_05,retail_park,CHK_027,13,3,0,regular,card,1,1,1,0,31,0,0,0,2,200,993,2,31.3,0.19,0,20.25,4.54,low,OK
TX_007303,STORE_06,retail_park,CHK_040,15,1,0,new,card,1,14,1,0,146,0,1,0,2,193,1000,2,155.7,6.31,0,90.25,43.29,medium,WATCH
TX_007304,STORE_01,city,CHK_014,11,1,0,regular,card,0,13,0,0,131,0,0,0,0,213,987,1,125.1,2.94,0,70.35,32.27,low,OK
TX_007305,STORE_01,city,CHK_013,19,2,0,regular,card,0,9,1,0,126,0,0,0,0,192,987,3,117.3,0.11,0,68.05,31.0,low,OK
TX_007306,STORE_01,city,CHK_019,12,2,0,regular,card,1,6,3,0,76,0,0,0,0,187,987,6,78.0,1.5,0,54.6,23.55,low,OK
TX_007307,STORE_08,hyper,CHK_039,9,0,0,regular,card,1,8,0,0,74,0,0,0,3,195,982,0,74.2,0.1,0,41.9,16.52,low,OK
TX_007308,STORE_03,mall,CHK_002,18,4,0,regular,card,1,1,1,0,33,0,0,0,1,161,994,2,33.8,0.4,0,21.5,5.23,low,OK
TX_007309,STORE_04,mall,CHK_027,14,2,0,regular,card,1,6,0,0,62,0,0,0,1,200,987,0,66.6,0.01,0,36.9,13.76,low,OK
TX_007310,STORE_01,city,CHK_009,21,4,0,regular,card,0,14,1,0,147,0,0,0,0,211,987,3,142.9,3.01,0,83.85000000000001,39.75,medium,WATCH
TX_007311,STORE_08,hyper,CHK_020,8,1,0,regular,card,1,19,1,0,180,0,0,0,3,175,982,2,168.4,0.0,0,99.60000000000001,48.46,medium,WATCH
TX_007312,STORE_06,retail_park,CHK_015,16,2,0,regular,mobile,0,10,0,1,112,0,0,1,2,207,1000,5,139.5,54.73,1,83.75,39.69,medium,MONITOR_QUEUE
TX_007313,STORE_08,hyper,CHK_004,21,5,1,new,card,1,10,0,0,102,0,1,0,3,219,982,0,103.1,0.96,0,57.55,25.19,low,OK
TX_007314,STORE_07,hyper,CHK_001,11,3,0,regular,card,0,7,0,0,77,0,0,0,3,209,1063,1,76.5,0.46,0,42.45,16.83,low,OK
TX_007315,STORE_08,hyper,CHK_037,19,2,0,regular,gift_card,0,11,0,0,142,0,0,2,3,194,982,1,127.6,3.19,0,70.39999999999999,32.3,low,OK
TX_007316,STORE_08,hyper,CHK_005,8,5,1,regular,card,0,10,2,1,136,0,0,0,3,205,982,9,139.3,22.91,0,91.65,44.06,medium,WATCH
TX_007317,STORE_05,retail_park,CHK_018,11,0,0,regular,mobile,1,4,0,0,39,0,0,1,2,200,993,0,43.8,0.0,0,24.299999999999997,6.78,low,OK
TX_007318,STORE_01,city,CHK_015,17,2,0,regular,card,1,13,2,0,107,0,0,0,0,207,987,4,114.3,2.27,0,72.95,33.71,low,OK
TX_007319,STORE_05,retail_park,CHK_003,21,1,0,regular,card,1,10,2,0,94,0,0,0,2,195,993,4,99.7,2.0,0,63.85,28.67,low,OK
TX_007320,STORE_03,mall,CHK_037,11,5,1,new,mobile,1,8,2,0,91,0,1,1,1,194,994,4,97.2,0.45,0,61.4,27.32,low,OK
TX_007321,STORE_03,mall,CHK_006,9,6,1,professional,gift_card,1,9,1,0,103,0,2,2,1,223,994,2,103.2,0.26,0,61.0,27.1,low,OK
TX_007322,STORE_03,mall,CHK_001,17,1,0,professional,card,1,7,0,0,62,0,2,0,1,209,994,0,74.1,0.16,0,41.25,16.16,low,OK
TX_007323,STORE_06,retail_park,CHK_029,11,0,0,new,card,1,4,1,0,59,0,1,0,2,211,1000,2,61.4,0.18,0,37.1,13.87,low,OK
TX_007324,STORE_08,hyper,CHK_016,14,2,0,regular,card,1,6,0,0,78,0,0,0,3,195,982,0,67.9,0.1,0,37.550000000000004,14.12,low,OK
TX_007325,STORE_02,city,CHK_016,16,2,0,regular,card,1,12,0,2,181,1,0,0,0,195,994,8,182.0,93.78,1,114.2,56.55,high,OPEN_SUPPORT
TX_007326,STORE_08,hyper,CHK_036,8,5,1,regular,mobile,1,13,0,0,104,0,0,1,3,205,982,0,111.5,0.0,0,63.55,28.51,low,OK
TX_007327,STORE_07,hyper,CHK_038,12,6,1,new,card,0,10,0,0,112,0,1,0,3,194,1063,1,116.6,6.25,0,64.3,28.92,low,OK
TX_007328,STORE_06,retail_park,CHK_020,19,3,0,new,card,1,8,0,0,98,0,1,0,2,175,1000,0,99.7,0.14,0,54.65,23.58,low,OK
TX_007329,STORE_04,mall,CHK_023,20,2,0,regular,card,1,12,0,0,151,0,0,0,1,188,987,0,124.8,0.3,0,69.6,31.86,low,OK
TX_007330,STORE_02,city,CHK_004,15,4,0,professional,mobile,0,7,2,0,82,0,2,1,0,219,994,5,88.8,1.28,0,56.6,24.66,low,OK
TX_007331,STORE_06,retail_park,CHK_011,16,3,0,regular,card,1,11,2,0,116,0,0,0,2,179,1000,4,114.0,1.54,0,71.6,32.96,low,OK
TX_007332,STORE_03,mall,CHK_013,8,2,0,regular,card,1,6,1,0,66,0,0,0,1,192,994,2,68.6,0.0,0,41.9,16.52,low,OK
TX_007333,STORE_01,city,CHK_030,12,6,1,professional,card,0,11,1,0,152,0,2,0,0,197,987,3,147.1,7.41,0,84.14999999999999,39.91,medium,WATCH
TX_007334,STORE_05,retail_park,CHK_028,19,5,1,regular,card,1,11,1,0,118,0,0,0,2,218,993,2,120.3,0.03,0,70.75,32.49,low,OK
TX_007335,STORE_08,hyper,CHK_038,12,6,1,regular,card,0,11,1,0,139,0,0,0,3,194,982,3,128.6,0.89,0,74.89999999999999,34.79,low,OK
TX_007336,STORE_08,hyper,CHK_025,18,4,0,regular,card,1,9,1,0,92,0,0,0,3,213,982,2,102.2,0.39,0,60.5,26.82,low,OK
TX_007337,STORE_06,retail_park,CHK_036,8,1,0,regular,card,0,12,0,0,118,0,0,0,2,205,1000,1,107.9,2.01,0,61.150000000000006,27.18,low,OK
TX_007338,STORE_05,retail_park,CHK_003,21,4,0,new,card,0,14,1,0,165,1,1,0,2,195,993,3,167.6,76.11,1,96.2,46.58,medium,OPEN_SUPPORT
TX_007339,STORE_02,city,CHK_017,16,6,1,regular,card,1,16,0,0,150,0,0,0,0,202,994,0,140.9,0.57,0,80.05,37.64,medium,WATCH
TX_007340,STORE_03,mall,CHK_005,15,6,1,regular,mobile,0,1,2,1,71,0,0,1,1,205,994,9,81.7,15.96,0,57.45,25.13,low,OK
TX_007341,STORE_07,hyper,CHK_034,9,6,1,regular,mobile,1,9,4,0,100,0,0,1,3,189,1063,8,104.5,4.42,0,73.65,34.1,low,OK
TX_007342,STORE_08,hyper,CHK_006,8,2,0,new,card,0,10,2,1,181,1,1,0,3,223,982,9,154.7,61.73,1,99.35,48.33,medium,MONITOR_QUEUE
TX_007343,STORE_03,mall,CHK_026,10,6,1,regular,card,0,4,1,0,54,0,0,0,1,183,994,3,54.5,0.0,0,33.65,11.96,low,OK
TX_007344,STORE_02,city,CHK_015,17,4,0,new,mobile,0,7,0,1,145,1,1,1,0,207,994,5,133.8,91.49,1,79.10000000000001,37.12,medium,OPEN_SUPPORT
TX_007345,STORE_05,retail_park,CHK_011,18,0,0,regular,card,0,5,0,1,116,0,0,0,2,179,993,5,106.8,14.44,0,64.4,28.98,low,OK
TX_007346,STORE_04,mall,CHK_015,10,4,0,regular,card,1,6,2,1,110,0,0,0,1,207,987,8,111.5,14.8,0,75.35,35.04,medium,WATCH
TX_007347,STORE_02,city,CHK_036,12,4,0,regular,card,0,3,1,0,49,0,0,0,0,205,994,3,49.9,0.3,0,30.75,10.35,low,OK
TX_007348,STORE_06,retail_park,CHK_015,12,1,0,professional,mobile,1,9,3,0,122,0,2,1,2,207,1000,6,120.8,2.45,0,77.80000000000001,36.4,medium,WATCH
TX_007349,STORE_06,retail_park,CHK_012,8,1,0,new,card,0,16,1,0,178,1,1,0,2,201,1000,3,171.9,81.51,1,99.55,48.44,medium,OPEN_SUPPORT
TX_007350,STORE_01,city,CHK_001,20,2,0,regular,mobile,0,4,0,1,101,0,0,1,0,209,987,5,100.8,12.44,0,60.8,26.99,low,OK
TX_007351,STORE_07,hyper,CHK_019,11,2,0,new,card,1,4,1,1,83,0,1,0,3,187,1063,6,111.3,23.65,0,70.05000000000001,32.11,low,OK
TX_007352,STORE_06,retail_park,CHK_025,11,4,0,regular,mobile,0,6,1,0,74,0,0,1,2,213,1000,3,72.5,0.22,0,43.85,17.6,low,OK
TX_007353,STORE_04,mall,CHK_033,20,3,0,new,card,1,6,2,1,150,0,1,0,1,192,987,8,144.7,37.59,0,91.94999999999999,44.23,medium,WATCH
TX_007354,STORE_05,retail_park,CHK_039,16,2,0,regular,mobile,0,15,1,0,142,0,0,1,2,195,993,3,141.0,4.12,0,83.5,39.55,medium,WATCH
TX_007355,STORE_08,hyper,CHK_019,10,1,0,new,card,1,15,0,0,124,0,1,0,3,187,982,0,144.6,1.3,0,81.3,38.33,medium,WATCH
TX_007356,STORE_04,mall,CHK_008,8,0,0,regular,mobile,0,4,0,0,43,0,0,1,1,173,987,1,46.1,0.0,0,25.45,7.42,low,OK
TX_007357,STORE_06,retail_park,CHK_009,18,1,0,regular,card,0,7,1,0,88,0,0,0,2,211,1000,3,90.1,0.18,0,53.25,22.81,low,OK
TX_007358,STORE_07,hyper,CHK_031,18,1,0,new,card,1,15,1,0,191,0,1,0,3,194,1063,2,188.3,6.95,0,107.15,52.64,medium,WATCH
TX_007359,STORE_06,retail_park,CHK_028,20,1,0,regular,card,0,5,1,0,85,0,0,0,2,218,1000,3,80.8,0.49,0,47.4,19.57,low,OK
TX_007360,STORE_03,mall,CHK_040,18,0,0,regular,card,0,12,0,0,125,0,0,0,1,193,994,1,131.0,5.03,0,72.7,33.57,low,OK
TX_007361,STORE_06,retail_park,CHK_012,9,0,0,professional,card,0,5,0,0,69,0,2,0,2,201,1000,1,68.0,1.15,0,37.0,13.81,low,OK
TX_007362,STORE_07,hyper,CHK_029,8,3,0,regular,card,1,9,0,0,82,0,0,0,3,211,1063,0,80.5,0.4,0,45.65,18.6,low,OK
TX_007363,STORE_08,hyper,CHK_032,8,0,0,new,card,1,4,1,0,59,0,1,0,3,205,982,2,59.3,0.25,0,36.05,13.29,low,OK
TX_007364,STORE_01,city,CHK_028,16,3,0,regular,card,0,12,0,1,156,0,0,0,0,218,987,5,156.0,62.54,1,93.2,44.92,medium,MONITOR_QUEUE
TX_007365,STORE_01,city,CHK_004,8,5,1,new,card,1,10,0,0,94,0,1,0,0,219,987,0,98.0,0.09,0,55.0,23.78,low,OK
TX_007366,STORE_01,city,CHK_004,13,3,0,new,card,0,10,0,1,172,1,1,0,0,219,987,5,168.9,92.25,1,98.45,47.83,medium,OPEN_SUPPORT
TX_007367,STORE_01,city,CHK_029,8,5,1,regular,card,0,8,1,1,124,0,0,0,0,211,987,7,123.2,13.51,0,78.39999999999999,36.73,medium,WATCH
TX_007368,STORE_07,hyper,CHK_037,17,1,0,regular,mobile,0,20,1,0,201,0,0,1,3,194,1063,3,190.3,2.93,0,111.15,54.86,medium,WATCH
TX_007369,STORE_01,city,CHK_012,12,0,0,regular,card,1,7,0,1,112,0,0,0,0,201,987,4,119.5,7.0,0,71.95,33.16,low,OK
TX_007370,STORE_05,retail_park,CHK_022,12,1,0,regular,card,1,11,1,0,97,0,0,0,2,223,993,2,107.4,0.17,0,64.3,28.92,low,OK
TX_007371,STORE_08,hyper,CHK_034,10,6,1,regular,card,1,9,1,0,93,0,0,0,3,189,982,2,88.0,0.28,0,53.4,22.89,low,OK
TX_007372,STORE_04,mall,CHK_004,11,6,1,new,mobile,1,11,2,1,168,1,1,1,1,219,987,8,168.7,89.64,1,106.94999999999999,52.53,medium,OPEN_SUPPORT
TX_007373,STORE_07,hyper,CHK_012,8,6,1,new,card,0,12,0,0,140,0,1,0,3,201,1063,1,131.9,13.07,0,73.15,33.82,low,OK
TX_007374,STORE_05,retail_park,CHK_007,18,6,1,new,gift_card,1,8,0,2,208,1,1,2,2,217,993,8,171.2,63.36,1,106.39999999999999,52.23,medium,MONITOR_QUEUE
TX_007375,STORE_06,retail_park,CHK_029,9,5,1,regular,mobile,1,8,0,0,58,0,0,1,2,211,1000,0,68.9,0.0,0,39.25,15.06,low,OK
TX_007376,STORE_05,retail_park,CHK_022,18,5,1,regular,card,1,21,1,1,271,1,0,0,2,223,993,6,257.3,92.37,1,153.25,78.16,critical,OPEN_SUPPORT
TX_007377,STORE_04,mall,CHK_003,13,2,0,professional,card,1,7,1,0,97,0,2,0,1,195,987,2,87.3,0.38,0,51.85,22.03,low,OK
TX_007378,STORE_01,city,CHK_034,16,1,0,regular,card,0,3,1,0,45,0,0,0,0,189,987,3,47.7,0.14,0,29.650000000000002,9.74,low,OK
TX_007379,STORE_07,hyper,CHK_010,17,3,0,new,card,1,12,0,0,143,0,1,0,3,204,1063,0,132.0,1.65,0,73.2,33.85,low,OK
TX_007380,STORE_08,hyper,CHK_004,17,5,1,regular,card,1,6,0,0,68,0,0,0,3,219,982,0,63.6,0.11,0,35.4,12.93,low,OK
TX_007381,STORE_06,retail_park,CHK_020,18,3,0,regular,card,0,16,0,0,189,0,0,0,2,175,1000,1,181.0,3.19,0,100.1,48.74,medium,WATCH
TX_007382,STORE_04,mall,CHK_038,21,0,0,regular,mobile,0,11,2,0,103,0,0,1,1,194,987,5,105.2,1.81,0,67.2,30.53,low,OK
TX_007383,STORE_04,mall,CHK_009,20,0,0,regular,card,0,9,0,1,144,0,0,0,1,211,987,5,146.5,32.23,0,86.65,41.3,medium,WATCH
TX_007384,STORE_06,retail_park,CHK_017,19,2,0,regular,card,0,4,2,1,102,0,0,0,2,202,1000,9,101.9,41.27,0,69.35000000000001,31.72,low,OK
TX_007385,STORE_05,retail_park,CHK_015,15,2,0,new,gift_card,0,3,0,0,60,0,1,2,2,207,993,1,58.8,3.0,0,31.2,10.6,low,OK
TX_007386,STORE_05,retail_park,CHK_039,19,4,0,new,mobile,1,7,1,0,110,0,1,1,2,195,993,2,100.2,0.05,0,58.300000000000004,25.6,low,OK
TX_007387,STORE_01,city,CHK_019,14,2,0,regular,card,1,5,1,0,71,0,0,0,0,187,987,2,66.1,0.01,0,40.05,15.5,low,OK
TX_007388,STORE_07,hyper,CHK_001,8,3,0,new,card,1,14,3,0,171,1,1,0,3,209,1063,6,165.8,72.8,1,103.30000000000001,50.51,medium,OPEN_SUPPORT
TX_007389,STORE_01,city,CHK_040,14,3,0,regular,card,1,4,2,0,68,0,0,0,0,193,987,4,63.5,0.11,0,42.15,16.66,low,OK
TX_007390,STORE_01,city,CHK_036,13,5,1,regular,card,1,5,3,0,78,0,0,0,0,205,987,6,73.8,0.6,0,51.9,22.06,low,OK
TX_007391,STORE_06,retail_park,CHK_017,20,3,0,regular,card,0,12,0,0,133,0,0,0,2,202,1000,1,128.5,3.16,0,71.45,32.88,low,OK
TX_007392,STORE_02,city,CHK_037,10,2,0,regular,card,1,1,0,0,23,0,0,0,0,194,994,0,23.5,0.0,0,12.35,0.17,low,OK
TX_007393,STORE_05,retail_park,CHK_016,20,5,1,new,card,1,11,0,0,118,0,1,0,2,195,993,0,123.3,1.14,0,68.25,31.11,low,OK
TX_007394,STORE_04,mall,CHK_019,12,2,0,regular,gift_card,1,10,2,0,117,0,0,2,1,187,987,4,114.6,1.94,0,71.3,32.8,low,OK
TX_007395,STORE_06,retail_park,CHK_034,11,2,0,regular,mobile,0,7,1,0,77,0,0,1,2,189,1000,3,78.9,0.0,0,47.650000000000006,19.71,low,OK
TX_007396,STORE_04,mall,CHK_002,8,1,0,regular,card,1,14,0,0,129,0,0,0,1,161,987,0,127.2,0.0,0,72.0,33.19,low,OK
TX_007397,STORE_04,mall,CHK_003,19,2,0,regular,card,1,9,2,0,104,0,0,0,1,195,987,4,114.1,0.55,0,70.45,32.33,low,OK
TX_007398,STORE_03,mall,CHK_035,20,0,0,regular,card,1,12,2,0,135,0,0,0,1,218,994,4,147.3,3.18,0,88.85000000000001,42.51,medium,WATCH
TX_007399,STORE_06,retail_park,CHK_003,16,6,1,regular,card,0,13,0,0,132,0,0,0,2,195,1000,1,117.5,4.41,0,66.55,30.17,low,OK
TX_007400,STORE_08,hyper,CHK_014,18,1,0,new,card,1,12,3,2,246,1,1,0,3,213,982,14,239.8,95.3,1,155.1,79.19,critical,OPEN_SUPPORT
TX_007401,STORE_01,city,CHK_036,8,4,0,professional,card,1,1,0,1,59,0,2,0,0,205,987,4,64.7,5.08,0,40.95,16.0,low,OK
TX_007402,STORE_08,hyper,CHK_035,21,4,0,new,card,0,11,1,0,127,0,1,0,3,218,982,3,128.2,22.14,0,74.69999999999999,34.68,low,OK
TX_007403,STORE_07,hyper,CHK_028,20,1,0,regular,card,1,6,0,0,69,0,0,0,3,218,1063,0,67.7,0.01,0,37.45,14.06,low,OK
TX_007404,STORE_06,retail_park,CHK_023,15,4,0,regular,mobile,0,9,1,0,78,0,0,1,2,188,1000,3,90.1,0.01,0,54.449999999999996,23.47,low,OK
TX_007405,STORE_02,city,CHK_019,8,4,0,regular,card,1,8,1,0,77,0,0,0,0,187,994,2,82.0,0.06,0,49.8,20.9,low,OK
TX_007406,STORE_02,city,CHK_014,12,0,0,regular,card,1,13,0,0,136,0,0,0,0,213,994,0,126.9,0.31,0,71.25,32.77,low,OK
TX_007407,STORE_02,city,CHK_031,21,1,0,new,mobile,1,6,2,1,118,0,1,1,0,194,994,8,136.5,46.96,0,87.85,41.96,medium,WATCH
TX_007408,STORE_02,city,CHK_020,10,0,0,regular,card,0,2,2,0,45,0,0,0,0,175,994,5,43.8,0.0,0,31.099999999999998,10.55,low,OK
TX_007409,STORE_07,hyper,CHK_024,20,1,0,regular,gift_card,0,3,0,0,53,0,0,2,3,217,1063,1,51.2,0.32,0,27.400000000000002,8.5,low,OK
TX_007410,STORE_02,city,CHK_033,20,0,0,new,mobile,1,3,1,0,54,0,1,1,0,192,994,2,56.1,0.29,0,33.849999999999994,12.07,low,OK
TX_007411,STORE_08,hyper,CHK_029,9,4,0,regular,mobile,0,15,0,2,206,1,0,1,3,211,982,9,202.1,89.51,1,126.05,63.11,high,OPEN_SUPPORT
TX_007412,STORE_03,mall,CHK_016,12,0,0,new,card,0,14,1,0,213,1,1,0,1,195,994,3,186.5,78.61,1,105.65,51.81,medium,OPEN_SUPPORT
TX_007413,STORE_02,city,CHK_010,16,3,0,new,card,1,13,0,0,135,0,1,0,0,204,994,0,133.2,2.16,0,74.39999999999999,34.51,low,OK
TX_007414,STORE_07,hyper,CHK_008,13,6,1,regular,card,1,13,2,0,139,0,0,0,3,173,1063,4,131.6,2.94,0,81.6,38.5,medium,WATCH
TX_007415,STORE_03,mall,CHK_022,20,4,0,regular,card,1,9,1,0,95,0,0,0,1,223,994,2,99.8,0.0,0,59.3,26.16,low,OK
TX_007416,STORE_04,mall,CHK_014,19,0,0,new,mobile,1,1,0,0,31,0,1,1,1,213,987,0,32.3,0.0,0,16.75,2.6,low,OK
TX_007417,STORE_07,hyper,CHK_006,8,2,0,regular,card,0,16,0,1,191,1,0,0,3,223,1063,5,178.3,64.95,1,106.75,52.42,medium,MONITOR_QUEUE
TX_007418,STORE_01,city,CHK_022,17,4,0,regular,card,0,7,3,1,127,1,0,0,0,223,987,11,127.8,82.56,1,88.10000000000001,42.1,medium,OPEN_SUPPORT
TX_007419,STORE_01,city,CHK_038,20,1,0,regular,card,0,9,0,0,96,0,0,0,0,194,987,1,105.6,0.44,0,58.199999999999996,25.55,low,OK
TX_007420,STORE_04,mall,CHK_040,16,1,0,new,card,1,10,1,0,119,0,1,0,1,193,987,2,112.9,0.32,0,66.45,30.11,low,OK
TX_007421,STORE_07,hyper,CHK_003,11,6,1,regular,card,0,14,2,0,155,0,0,0,3,195,1063,5,141.3,10.97,0,87.05000000000001,41.52,medium,WATCH
TX_007422,STORE_06,retail_park,CHK_003,9,6,1,regular,mobile,0,10,0,0,99,0,0,1,2,195,1000,1,95.2,0.05,0,53.6,23.0,low,OK
TX_007423,STORE_04,mall,CHK_029,9,3,0,regular,card,0,13,2,1,165,1,0,0,1,211,987,9,172.1,96.23,1,109.85,54.14,medium,OPEN_SUPPORT
TX_007424,STORE_02,city,CHK_031,16,5,1,new,gift_card,1,1,0,1,69,0,1,2,0,194,994,4,77.6,6.64,0,47.4,19.57,low,OK
TX_007425,STORE_06,retail_park,CHK_037,9,3,0,regular,card,1,9,1,0,93,0,0,0,2,194,1000,2,83.7,0.0,0,51.25,21.7,low,OK
TX_007426,STORE_01,city,CHK_005,10,2,0,regular,card,0,7,0,0,75,0,0,0,0,205,987,1,73.8,0.1,0,41.1,16.08,low,OK
TX_007427,STORE_08,hyper,CHK_024,8,1,0,regular,gift_card,1,12,0,0,125,0,0,2,3,217,982,0,120.3,0.4,0,67.35,30.61,low,OK
TX_007428,STORE_01,city,CHK_017,20,1,0,new,card,1,11,0,0,127,0,1,0,0,202,987,0,127.6,2.5,0,70.39999999999999,32.3,low,OK
TX_007429,STORE_08,hyper,CHK_026,13,6,1,regular,card,1,14,0,0,108,0,0,0,3,183,982,0,137.6,0.0,0,77.2,36.06,medium,WATCH
TX_007430,STORE_07,hyper,CHK_019,13,0,0,new,card,1,6,2,0,84,0,1,0,3,187,1063,4,87.2,0.0,0,55.2,23.89,low,OK
TX_007431,STORE_04,mall,CHK_029,18,3,0,new,mobile,1,3,0,0,47,0,1,1,1,211,987,0,50.7,0.0,0,27.150000000000002,8.36,low,OK
TX_007432,STORE_03,mall,CHK_035,12,6,1,regular,card,0,14,0,2,232,1,0,0,1,218,994,9,205.7,86.11,1,127.25,63.77,high,OPEN_SUPPORT
TX_007433,STORE_02,city,CHK_035,21,4,0,regular,mobile,0,5,1,0,67,0,0,1,0,218,994,3,66.2,0.11,0,40.1,15.53,low,OK
TX_007434,STORE_03,mall,CHK_022,9,4,0,regular,card,1,8,0,0,71,0,0,0,1,223,994,0,73.1,0.0,0,41.349999999999994,16.22,low,OK
TX_007435,STORE_05,retail_park,CHK_004,11,0,0,new,card,1,4,0,1,90,0,1,0,2,219,993,4,95.9,6.66,0,58.35,25.63,low,OK
TX_007436,STORE_02,city,CHK_027,20,6,1,new,mobile,1,9,0,0,100,0,1,1,0,200,994,0,107.6,0.37,0,59.199999999999996,26.1,low,OK
TX_007437,STORE_05,retail_park,CHK_004,21,5,1,new,mobile,0,6,1,0,84,0,1,1,2,219,993,3,82.2,4.22,0,48.7,20.29,low,OK
TX_007438,STORE_03,mall,CHK_025,13,4,0,professional,card,1,14,0,0,125,0,2,0,1,213,994,0,130.9,1.08,0,73.85000000000001,34.21,low,OK
TX_007439,STORE_04,mall,CHK_006,20,4,0,regular,card,1,9,1,0,114,0,0,0,1,223,987,2,99.3,0.25,0,59.05,26.02,low,OK
TX_007440,STORE_08,hyper,CHK_017,12,4,0,new,mobile,0,11,0,0,129,0,1,1,3,202,982,1,134.8,14.39,0,74.0,34.29,low,OK
TX_007441,STORE_06,retail_park,CHK_037,19,0,0,regular,mobile,0,5,0,1,88,0,0,1,2,194,1000,5,98.9,13.03,0,60.45,26.79,low,OK
TX_007442,STORE_02,city,CHK_023,18,3,0,new,card,1,10,0,1,178,1,1,0,0,188,994,4,174.9,82.95,1,101.45,49.49,medium,OPEN_SUPPORT
TX_007443,STORE_03,mall,CHK_028,9,5,1,regular,mobile,0,7,0,1,111,0,0,1,1,218,994,5,116.3,10.34,0,70.35000000000001,32.27,low,OK
TX_007444,STORE_08,hyper,CHK_038,20,3,0,new,card,0,9,0,0,137,0,1,0,3,194,982,1,122.7,7.76,0,66.75,30.28,low,OK
TX_007445,STORE_07,hyper,CHK_035,11,2,0,regular,card,1,16,0,0,151,0,0,0,3,218,1063,0,138.9,0.31,0,79.05,37.09,medium,WATCH
TX_007446,STORE_05,retail_park,CHK_028,20,3,0,new,card,1,9,1,0,133,0,1,0,2,218,993,2,128.6,0.49,0,73.7,34.13,low,OK
TX_007447,STORE_04,mall,CHK_009,19,2,0,regular,card,0,5,1,0,78,0,0,0,1,211,987,3,79.3,0.03,0,46.65,19.15,low,OK
TX_007448,STORE_04,mall,CHK_020,18,2,0,regular,card,1,13,2,0,123,0,0,0,1,175,987,4,143.0,2.11,0,87.3,41.66,medium,WATCH
TX_007449,STORE_01,city,CHK_023,11,2,0,new,card,0,19,2,0,238,1,1,0,0,188,987,5,231.5,83.1,1,135.15,68.14,high,OPEN_SUPPORT
TX_007450,STORE_07,hyper,CHK_039,15,0,0,regular,card,0,15,1,0,161,0,0,0,3,195,1063,3,155.0,5.68,0,90.5,43.43,medium,WATCH
TX_007451,STORE_03,mall,CHK_029,10,5,1,regular,card,0,6,0,1,96,0,0,0,1,211,994,5,114.1,13.19,0,68.64999999999999,31.33,low,OK
TX_007452,STORE_08,hyper,CHK_040,14,1,0,regular,card,0,18,1,0,162,0,0,0,3,193,982,3,163.4,6.6,0,96.5,46.75,medium,WATCH
TX_007453,STORE_04,mall,CHK_037,9,6,1,regular,card,1,4,0,1,76,0,0,0,1,194,987,4,79.2,4.05,0,50.0,21.01,low,OK
TX_007454,STORE_08,hyper,CHK_037,19,5,1,regular,card,1,11,0,0,101,0,0,0,3,194,982,0,112.6,0.2,0,62.9,28.15,low,OK
TX_007455,STORE_04,mall,CHK_038,13,3,0,regular,mobile,1,6,0,1,119,0,0,1,1,194,987,4,117.7,5.85,0,70.44999999999999,32.33,low,OK
TX_007456,STORE_06,retail_park,CHK_005,17,3,0,regular,card,1,6,1,0,66,0,0,0,2,205,1000,2,65.3,0.01,0,40.25,15.61,low,OK
TX_007457,STORE_06,retail_park,CHK_033,15,0,0,regular,gift_card,0,1,1,1,67,0,0,2,2,192,1000,7,71.9,10.49,0,48.550000000000004,20.2,low,OK
TX_007458,STORE_04,mall,CHK_009,14,3,0,new,card,1,12,0,0,152,0,1,0,1,211,987,0,147.2,0.88,0,80.8,38.06,medium,WATCH
TX_007459,STORE_07,hyper,CHK_010,9,2,0,regular,card,0,13,0,0,131,0,0,0,3,204,1063,1,115.1,3.9,0,65.35,29.5,low,OK
TX_007460,STORE_02,city,CHK_026,21,6,1,regular,card,0,8,0,1,117,0,0,0,0,183,994,5,120.2,16.75,0,72.89999999999999,33.68,low,OK
TX_007461,STORE_06,retail_park,CHK_008,14,3,0,new,mobile,0,7,0,1,115,1,1,1,2,173,1000,5,121.8,90.12,1,73.10000000000001,33.79,low,OPEN_SUPPORT
TX_007462,STORE_04,mall,CHK_009,18,4,0,regular,card,0,1,1,0,41,0,0,0,1,211,987,3,38.0,0.08,0,23.6,6.39,low,OK
TX_007463,STORE_01,city,CHK_017,12,4,0,new,card,1,3,3,0,62,0,1,0,0,202,987,6,62.8,1.64,0,45.199999999999996,18.35,low,OK
TX_007464,STORE_07,hyper,CHK_022,16,2,0,regular,mobile,1,13,0,0,83,0,0,1,3,223,1063,0,110.1,0.57,0,62.849999999999994,28.12,low,OK
TX_007465,STORE_05,retail_park,CHK_005,11,5,1,regular,card,1,14,1,0,104,0,0,0,2,205,993,2,115.6,0.33,0,70.2,32.19,low,OK
TX_007466,STORE_08,hyper,CHK_015,21,0,0,new,card,1,12,1,0,113,0,1,0,3,207,982,2,120.2,3.72,0,71.3,32.8,low,OK
TX_007467,STORE_07,hyper,CHK_017,16,2,0,regular,mobile,1,12,0,0,97,0,0,1,3,202,1063,0,101.4,0.44,0,57.900000000000006,25.38,low,OK
TX_007468,STORE_03,mall,CHK_039,21,4,0,regular,card,1,8,0,1,103,0,0,0,1,195,994,4,109.7,8.22,0,67.65,30.78,low,OK
TX_007469,STORE_01,city,CHK_010,17,5,1,regular,card,0,8,0,0,93,0,0,0,0,204,987,1,81.2,0.12,0,45.4,18.46,low,OK
TX_007470,STORE_08,hyper,CHK_023,16,0,0,regular,mobile,1,16,1,0,117,0,0,1,3,188,982,2,137.5,0.21,0,82.35,38.92,medium,WATCH
TX_007471,STORE_03,mall,CHK_006,13,4,0,new,card,0,15,3,0,173,1,1,0,1,223,994,7,175.8,95.35,1,108.9,53.61,medium,OPEN_SUPPORT
TX_007472,STORE_08,hyper,CHK_018,18,1,0,professional,mobile,1,16,1,1,240,1,2,1,3,200,982,6,228.8,95.69,1,136.0,68.61,high,OPEN_SUPPORT
TX_007473,STORE_04,mall,CHK_003,10,5,1,new,card,1,9,1,1,131,0,1,0,1,195,987,6,151.4,43.14,0,93.10000000000001,44.87,medium,WATCH
TX_007474,STORE_08,hyper,CHK_033,9,2,0,regular,card,0,7,2,0,75,0,0,0,3,192,982,5,77.9,0.26,0,51.150000000000006,21.64,low,OK
TX_007475,STORE_05,retail_park,CHK_034,9,6,1,regular,card,1,7,1,0,74,0,0,0,2,189,993,2,77.4,0.0,0,46.900000000000006,19.29,low,OK
TX_007476,STORE_08,hyper,CHK_010,20,5,1,new,card,1,18,1,0,211,0,1,0,3,204,982,2,203.2,7.91,0,116.39999999999999,57.76,high,MONITOR_QUEUE
TX_007477,STORE_04,mall,CHK_005,20,2,0,regular,card,1,12,1,1,188,1,0,0,1,205,987,6,182.9,88.52,1,110.65,54.58,medium,OPEN_SUPPORT
TX_007478,STORE_07,hyper,CHK_039,12,4,0,regular,mobile,1,11,1,0,103,0,0,1,3,195,1063,2,110.7,0.05,0,65.95,29.84,low,OK
TX_007479,STORE_06,retail_park,CHK_006,14,1,0,new,card,1,9,2,1,168,1,1,0,2,223,1000,8,163.6,67.0,1,103.2,50.46,medium,MONITOR_QUEUE
TX_007480,STORE_02,city,CHK_031,15,6,1,professional,mobile,1,2,0,0,31,0,2,1,0,194,994,0,42.1,0.0,0,22.25,5.65,low,OK
TX_007481,STORE_08,hyper,CHK_031,9,0,0,regular,mobile,0,13,0,0,123,0,0,1,3,194,982,1,117.3,2.25,0,66.45,30.11,low,OK
TX_007482,STORE_03,mall,CHK_017,10,0,0,new,card,1,10,0,0,120,0,1,0,1,202,994,0,112.8,0.17,0,62.4,27.87,low,OK
TX_007483,STORE_04,mall,CHK_026,12,3,0,new,card,1,6,2,0,106,0,1,0,1,183,987,4,97.1,0.06,0,60.15,26.63,low,OK
TX_007484,STORE_07,hyper,CHK_002,16,4,0,regular,card,0,8,0,0,85,0,0,0,3,161,1063,1,83.5,0.19,0,46.55,19.1,low,OK
TX_007485,STORE_04,mall,CHK_022,16,5,1,regular,mobile,1,8,1,1,119,0,0,1,1,223,987,6,125.5,8.51,0,79.55,37.37,medium,WATCH
TX_007486,STORE_08,hyper,CHK_006,16,0,0,regular,card,1,5,1,1,101,0,0,0,3,223,982,6,108.6,12.9,0,69.3,31.69,low,OK
TX_007487,STORE_05,retail_park,CHK_024,8,5,1,regular,mobile,0,10,1,0,106,0,0,1,2,217,993,3,97.0,0.33,0,58.5,25.71,low,OK
TX_007488,STORE_05,retail_park,CHK_036,9,4,0,regular,card,0,14,0,2,205,1,0,0,2,205,993,9,204.4,94.19,1,126.60000000000001,63.41,high,OPEN_SUPPORT
TX_007489,STORE_05,retail_park,CHK_024,18,2,0,regular,card,0,1,3,0,53,0,0,0,2,217,993,7,44.3,6.57,0,34.75,12.57,low,OK
TX_007490,STORE_03,mall,CHK_021,18,5,1,regular,card,0,9,0,0,92,0,0,0,1,203,994,1,103.9,0.05,0,57.35,25.08,low,OK
TX_007491,STORE_03,mall,CHK_031,12,3,0,regular,card,1,4,0,1,85,0,0,0,1,194,994,4,85.5,6.92,0,53.15,22.75,low,OK
TX_007492,STORE_05,retail_park,CHK_006,10,0,0,regular,card,1,3,1,0,48,0,0,0,2,223,993,2,48.0,0.0,0,29.8,9.83,low,OK
TX_007493,STORE_06,retail_park,CHK_021,11,2,0,regular,card,1,11,0,1,154,0,0,0,2,203,1000,4,137.1,55.86,1,83.14999999999999,39.36,medium,MONITOR_QUEUE
TX_007494,STORE_07,hyper,CHK_009,20,6,1,professional,card,1,6,1,1,134,0,2,0,3,211,1063,6,127.9,12.36,0,79.55,37.37,medium,WATCH
TX_007495,STORE_04,mall,CHK_013,20,1,0,regular,card,0,3,0,0,55,0,0,0,1,192,987,1,51.5,0.29,0,27.55,8.58,low,OK
TX_007496,STORE_05,retail_park,CHK_036,15,3,0,regular,card,1,11,0,1,136,0,0,0,2,205,993,4,135.9,65.12,1,82.55,39.03,medium,MONITOR_QUEUE
TX_007497,STORE_07,hyper,CHK_011,8,3,0,regular,card,1,6,0,0,60,0,0,0,3,179,1063,0,52.8,0.4,0,30.0,9.94,low,OK
TX_007498,STORE_04,mall,CHK_001,20,6,1,new,card,0,11,0,0,142,0,1,0,1,209,987,1,147.8,23.34,0,80.5,37.89,medium,WATCH
TX_007499,STORE_08,hyper,CHK_032,16,0,0,professional,card,1,8,0,0,68,0,2,0,3,205,982,0,77.8,0.16,0,43.699999999999996,17.52,low,OK
TX_007500,STORE_02,city,CHK_011,8,0,0,regular,card,0,7,0,0,64,0,0,0,0,179,994,1,66.9,0.0,0,37.650000000000006,14.17,low,OK
TX_007501,STORE_05,retail_park,CHK_005,18,1,0,new,gift_card,1,6,2,1,165,1,1,2,2,205,993,8,151.1,72.55,1,95.14999999999999,46.0,medium,OPEN_SUPPORT
TX_007502,STORE_05,retail_park,CHK_006,10,5,1,new,card,1,9,2,0,120,0,1,0,2,223,993,4,113.6,0.75,0,70.2,32.19,low,OK
TX_007503,STORE_02,city,CHK_011,10,3,0,new,card,1,10,2,1,158,0,1,0,0,179,994,8,157.8,54.21,1,100.9,49.18,medium,MONITOR_QUEUE
TX_007504,STORE_01,city,CHK_028,12,6,1,professional,card,1,11,1,0,144,0,2,0,0,218,987,2,125.2,0.8,0,73.19999999999999,33.85,low,OK
TX_007505,STORE_08,hyper,CHK_023,13,6,1,new,mobile,1,14,0,0,177,0,1,1,3,188,982,0,152.0,1.18,0,84.4,40.05,medium,WATCH
TX_007506,STORE_08,hyper,CHK_037,18,1,0,regular,card,0,13,2,0,137,0,0,0,3,194,982,5,145.6,3.36,0,88.6,42.37,medium,WATCH
TX_007507,STORE_05,retail_park,CHK_023,13,0,0,regular,card,0,5,0,0,62,0,0,0,2,188,993,1,61.5,0.1,0,33.75,12.01,low,OK
TX_007508,STORE_01,city,CHK_026,10,2,0,regular,mobile,1,5,1,0,49,0,0,1,0,183,987,2,55.9,0.0,0,34.95,12.68,low,OK
TX_007509,STORE_05,retail_park,CHK_037,15,5,1,regular,card,1,2,0,0,33,0,0,0,2,194,993,0,33.7,0.0,0,18.05,3.32,low,OK
TX_007510,STORE_07,hyper,CHK_038,14,0,0,regular,card,1,17,2,0,167,0,0,0,3,194,1063,4,160.6,1.16,0,98.5,47.85,medium,WATCH
TX_007511,STORE_07,hyper,CHK_029,17,5,1,new,card,1,6,0,0,66,0,1,0,3,211,1063,0,68.8,0.0,0,38.0,14.36,low,OK
TX_007512,STORE_03,mall,CHK_040,12,4,0,new,card,0,1,1,0,41,0,1,0,1,193,994,3,40.6,6.42,0,24.900000000000002,7.11,low,OK
TX_007513,STORE_05,retail_park,CHK_001,10,4,0,regular,card,1,10,2,0,92,0,0,0,2,209,993,4,98.7,1.09,0,63.35,28.4,low,OK
TX_007514,STORE_05,retail_park,CHK_012,15,2,0,regular,card,1,8,2,0,91,0,0,0,2,201,993,4,87.1,0.07,0,56.349999999999994,24.52,low,OK
TX_007515,STORE_06,retail_park,CHK_003,17,0,0,regular,card,0,13,0,0,105,0,0,0,2,195,1000,1,111.2,5.91,0,63.4,28.43,low,OK
TX_007516,STORE_04,mall,CHK_027,18,3,0,regular,card,0,3,0,0,54,0,0,0,1,200,987,1,50.5,0.31,0,27.05,8.3,low,OK
TX_007517,STORE_05,retail_park,CHK_039,11,4,0,regular,card,1,6,1,1,107,0,0,0,2,195,993,6,114.4,8.68,0,72.8,33.63,low,OK
TX_007518,STORE_07,hyper,CHK_038,10,1,0,new,gift_card,0,6,0,0,87,0,1,2,3,194,1063,1,83.1,4.64,0,45.15,18.32,low,OK
TX_007519,STORE_06,retail_park,CHK_003,17,4,0,regular,gift_card,0,6,2,0,77,0,0,2,2,195,1000,5,75.8,0.2,0,49.5,20.73,low,OK
TX_007520,STORE_05,retail_park,CHK_001,12,5,1,regular,card,0,11,0,1,132,0,0,0,2,209,993,5,140.5,63.04,1,84.85,40.3,medium,MONITOR_QUEUE
TX_007521,STORE_01,city,CHK_005,21,3,0,regular,card,1,4,0,0,42,0,0,0,0,205,987,0,44.6,0.03,0,24.7,7.0,low,OK
TX_007522,STORE_01,city,CHK_022,12,4,0,new,card,1,7,2,0,107,0,1,0,0,223,987,4,106.4,0.71,0,65.4,29.53,low,OK
TX_007523,STORE_08,hyper,CHK_001,20,3,0,regular,card,1,12,1,0,132,0,0,0,3,209,982,2,127.2,0.27,0,74.8,34.74,low,OK
TX_007524,STORE_06,retail_park,CHK_031,11,5,1,new,card,0,3,0,0,45,0,1,0,2,194,1000,1,48.3,4.72,0,25.95,7.69,low,OK
TX_007525,STORE_07,hyper,CHK_013,15,5,1,professional,card,0,14,1,0,125,0,2,0,3,192,1063,3,141.2,23.14,0,83.0,39.27,medium,WATCH
TX_007526,STORE_04,mall,CHK_014,19,3,0,regular,mobile,0,5,2,0,70,0,0,1,1,213,987,5,75.4,0.16,0,48.7,20.29,low,OK
TX_007527,STORE_03,mall,CHK_030,19,6,1,regular,card,1,12,2,0,156,0,0,0,1,197,994,4,151.5,3.34,0,90.95,43.68,medium,WATCH
TX_007528,STORE_02,city,CHK_023,17,2,0,regular,card,0,8,1,0,96,0,0,0,0,188,994,3,89.8,0.09,0,53.699999999999996,23.06,low,OK
TX_007529,STORE_03,mall,CHK_004,12,6,1,new,mobile,1,10,0,0,134,0,1,1,1,219,994,0,111.4,0.49,0,61.7,27.48,low,OK
TX_007530,STORE_01,city,CHK_016,8,1,0,regular,card,1,8,1,0,80,0,0,0,0,195,987,2,82.8,0.0,0,50.199999999999996,21.12,low,OK
TX_007531,STORE_06,retail_park,CHK_023,12,5,1,regular,card,0,4,0,0,53,0,0,0,2,188,1000,1,48.3,0.0,0,26.549999999999997,8.03,low,OK
TX_007532,STORE_01,city,CHK_029,8,2,0,regular,mobile,1,5,1,0,53,0,0,1,0,211,987,2,55.3,0.0,0,34.65,12.51,low,OK
TX_007533,STORE_01,city,CHK_039,21,3,0,regular,mobile,0,11,1,1,154,0,0,1,0,195,987,7,152.1,47.07,0,94.64999999999999,45.72,medium,WATCH
TX_007534,STORE_02,city,CHK_005,8,3,0,regular,card,1,10,1,0,100,0,0,0,0,205,994,2,92.1,0.0,0,56.05,24.36,low,OK
TX_007535,STORE_03,mall,CHK_033,14,0,0,regular,mobile,0,7,2,0,96,0,0,1,1,192,994,5,91.6,0.31,0,58.0,25.44,low,OK
TX_007536,STORE_06,retail_park,CHK_002,15,4,0,regular,card,0,14,0,1,202,1,0,0,2,161,1000,5,184.3,89.16,1,108.55000000000001,53.42,medium,OPEN_SUPPORT
TX_007537,STORE_03,mall,CHK_037,10,3,0,regular,card,1,14,0,0,127,0,0,0,1,194,994,0,117.9,0.62,0,67.35000000000001,30.61,low,OK
TX_007538,STORE_02,city,CHK_006,13,4,0,new,card,0,5,2,0,87,0,1,0,0,223,994,5,84.3,5.01,0,53.15,22.75,low,OK
TX_007539,STORE_05,retail_park,CHK_016,19,3,0,new,card,1,8,0,0,104,0,1,0,2,195,993,0,103.5,0.33,0,56.55,24.63,low,OK
TX_007540,STORE_02,city,CHK_016,13,6,1,regular,mobile,0,2,1,0,43,0,0,1,0,195,994,3,45.6,0.35,0,28.0,8.83,low,OK
TX_007541,STORE_08,hyper,CHK_029,16,1,0,regular,card,0,5,0,0,51,0,0,0,3,211,982,1,55.8,0.9,0,30.9,10.43,low,OK
TX_007542,STORE_08,hyper,CHK_017,13,0,0,regular,card,0,11,1,0,140,0,0,0,3,202,982,3,130.2,0.79,0,75.69999999999999,35.23,medium,WATCH
TX_007543,STORE_03,mall,CHK_021,13,3,0,regular,card,1,5,0,0,62,0,0,0,1,203,994,0,57.3,0.01,0,31.65,10.85,low,OK
TX_007544,STORE_05,retail_park,CHK_014,19,4,0,regular,card,1,11,4,0,141,0,0,0,2,213,993,8,140.4,6.64,0,92.8,44.7,medium,WATCH
TX_007545,STORE_07,hyper,CHK_023,16,3,0,regular,card,0,11,1,0,115,0,0,0,3,188,1063,3,112.1,1.55,0,66.64999999999999,30.22,low,OK
TX_007546,STORE_03,mall,CHK_039,15,2,0,new,mobile,1,10,2,0,121,0,1,1,1,195,994,4,118.8,3.17,0,73.4,33.96,low,OK
TX_007547,STORE_05,retail_park,CHK_040,20,6,1,regular,gift_card,0,6,1,2,160,1,0,2,2,193,993,11,173.8,56.54,1,110.5,54.5,medium,MONITOR_QUEUE
TX_007548,STORE_01,city,CHK_029,11,4,0,regular,card,0,8,0,0,66,0,0,0,0,211,987,1,79.0,0.08,0,44.3,17.85,low,OK
TX_007549,STORE_06,retail_park,CHK_015,16,6,1,professional,card,0,6,0,0,80,0,2,0,2,207,1000,1,75.9,1.52,0,41.550000000000004,16.33,low,OK
TX_007550,STORE_02,city,CHK_006,21,2,0,regular,card,1,11,1,0,102,0,0,0,0,223,994,2,105.0,0.44,0,63.1,28.26,low,OK
TX_007551,STORE_02,city,CHK_036,19,0,0,regular,card,0,5,1,0,75,0,0,0,0,205,994,3,78.2,0.47,0,46.1,18.85,low,OK
TX_007552,STORE_07,hyper,CHK_014,12,1,0,new,card,1,10,0,0,99,0,1,0,3,213,1063,0,109.7,0.12,0,60.85,27.01,low,OK
TX_007553,STORE_03,mall,CHK_037,17,5,1,professional,mobile,0,10,0,1,161,1,2,1,1,194,994,5,160.4,87.05,1,94.2,45.47,medium,OPEN_SUPPORT
TX_007554,STORE_04,mall,CHK_010,16,2,0,regular,card,0,1,2,0,37,0,0,0,1,204,987,5,38.9,0.05,0,28.05,8.86,low,OK
TX_007555,STORE_04,mall,CHK_011,20,2,0,professional,card,1,8,0,0,112,0,2,0,1,179,987,0,98.1,0.07,0,53.849999999999994,23.14,low,OK
TX_007556,STORE_05,retail_park,CHK_029,15,1,0,regular,gift_card,0,1,1,0,32,0,0,2,2,211,993,3,33.9,0.22,0,21.55,5.26,low,OK
TX_007557,STORE_01,city,CHK_029,20,1,0,regular,gift_card,0,10,0,1,172,1,0,2,0,211,987,5,164.6,74.35,1,96.3,46.64,medium,OPEN_SUPPORT
TX_007558,STORE_03,mall,CHK_034,19,4,0,regular,card,1,4,1,0,63,0,0,0,1,189,994,2,62.0,0.0,0,37.4,14.03,low,OK
TX_007559,STORE_05,retail_park,CHK_037,8,1,0,regular,card,1,5,3,0,80,0,0,0,2,194,993,6,73.9,0.17,0,51.95,22.09,low,OK
TX_007560,STORE_06,retail_park,CHK_020,20,6,1,regular,card,0,10,2,0,128,0,0,0,2,175,1000,5,126.3,7.11,0,77.15,36.04,medium,WATCH
TX_007561,STORE_01,city,CHK_009,13,4,0,regular,mobile,1,4,1,0,53,0,0,1,0,211,987,2,57.1,0.0,0,34.949999999999996,12.68,low,OK
TX_007562,STORE_02,city,CHK_002,16,6,1,regular,card,0,9,0,0,91,0,0,0,0,161,994,1,89.3,0.18,0,50.05,21.04,low,OK
TX_007563,STORE_04,mall,CHK_002,20,2,0,regular,card,0,14,0,0,172,0,0,0,1,161,987,1,168.2,3.9,0,92.5,44.53,medium,WATCH
TX_007564,STORE_06,retail_park,CHK_039,13,1,0,regular,card,1,6,0,0,60,0,0,0,2,195,1000,0,66.4,0.01,0,36.800000000000004,13.7,low,OK
TX_007565,STORE_04,mall,CHK_014,16,0,0,professional,card,0,10,0,0,116,0,2,0,1,213,987,1,104.0,2.57,0,58.0,25.44,low,OK
TX_007566,STORE_07,hyper,CHK_007,17,1,0,regular,card,0,7,1,0,81,0,0,0,3,217,1063,3,79.2,0.08,0,47.800000000000004,19.79,low,OK
TX_007567,STORE_06,retail_park,CHK_039,21,2,0,professional,card,0,5,0,1,110,0,2,0,2,195,1000,5,107.4,31.85,0,64.7,29.14,low,OK
TX_007568,STORE_01,city,CHK_035,18,1,0,professional,card,0,6,0,0,97,0,2,0,0,218,987,1,89.4,2.53,0,48.300000000000004,20.07,low,OK
TX_007569,STORE_01,city,CHK_022,8,6,1,professional,card,0,14,1,0,154,0,2,0,0,223,987,3,152.9,7.3,0,88.85000000000001,42.51,medium,WATCH
TX_007570,STORE_07,hyper,CHK_037,13,5,1,new,mobile,1,14,2,1,163,1,1,1,3,194,1063,8,180.8,97.12,1,114.80000000000001,56.88,high,OPEN_SUPPORT
TX_007571,STORE_07,hyper,CHK_031,10,6,1,regular,mobile,1,14,0,0,125,0,0,1,3,194,1063,0,119.3,0.38,0,68.05,31.0,low,OK
TX_007572,STORE_05,retail_park,CHK_014,21,0,0,new,card,0,11,0,1,170,1,1,0,2,213,993,5,165.7,90.69,1,97.44999999999999,47.27,medium,OPEN_SUPPORT
TX_007573,STORE_08,hyper,CHK_024,13,1,0,regular,card,1,8,2,0,92,0,0,0,3,217,982,4,89.9,0.34,0,57.75,25.3,low,OK
TX_007574,STORE_04,mall,CHK_031,11,3,0,regular,mobile,1,15,0,0,118,0,0,1,1,194,987,0,127.8,0.22,0,72.9,33.68,low,OK
TX_007575,STORE_04,mall,CHK_021,13,4,0,regular,card,1,3,1,1,107,0,0,0,1,203,987,6,101.1,7.57,0,64.35,28.95,low,OK
TX_007576,STORE_08,hyper,CHK_016,17,1,0,regular,card,0,8,0,0,85,0,0,0,3,195,982,1,81.3,0.14,0,45.449999999999996,18.49,low,OK
TX_007577,STORE_01,city,CHK_034,15,2,0,regular,mobile,0,20,0,0,176,0,0,1,0,189,987,1,185.2,2.75,0,104.6,51.23,medium,WATCH
TX_007578,STORE_03,mall,CHK_029,9,1,0,new,card,1,1,1,0,32,0,1,0,1,211,994,2,32.5,0.09,0,20.85,4.87,low,OK
TX_007579,STORE_06,retail_park,CHK_030,15,4,0,regular,mobile,1,1,1,0,26,0,0,1,2,197,1000,2,28.2,0.0,0,18.700000000000003,3.68,low,OK
TX_007580,STORE_06,retail_park,CHK_035,19,2,0,regular,mobile,0,6,0,0,70,0,0,1,2,218,1000,1,70.4,0.2,0,38.800000000000004,14.81,low,OK
TX_007581,STORE_08,hyper,CHK_023,19,3,0,regular,card,1,13,2,0,172,0,0,0,3,188,982,4,154.1,1.69,0,92.85,44.73,medium,WATCH
TX_007582,STORE_03,mall,CHK_032,12,0,0,regular,mobile,1,16,1,0,146,0,0,1,1,205,994,2,145.6,0.0,0,86.39999999999999,41.16,medium,WATCH
TX_007583,STORE_03,mall,CHK_037,19,3,0,regular,card,0,12,0,0,146,0,0,0,1,194,994,1,131.0,4.21,0,72.7,33.57,low,OK
TX_007584,STORE_04,mall,CHK_025,11,3,0,regular,card,1,7,1,0,72,0,0,0,1,213,987,2,76.0,0.0,0,46.2,18.9,low,OK
TX_007585,STORE_08,hyper,CHK_012,8,1,0,new,card,1,13,1,0,145,0,1,0,3,201,982,2,134.3,3.52,0,78.95,37.03,medium,WATCH
TX_007586,STORE_05,retail_park,CHK_007,15,1,0,new,card,0,6,0,0,74,0,1,0,2,217,993,1,77.2,4.89,0,42.2,16.69,low,OK
TX_007587,STORE_06,retail_park,CHK_038,11,2,0,new,card,0,9,2,0,125,0,1,0,2,194,1000,5,121.6,10.11,0,74.2,34.4,low,OK
TX_007588,STORE_04,mall,CHK_023,15,3,0,regular,gift_card,0,1,2,0,34,0,0,2,1,188,987,5,37.4,0.05,0,27.3,8.44,low,OK
TX_007589,STORE_08,hyper,CHK_018,15,1,0,regular,card,1,3,0,0,36,0,0,0,3,200,982,0,38.9,0.1,0,21.25,5.09,low,OK
TX_007590,STORE_01,city,CHK_012,17,3,0,regular,card,0,11,0,0,95,0,0,0,0,201,987,1,99.3,2.62,0,56.25,24.47,low,OK
TX_007591,STORE_03,mall,CHK_035,17,2,0,new,gift_card,1,7,1,0,90,0,1,2,1,218,994,2,89.0,0.05,0,52.7,22.5,low,OK
TX_007592,STORE_02,city,CHK_013,10,3,0,regular,mobile,1,11,3,0,115,0,0,1,0,192,994,6,110.5,5.97,0,73.85,34.21,low,OK
TX_007593,STORE_05,retail_park,CHK_036,17,0,0,professional,card,0,11,1,0,130,0,2,0,2,205,993,3,129.2,10.76,0,75.19999999999999,34.96,low,OK
TX_007594,STORE_04,mall,CHK_010,16,6,1,new,card,0,9,0,0,89,0,1,0,1,204,987,1,103.4,3.23,0,57.1,24.94,low,OK
TX_007595,STORE_08,hyper,CHK_014,13,5,1,new,mobile,0,9,1,0,108,0,1,1,3,213,982,3,120.3,5.66,0,69.55000000000001,31.83,low,OK
TX_007596,STORE_07,hyper,CHK_027,20,6,1,regular,card,1,11,1,0,107,0,0,0,3,200,1063,2,120.2,0.42,0,70.69999999999999,32.47,low,OK
TX_007597,STORE_02,city,CHK_017,12,0,0,regular,card,0,1,0,0,27,0,0,0,0,202,994,1,28.4,0.15,0,14.799999999999999,1.52,low,OK
TX_007598,STORE_07,hyper,CHK_028,10,3,0,regular,card,1,6,1,0,70,0,0,0,3,218,1063,2,69.4,0.0,0,42.300000000000004,16.75,low,OK
TX_007599,STORE_08,hyper,CHK_008,20,4,0,regular,mobile,0,19,0,0,170,0,0,1,3,173,982,1,189.3,3.08,0,106.05000000000001,52.03,medium,WATCH
TX_007600,STORE_06,retail_park,CHK_029,12,1,0,regular,mobile,0,15,0,0,135,0,0,1,2,211,1000,1,138.0,4.4,0,78.0,36.51,medium,WATCH
TX_007601,STORE_07,hyper,CHK_014,15,6,1,regular,card,0,14,1,0,139,0,0,0,3,213,1063,3,138.0,4.75,0,81.4,38.39,medium,WATCH
TX_007602,STORE_01,city,CHK_002,8,6,1,regular,card,1,8,0,0,71,0,0,0,0,161,987,0,77.8,0.0,0,43.699999999999996,17.52,low,OK
TX_007603,STORE_03,mall,CHK_004,9,4,0,regular,card,0,10,2,0,107,0,0,0,1,219,994,5,103.6,1.18,0,65.8,29.75,low,OK
TX_007604,STORE_03,mall,CHK_034,8,1,0,new,card,1,7,3,0,92,0,1,0,1,189,994,6,93.8,1.54,0,63.1,28.26,low,OK
TX_007605,STORE_03,mall,CHK_027,18,0,0,regular,mobile,1,10,1,1,166,1,0,1,1,200,994,6,158.5,75.06,1,97.25,47.16,medium,OPEN_SUPPORT
TX_007606,STORE_05,retail_park,CHK_029,10,0,0,regular,gift_card,0,11,1,0,123,0,0,2,2,211,993,3,117.5,1.58,0,69.35,31.72,low,OK
TX_007607,STORE_06,retail_park,CHK_029,9,1,0,professional,card,0,10,0,1,152,0,2,0,2,211,1000,5,151.5,42.04,0,89.75,43.01,medium,WATCH
TX_007608,STORE_02,city,CHK_025,14,5,1,regular,mobile,1,17,1,0,174,0,0,1,0,213,994,2,165.5,0.4,0,96.95,47.0,medium,WATCH
TX_007609,STORE_05,retail_park,CHK_038,11,2,0,regular,card,1,5,0,0,46,0,0,0,2,194,993,0,54.2,0.0,0,30.1,9.99,low,OK
TX_007610,STORE_07,hyper,CHK_037,20,6,1,new,card,1,6,0,0,92,0,1,0,3,194,1063,0,90.0,0.05,0,48.6,20.23,low,OK
TX_007611,STORE_06,retail_park,CHK_035,21,4,0,regular,card,1,4,1,0,45,0,0,0,2,218,1000,2,49.2,0.0,0,31.0,10.49,low,OK
TX_007612,STORE_04,mall,CHK_032,15,3,0,regular,card,0,2,0,0,33,0,0,0,1,205,987,1,33.6,0.15,0,18.0,3.29,low,OK
TX_007613,STORE_04,mall,CHK_001,9,0,0,professional,card,0,10,1,0,117,0,2,0,1,209,987,3,107.4,1.23,0,63.7,28.59,low,OK
TX_007614,STORE_05,retail_park,CHK_032,8,3,0,regular,card,0,5,1,1,85,0,0,0,2,205,993,7,95.0,13.11,0,62.5,27.93,low,OK
TX_007615,STORE_08,hyper,CHK_014,19,4,0,regular,card,1,10,1,1,175,1,0,0,3,213,982,6,166.8,76.97,1,101.4,49.46,medium,OPEN_SUPPORT
TX_007616,STORE_02,city,CHK_004,9,2,0,regular,card,0,4,1,0,56,0,0,0,0,219,994,3,52.3,0.07,0,32.55,11.35,low,OK
TX_007617,STORE_05,retail_park,CHK_004,17,1,0,regular,card,0,14,1,0,138,0,0,0,2,219,993,3,131.9,4.68,0,78.35000000000001,36.7,medium,WATCH
TX_007618,STORE_08,hyper,CHK_016,14,5,1,regular,card,1,10,1,0,89,0,0,0,3,195,982,2,104.1,0.17,0,62.05,27.68,low,OK
TX_007619,STORE_07,hyper,CHK_031,18,2,0,new,mobile,0,5,0,0,83,0,1,1,3,194,1063,1,86.6,4.82,0,46.3,18.96,low,OK
TX_007620,STORE_05,retail_park,CHK_022,8,4,0,new,mobile,0,9,0,0,94,0,1,1,2,223,993,1,98.1,2.54,0,54.449999999999996,23.47,low,OK
TX_007621,STORE_06,retail_park,CHK_038,9,2,0,new,card,1,9,1,0,108,0,1,0,2,194,1000,2,104.4,0.28,0,61.6,27.43,low,OK
TX_007622,STORE_08,hyper,CHK_024,14,1,0,professional,card,0,9,0,0,105,0,2,0,3,217,982,1,111.4,3.07,0,61.1,27.15,low,OK
TX_007623,STORE_02,city,CHK_014,19,1,0,new,card,0,16,0,0,228,1,1,0,0,213,994,1,203.8,80.38,1,111.5,55.05,high,OPEN_SUPPORT
TX_007624,STORE_03,mall,CHK_027,16,5,1,professional,mobile,1,8,0,1,106,0,2,1,1,200,994,4,118.6,8.2,0,72.1,33.24,low,OK
TX_007625,STORE_06,retail_park,CHK_024,8,5,1,new,card,1,5,0,0,57,0,1,0,2,217,1000,0,59.5,0.34,0,32.75,11.46,low,OK
TX_007626,STORE_02,city,CHK_013,17,6,1,regular,card,0,6,0,0,60,0,0,0,0,192,994,1,62.5,0.15,0,34.85,12.62,low,OK
TX_007627,STORE_05,retail_park,CHK_008,21,2,0,regular,card,1,5,1,1,85,0,0,0,2,173,993,6,95.5,6.69,0,62.75,28.07,low,OK
TX_007628,STORE_08,hyper,CHK_001,16,0,0,regular,card,1,17,1,0,154,0,0,0,3,209,982,2,152.3,0.5,0,90.35000000000001,43.34,medium,WATCH
TX_007629,STORE_02,city,CHK_007,10,4,0,regular,gift_card,1,14,2,0,133,0,0,2,0,217,994,4,126.3,2.25,0,79.55000000000001,37.37,medium,WATCH
TX_007630,STORE_08,hyper,CHK_039,9,2,0,regular,card,0,4,1,1,113,0,0,0,3,195,982,7,108.1,9.58,0,68.45,31.22,low,OK
TX_007631,STORE_04,mall,CHK_025,14,2,0,regular,card,1,16,1,0,164,0,0,0,1,213,987,2,152.0,0.29,0,89.6,42.93,medium,WATCH
TX_007632,STORE_07,hyper,CHK_025,21,6,1,regular,card,1,7,0,0,56,0,0,0,3,213,1063,0,59.9,0.0,0,34.15,12.23,low,OK
TX_007633,STORE_05,retail_park,CHK_010,20,0,0,regular,card,0,9,1,0,129,0,0,0,2,204,993,3,123.0,0.3,0,70.9,32.58,low,OK
TX_007634,STORE_03,mall,CHK_019,19,3,0,regular,gift_card,0,7,1,0,109,0,0,2,1,187,994,3,101.2,0.02,0,58.800000000000004,25.88,low,OK
TX_007635,STORE_08,hyper,CHK_001,14,0,0,regular,card,1,15,1,0,123,0,0,0,3,209,982,2,135.5,0.5,0,80.75,38.03,medium,WATCH
TX_007636,STORE_08,hyper,CHK_038,12,2,0,new,mobile,1,5,0,0,62,0,1,1,3,194,982,0,62.7,0.0,0,34.35,12.34,low,OK
TX_007637,STORE_02,city,CHK_003,8,3,0,regular,card,0,12,1,0,112,0,0,0,0,195,994,3,120.3,1.72,0,71.35000000000001,32.83,low,OK
TX_007638,STORE_08,hyper,CHK_010,12,3,0,regular,card,0,8,2,1,152,0,0,0,3,204,982,9,144.3,36.1,0,92.95,44.78,medium,WATCH
TX_007639,STORE_08,hyper,CHK_007,18,5,1,regular,card,0,13,2,0,159,0,0,0,3,217,982,5,150.0,7.63,0,90.8,43.59,medium,WATCH
TX_007640,STORE_07,hyper,CHK_022,9,5,1,regular,card,1,9,1,0,79,0,0,0,3,223,1063,2,85.6,0.0,0,52.199999999999996,22.23,low,OK
TX_007641,STORE_03,mall,CHK_034,16,3,0,regular,card,0,17,2,0,144,0,0,0,1,189,994,5,161.7,9.61,0,99.05,48.16,medium,WATCH
TX_007642,STORE_08,hyper,CHK_027,11,1,0,regular,card,1,13,0,0,101,0,0,0,3,200,982,0,112.0,0.2,0,63.8,28.65,low,OK
TX_007643,STORE_01,city,CHK_006,9,4,0,regular,card,1,11,1,0,84,0,0,0,0,223,987,2,98.2,0.31,0,59.7,26.38,low,OK
TX_007644,STORE_07,hyper,CHK_021,16,6,1,regular,card,1,14,0,0,138,0,0,0,3,203,1063,0,128.9,0.38,0,72.85000000000001,33.66,low,OK
TX_007645,STORE_06,retail_park,CHK_010,20,1,0,regular,card,0,2,0,0,41,0,0,0,2,204,1000,1,39.6,0.27,0,21.0,4.95,low,OK
TX_007646,STORE_01,city,CHK_024,9,0,0,regular,card,0,12,1,0,134,0,0,0,0,217,987,3,120.8,0.9,0,71.60000000000001,32.96,low,OK
TX_007647,STORE_02,city,CHK_004,12,1,0,regular,mobile,1,6,0,0,69,0,0,1,0,219,994,0,66.6,0.01,0,36.9,13.76,low,OK
TX_007648,STORE_03,mall,CHK_025,18,3,0,regular,card,0,6,1,0,82,0,0,0,1,213,994,3,81.6,0.22,0,48.4,20.12,low,OK
TX_007649,STORE_01,city,CHK_009,15,4,0,professional,card,0,16,2,0,146,0,2,0,0,211,987,5,157.8,27.54,0,96.5,46.75,medium,WATCH
TX_007650,STORE_06,retail_park,CHK_010,18,2,0,professional,mobile,0,10,0,0,122,0,2,1,2,204,1000,1,123.0,3.28,0,67.5,30.69,low,OK
TX_007651,STORE_04,mall,CHK_016,19,5,1,regular,card,1,9,1,0,100,0,0,0,1,195,987,2,103.0,0.37,0,60.9,27.04,low,OK
TX_007652,STORE_03,mall,CHK_003,14,6,1,regular,card,1,19,0,0,173,0,0,0,1,195,994,0,176.0,1.32,0,99.4,48.35,medium,WATCH
TX_007653,STORE_08,hyper,CHK_013,10,4,0,regular,mobile,0,10,0,1,151,0,0,1,3,192,982,5,140.6,25.64,0,84.3,39.99,medium,WATCH
TX_007654,STORE_01,city,CHK_017,14,3,0,regular,card,1,4,1,1,109,0,0,0,0,202,987,6,105.3,6.61,0,67.05000000000001,30.45,low,OK
TX_007655,STORE_01,city,CHK_020,15,3,0,regular,card,1,7,0,0,60,0,0,0,0,175,987,0,63.2,0.01,0,35.800000000000004,13.15,low,OK
TX_007656,STORE_07,hyper,CHK_001,17,6,1,professional,card,0,11,0,0,123,0,2,0,3,209,1063,1,127.6,7.16,0,70.39999999999999,32.3,low,OK
TX_007657,STORE_06,retail_park,CHK_016,17,6,1,regular,card,0,3,0,1,96,0,0,0,2,195,1000,5,92.6,14.8,0,56.099999999999994,24.38,low,OK
TX_007658,STORE_08,hyper,CHK_002,11,0,0,new,card,0,13,0,0,137,0,1,0,3,161,982,1,138.4,26.3,0,77.0,35.95,medium,WATCH
TX_007659,STORE_07,hyper,CHK_035,13,0,0,regular,gift_card,1,15,0,0,160,0,0,2,3,218,1063,0,131.9,0.4,0,74.95,34.82,low,OK
TX_007660,STORE_05,retail_park,CHK_005,12,0,0,new,card,0,9,1,0,129,0,1,0,2,205,993,3,123.0,3.77,0,70.9,32.58,low,OK
TX_007661,STORE_05,retail_park,CHK_008,16,4,0,new,card,0,8,0,0,100,0,1,0,2,173,993,1,100.4,2.89,0,55.0,23.78,low,OK
TX_007662,STORE_02,city,CHK_022,11,4,0,new,mobile,1,10,3,0,124,0,1,1,0,223,994,6,124.7,8.87,0,80.35,37.81,medium,WATCH
TX_007663,STORE_04,mall,CHK_028,11,0,0,regular,card,1,11,1,1,129,0,0,0,1,218,987,6,140.1,55.07,1,88.64999999999999,42.4,medium,MONITOR_QUEUE
TX_007664,STORE_05,retail_park,CHK_027,8,3,0,regular,mobile,0,3,1,0,47,0,0,1,2,200,993,3,47.6,0.08,0,29.6,9.71,low,OK
TX_007665,STORE_04,mall,CHK_012,16,5,1,regular,mobile,0,2,0,0,29,0,0,1,1,201,987,1,34.0,0.11,0,18.2,3.4,low,OK
TX_007666,STORE_05,retail_park,CHK_038,10,5,1,new,card,0,10,0,0,103,0,1,0,2,194,993,1,109.0,5.76,0,60.5,26.82,low,OK
TX_007667,STORE_06,retail_park,CHK_038,9,5,1,new,gift_card,1,5,2,2,161,1,1,2,2,194,1000,12,157.4,80.31,1,105.7,51.84,medium,OPEN_SUPPORT
TX_007668,STORE_03,mall,CHK_040,13,6,1,professional,card,0,8,0,0,117,0,2,0,1,193,994,1,106.2,1.16,0,57.9,25.38,low,OK
TX_007669,STORE_08,hyper,CHK_028,16,6,1,new,card,0,11,0,0,108,0,1,0,3,218,982,1,123.1,16.17,0,68.14999999999999,31.05,low,OK
TX_007670,STORE_07,hyper,CHK_031,11,1,0,new,card,0,14,0,0,166,1,1,0,3,194,1063,1,164.4,83.57,1,90.60000000000001,43.48,medium,OPEN_SUPPORT
TX_007671,STORE_01,city,CHK_019,9,2,0,regular,card,0,10,1,0,94,0,0,0,0,187,987,3,97.7,0.06,0,58.85,25.91,low,OK
TX_007672,STORE_07,hyper,CHK_001,11,5,1,new,card,1,13,0,0,154,0,1,0,3,209,1063,0,139.3,1.29,0,77.45,36.2,medium,WATCH
TX_007673,STORE_08,hyper,CHK_033,10,6,1,new,card,0,16,0,0,195,1,1,0,3,192,982,1,184.3,81.91,1,101.75,49.65,medium,OPEN_SUPPORT
TX_007674,STORE_04,mall,CHK_004,17,6,1,regular,mobile,0,10,3,2,158,1,0,1,1,219,987,15,181.8,90.73,1,124.9,62.47,high,OPEN_SUPPORT
TX_007675,STORE_06,retail_park,CHK_016,11,6,1,new,gift_card,1,4,1,0,64,0,1,2,2,195,1000,2,63.5,0.67,0,38.15,14.45,low,OK
TX_007676,STORE_04,mall,CHK_002,19,1,0,new,card,0,2,0,0,50,0,1,0,1,161,987,1,47.1,2.2,0,24.75,7.03,low,OK
TX_007677,STORE_03,mall,CHK_003,16,6,1,new,gift_card,0,16,3,0,171,1,1,2,1,195,994,7,186.4,90.35,1,114.8,56.88,high,OPEN_SUPPORT
TX_007678,STORE_06,retail_park,CHK_021,16,6,1,regular,card,0,11,1,0,114,0,0,0,2,203,1000,3,114.5,1.97,0,67.85,30.89,low,OK
TX_007679,STORE_04,mall,CHK_005,12,5,1,professional,gift_card,1,7,5,1,153,1,2,2,1,205,987,14,151.5,63.3,1,107.95,53.09,medium,MONITOR_QUEUE
TX_007680,STORE_04,mall,CHK_028,9,0,0,regular,card,0,2,2,0,40,0,0,0,1,218,987,5,41.3,0.0,0,29.849999999999998,9.85,low,OK
TX_007681,STORE_01,city,CHK_019,8,6,1,regular,card,0,4,0,0,47,0,0,0,0,187,987,1,47.4,0.0,0,26.099999999999998,7.78,low,OK
TX_007682,STORE_07,hyper,CHK_017,19,1,0,regular,card,1,12,1,0,142,0,0,0,3,202,1063,2,130.9,0.7,0,76.65,35.76,medium,WATCH
TX_007683,STORE_03,mall,CHK_006,14,3,0,regular,card,0,6,2,0,74,0,0,0,1,223,994,5,78.3,0.41,0,50.75,21.42,low,OK
TX_007684,STORE_03,mall,CHK_025,17,1,0,regular,card,0,7,2,0,84,0,0,0,1,213,994,5,89.5,0.08,0,56.95,24.85,low,OK
TX_007685,STORE_04,mall,CHK_018,20,0,0,regular,card,1,8,1,0,112,0,0,0,1,200,987,2,102.5,0.03,0,60.05,26.57,low,OK
TX_007686,STORE_02,city,CHK_002,16,3,0,regular,card,0,10,0,1,127,0,0,0,0,161,994,5,141.1,49.78,0,84.55,40.13,medium,WATCH
TX_007687,STORE_04,mall,CHK_039,9,5,1,new,card,1,9,2,0,119,0,1,0,1,195,987,4,109.2,0.63,0,68.0,30.97,low,OK
TX_007688,STORE_01,city,CHK_006,12,4,0,regular,card,1,7,1,0,74,0,0,0,0,223,987,2,79.4,0.0,0,47.900000000000006,19.85,low,OK
TX_007689,STORE_07,hyper,CHK_020,18,0,0,regular,card,0,12,0,1,189,1,0,0,3,175,1063,5,175.5,87.23,1,102.95,50.32,medium,OPEN_SUPPORT
TX_007690,STORE_01,city,CHK_038,18,3,0,regular,card,1,8,1,0,99,0,0,0,0,194,987,2,100.2,0.01,0,58.9,25.93,low,OK
TX_007691,STORE_04,mall,CHK_015,9,2,0,regular,card,0,6,1,0,65,0,0,0,1,207,987,3,68.7,0.08,0,41.95,16.55,low,OK
TX_007692,STORE_03,mall,CHK_009,11,6,1,regular,mobile,0,12,1,0,112,0,0,1,1,211,994,3,117.2,1.1,0,69.8,31.97,low,OK
TX_007693,STORE_08,hyper,CHK_009,21,5,1,regular,card,1,12,0,0,98,0,0,0,3,211,982,0,100.8,0.0,0,57.599999999999994,25.21,low,OK
TX_007694,STORE_06,retail_park,CHK_034,16,4,0,regular,card,1,14,2,0,128,0,0,0,2,189,1000,4,128.5,3.81,0,80.65,37.97,medium,WATCH
TX_007695,STORE_03,mall,CHK_017,11,5,1,regular,card,0,4,1,1,93,0,0,0,1,202,994,7,99.7,15.16,0,64.25,28.9,low,OK
TX_007696,STORE_05,retail_park,CHK_035,17,4,0,regular,card,1,16,3,0,135,0,0,0,2,218,993,6,149.8,22.03,0,96.5,46.75,medium,WATCH
TX_007697,STORE_03,mall,CHK_003,9,5,1,regular,card,0,9,2,0,118,0,0,0,1,195,994,5,106.1,0.0,0,66.45,30.11,low,OK
TX_007698,STORE_04,mall,CHK_021,19,4,0,new,card,0,5,2,0,95,0,1,0,1,203,987,5,92.9,8.25,0,57.45,25.13,low,OK
TX_007699,STORE_01,city,CHK_019,13,0,0,new,mobile,1,6,1,1,103,0,1,1,0,187,987,6,128.7,20.25,0,79.94999999999999,37.59,medium,WATCH
TX_007700,STORE_04,mall,CHK_020,21,0,0,new,card,1,1,1,1,83,0,1,0,1,175,987,6,80.3,11.06,0,52.75,22.53,low,OK
TX_007701,STORE_08,hyper,CHK_029,8,0,0,new,card,1,6,1,0,88,0,1,0,3,211,982,2,75.2,0.09,0,45.2,18.35,low,OK
TX_007702,STORE_02,city,CHK_028,20,0,0,regular,card,0,8,1,0,111,0,0,0,0,218,994,3,99.7,0.53,0,58.65,25.8,low,OK
TX_007703,STORE_03,mall,CHK_010,21,3,0,regular,card,1,8,0,0,72,0,0,0,1,204,994,0,72.5,0.03,0,41.05,16.05,low,OK
TX_007704,STORE_08,hyper,CHK_007,10,3,0,regular,card,1,9,2,0,98,0,0,0,3,217,982,4,93.5,0.16,0,60.15,26.63,low,OK
TX_007705,STORE_08,hyper,CHK_015,10,0,0,regular,card,1,7,1,1,130,0,0,0,3,207,982,6,124.9,13.61,0,78.65,36.87,medium,WATCH
TX_007706,STORE_02,city,CHK_015,11,0,0,new,card,1,3,1,0,55,0,1,0,0,207,994,2,54.3,0.02,0,32.949999999999996,11.57,low,OK
TX_007707,STORE_07,hyper,CHK_034,9,1,0,regular,card,1,17,2,0,139,0,0,0,3,189,1063,4,143.2,1.01,0,89.8,43.04,medium,WATCH
TX_007708,STORE_08,hyper,CHK_029,12,5,1,regular,card,1,10,0,0,93,0,0,0,3,211,982,0,102.3,0.11,0,57.15,24.97,low,OK
TX_007709,STORE_03,mall,CHK_022,17,1,0,new,mobile,0,10,2,0,115,0,1,1,1,223,994,5,121.8,13.28,0,74.9,34.79,low,OK
TX_007710,STORE_02,city,CHK_024,10,4,0,new,card,0,10,0,0,115,0,1,0,0,217,994,1,107.6,6.13,0,59.8,26.43,low,OK
TX_007711,STORE_06,retail_park,CHK_040,13,4,0,regular,card,1,11,0,0,105,0,0,0,2,193,1000,0,103.6,0.05,0,58.4,25.66,low,OK
TX_007712,STORE_07,hyper,CHK_010,21,2,0,regular,card,0,9,2,0,110,0,0,0,3,204,1063,5,103.5,1.35,0,65.15,29.39,low,OK
TX_007713,STORE_01,city,CHK_007,16,2,0,regular,card,1,8,0,0,60,0,0,0,0,217,987,0,70.8,0.04,0,40.199999999999996,15.58,low,OK
TX_007714,STORE_06,retail_park,CHK_025,14,5,1,regular,card,1,9,1,0,102,0,0,0,2,213,1000,2,98.0,0.0,0,58.4,25.66,low,OK
TX_007715,STORE_03,mall,CHK_007,9,1,0,regular,card,1,9,2,0,84,0,0,0,1,217,994,4,89.7,0.7,0,58.25,25.57,low,OK
TX_007716,STORE_05,retail_park,CHK_026,13,5,1,professional,card,1,16,0,1,210,1,2,0,2,183,993,4,203.9,88.72,1,119.55,59.51,high,OPEN_SUPPORT
TX_007717,STORE_06,retail_park,CHK_017,21,4,0,regular,mobile,1,11,1,1,149,0,0,1,2,202,1000,6,150.2,61.06,1,93.69999999999999,45.2,medium,MONITOR_QUEUE
TX_007718,STORE_08,hyper,CHK_011,21,4,0,regular,card,0,6,0,0,67,0,0,0,3,179,982,1,65.1,0.15,0,36.15,13.34,low,OK
TX_007719,STORE_07,hyper,CHK_003,13,2,0,professional,mobile,0,10,2,0,111,0,2,1,3,195,1063,5,115.7,7.69,0,71.85,33.1,low,OK
TX_007720,STORE_03,mall,CHK_027,18,1,0,regular,mobile,0,7,1,0,86,0,0,1,1,200,994,3,90.3,0.16,0,53.35,22.86,low,OK
TX_007721,STORE_03,mall,CHK_036,12,0,0,new,mobile,1,7,1,0,89,0,1,1,1,205,994,2,90.9,0.0,0,53.650000000000006,23.03,low,OK
TX_007722,STORE_07,hyper,CHK_022,20,2,0,regular,mobile,0,13,1,1,202,1,0,1,3,223,1063,7,197.7,94.98,1,118.64999999999999,59.01,high,OPEN_SUPPORT
TX_007723,STORE_04,mall,CHK_030,20,2,0,regular,card,0,11,0,0,108,0,0,0,1,197,987,1,120.3,2.98,0,66.75,30.28,low,OK
TX_007724,STORE_04,mall,CHK_029,14,1,0,professional,card,1,7,1,0,91,0,2,0,1,211,987,2,87.4,0.37,0,51.900000000000006,22.06,low,OK
TX_007725,STORE_07,hyper,CHK_032,15,1,0,regular,card,1,11,1,0,99,0,0,0,3,205,1063,2,97.2,0.03,0,59.2,26.1,low,OK
TX_007726,STORE_01,city,CHK_035,15,2,0,regular,card,0,8,0,1,118,0,0,0,0,218,987,5,127.4,11.16,0,76.5,35.68,medium,WATCH
TX_007727,STORE_03,mall,CHK_031,20,5,1,regular,gift_card,0,5,1,1,113,0,0,2,1,194,994,7,124.1,18.84,0,77.05,35.98,medium,WATCH
TX_007728,STORE_06,retail_park,CHK_035,10,3,0,new,mobile,1,6,1,0,82,0,1,1,2,218,1000,2,76.1,0.09,0,45.65,18.6,low,OK
TX_007729,STORE_04,mall,CHK_032,20,5,1,new,card,0,13,0,0,181,1,1,0,1,205,987,1,178.3,72.0,1,96.95,47.0,medium,OPEN_SUPPORT
TX_007730,STORE_02,city,CHK_025,21,3,0,regular,mobile,0,7,0,0,62,0,0,1,0,213,994,1,66.6,0.22,0,37.5,14.09,low,OK
TX_007731,STORE_03,mall,CHK_025,21,3,0,regular,mobile,0,8,0,0,76,0,0,1,1,213,994,1,76.3,0.22,0,42.949999999999996,17.1,low,OK
TX_007732,STORE_01,city,CHK_001,16,4,0,regular,mobile,1,9,1,0,81,0,0,1,0,209,987,2,81.2,0.03,0,50.0,21.01,low,OK
TX_007733,STORE_07,hyper,CHK_002,14,3,0,regular,card,0,14,1,0,167,0,0,0,3,161,1063,3,148.4,2.71,0,86.60000000000001,41.27,medium,WATCH
TX_007734,STORE_01,city,CHK_023,9,0,0,regular,card,1,8,2,0,91,0,0,0,0,188,987,4,88.8,0.47,0,57.199999999999996,24.99,low,OK
TX_007735,STORE_02,city,CHK_002,17,6,1,new,card,0,10,0,0,115,0,1,0,0,161,994,1,112.2,4.15,0,62.1,27.71,low,OK
TX_007736,STORE_02,city,CHK_029,13,6,1,regular,card,1,5,0,0,53,0,0,0,0,211,994,0,56.3,0.0,0,31.15,10.57,low,OK
TX_007737,STORE_08,hyper,CHK_036,14,3,0,regular,card,0,10,0,0,125,0,0,0,3,205,982,1,110.2,0.53,0,61.1,27.15,low,OK
TX_007738,STORE_04,mall,CHK_032,12,0,0,new,card,0,10,0,1,210,1,1,0,1,205,987,5,185.6,87.96,1,106.8,52.45,medium,OPEN_SUPPORT
TX_007739,STORE_06,retail_park,CHK_005,21,1,0,new,card,1,14,0,0,140,0,1,0,2,205,1000,0,143.1,2.98,0,79.95,37.59,medium,WATCH
TX_007740,STORE_03,mall,CHK_001,13,0,0,regular,card,1,13,1,0,146,0,0,0,1,209,994,2,129.3,0.35,0,76.45,35.65,medium,WATCH
TX_007741,STORE_04,mall,CHK_039,18,3,0,professional,card,0,7,3,0,117,0,2,0,1,195,987,7,103.4,47.12,0,67.9,30.92,low,OK
TX_007742,STORE_04,mall,CHK_035,12,6,1,regular,card,0,5,0,0,66,0,0,0,1,218,987,1,60.0,0.19,0,33.0,11.6,low,OK
TX_007743,STORE_01,city,CHK_001,17,1,0,regular,gift_card,0,14,0,0,115,0,0,2,0,209,987,1,123.6,3.07,0,70.2,32.19,low,OK
TX_007744,STORE_08,hyper,CHK_005,19,2,0,professional,card,1,11,0,0,148,0,2,0,3,205,982,0,138.4,1.03,0,75.8,35.29,medium,WATCH
TX_007745,STORE_02,city,CHK_032,18,1,0,regular,mobile,1,10,0,0,120,0,0,1,0,205,994,0,113.7,0.31,0,62.85,28.12,low,OK
TX_007746,STORE_02,city,CHK_002,14,4,0,regular,card,1,15,0,0,135,0,0,0,0,161,994,0,141.8,0.0,0,79.9,37.56,medium,WATCH
TX_007747,STORE_02,city,CHK_033,11,1,0,regular,card,1,14,1,0,102,0,0,0,0,192,994,2,115.3,0.66,0,70.05,32.11,low,OK
TX_007748,STORE_06,retail_park,CHK_005,12,1,0,professional,card,0,6,0,0,93,0,2,0,2,205,1000,1,84.1,1.6,0,45.65,18.6,low,OK
TX_007749,STORE_03,mall,CHK_020,17,4,0,regular,card,0,5,0,1,101,0,0,0,1,175,994,5,103.6,14.57,0,62.8,28.09,low,OK
TX_007750,STORE_07,hyper,CHK_022,18,6,1,new,card,0,15,1,0,223,1,1,0,3,223,1063,3,205.1,87.47,1,115.55,57.29,high,OPEN_SUPPORT
TX_007751,STORE_06,retail_park,CHK_013,14,4,0,new,card,0,11,3,0,146,1,1,0,2,192,1000,7,146.4,81.31,1,91.8,44.15,medium,OPEN_SUPPORT
TX_007752,STORE_05,retail_park,CHK_026,8,1,0,regular,mobile,0,5,2,0,62,0,0,1,2,183,993,5,63.6,0.0,0,42.8,17.02,low,OK
TX_007753,STORE_05,retail_park,CHK_023,15,5,1,regular,card,0,12,0,0,116,0,0,0,2,188,993,1,114.7,1.95,0,64.55,29.06,low,OK
TX_007754,STORE_06,retail_park,CHK_018,12,5,1,new,card,0,6,0,0,97,0,1,0,2,200,1000,1,81.6,6.73,0,44.4,17.91,low,OK
TX_007755,STORE_02,city,CHK_002,13,0,0,new,gift_card,0,6,0,0,93,0,1,2,0,161,994,1,88.2,2.48,0,47.7,19.73,low,OK
TX_007756,STORE_08,hyper,CHK_024,10,6,1,regular,card,1,16,3,0,164,1,0,0,3,217,982,6,156.8,65.78,1,100.0,48.69,medium,MONITOR_QUEUE
TX_007757,STORE_07,hyper,CHK_011,13,1,0,regular,card,1,12,1,0,140,0,0,0,3,179,1063,2,121.4,0.17,0,71.9,33.13,low,OK
TX_007758,STORE_06,retail_park,CHK_009,9,0,0,regular,card,0,4,0,0,43,0,0,0,2,211,1000,1,48.6,0.0,0,26.7,8.11,low,OK
TX_007759,STORE_07,hyper,CHK_016,19,5,1,regular,card,0,11,2,0,133,0,0,0,3,195,1063,5,134.1,5.82,0,81.64999999999999,38.53,medium,WATCH
TX_007760,STORE_01,city,CHK_013,20,1,0,new,mobile,1,17,1,0,228,0,1,1,0,192,987,2,220.9,4.02,0,124.65,62.33,high,MONITOR_QUEUE
TX_007761,STORE_01,city,CHK_022,17,3,0,regular,card,1,12,0,0,109,0,0,0,0,223,987,0,104.7,0.0,0,59.55,26.29,low,OK
TX_007762,STORE_03,mall,CHK_005,17,6,1,regular,card,0,2,0,0,30,0,0,0,1,205,994,1,32.0,0.0,0,17.2,2.85,low,OK
TX_007763,STORE_02,city,CHK_039,21,6,1,new,mobile,0,9,2,0,102,0,1,1,0,195,994,5,110.8,12.31,0,68.8,31.41,low,OK
TX_007764,STORE_03,mall,CHK_040,11,0,0,regular,card,1,7,0,0,56,0,0,0,1,193,994,0,64.6,0.0,0,36.5,13.53,low,OK
TX_007765,STORE_02,city,CHK_006,10,0,0,regular,card,1,10,1,0,93,0,0,0,0,223,994,2,93.5,0.0,0,56.75,24.74,low,OK
TX_007766,STORE_03,mall,CHK_040,12,1,0,new,card,1,11,2,0,157,0,1,0,1,193,994,4,140.7,6.13,0,84.94999999999999,40.35,medium,WATCH
TX_007767,STORE_05,retail_park,CHK_005,17,6,1,professional,card,1,8,1,0,91,0,2,0,2,205,993,2,91.2,0.2,0,54.4,23.44,low,OK
TX_007768,STORE_06,retail_park,CHK_018,15,6,1,professional,card,1,9,0,0,101,0,2,0,2,200,1000,0,91.1,0.15,0,50.949999999999996,21.53,low,OK
TX_007769,STORE_03,mall,CHK_007,13,6,1,regular,card,0,13,3,1,190,1,0,0,1,217,994,11,188.6,96.26,1,122.1,60.92,high,OPEN_SUPPORT
TX_007770,STORE_08,hyper,CHK_004,15,2,0,regular,card,0,15,2,0,140,0,0,0,3,219,982,5,143.4,6.97,0,88.7,42.43,medium,WATCH
TX_007771,STORE_06,retail_park,CHK_008,12,6,1,regular,card,0,16,0,0,193,0,0,0,2,173,1000,1,151.7,2.46,0,85.44999999999999,40.63,medium,WATCH
TX_007772,STORE_04,mall,CHK_012,19,4,0,regular,card,0,5,1,0,82,0,0,0,1,201,987,3,78.9,0.17,0,46.45,19.04,low,OK
TX_007773,STORE_06,retail_park,CHK_018,14,3,0,regular,mobile,0,3,1,0,46,0,0,1,2,200,1000,3,48.3,0.37,0,29.95,9.91,low,OK
TX_007774,STORE_07,hyper,CHK_029,10,6,1,regular,mobile,0,12,0,0,121,0,0,1,3,211,1063,1,107.5,0.52,0,60.95,27.07,low,OK
TX_007775,STORE_06,retail_park,CHK_021,20,1,0,regular,card,1,11,2,0,111,0,0,0,2,203,1000,4,123.3,2.22,0,76.25,35.54,medium,WATCH
TX_007776,STORE_04,mall,CHK_004,11,1,0,regular,card,1,1,1,0,30,0,0,0,1,219,987,2,33.1,0.0,0,21.150000000000002,5.04,low,OK
TX_007777,STORE_02,city,CHK_018,9,1,0,new,card,1,1,1,0,33,0,1,0,0,200,994,2,32.4,0.0,0,20.8,4.84,low,OK
TX_007778,STORE_04,mall,CHK_021,11,0,0,professional,card,0,14,1,0,118,0,2,0,1,203,987,3,138.2,18.27,0,81.5,38.44,medium,WATCH
TX_007779,STORE_07,hyper,CHK_040,8,0,0,regular,card,1,21,0,0,154,0,0,0,3,193,1063,0,160.6,0.8,0,92.89999999999999,44.76,medium,WATCH
TX_007780,STORE_07,hyper,CHK_040,18,0,0,regular,card,0,18,0,0,192,0,0,0,3,193,1063,1,178.8,3.55,0,100.2,48.8,medium,WATCH
TX_007781,STORE_06,retail_park,CHK_015,8,4,0,regular,mobile,1,16,1,0,150,0,0,1,2,207,1000,2,138.0,0.0,0,82.6,39.05,medium,WATCH
TX_007782,STORE_02,city,CHK_039,14,4,0,new,card,1,8,4,0,144,0,1,0,0,195,994,8,140.4,6.54,0,91.0,43.7,medium,WATCH
TX_007783,STORE_04,mall,CHK_015,16,6,1,regular,card,1,14,2,0,119,0,0,0,1,207,987,4,128.5,5.9,0,80.65,37.97,medium,WATCH
TX_007784,STORE_01,city,CHK_021,9,1,0,regular,gift_card,1,1,1,0,32,0,0,2,0,203,987,2,32.2,0.0,0,20.700000000000003,4.79,low,OK
TX_007785,STORE_08,hyper,CHK_001,18,3,0,new,card,0,16,1,0,259,1,1,0,3,209,982,3,205.4,83.93,1,116.3,57.71,high,OPEN_SUPPORT
TX_007786,STORE_06,retail_park,CHK_008,16,6,1,new,mobile,1,7,2,0,83,0,1,1,2,173,1000,4,101.5,0.0,0,62.95,28.18,low,OK
TX_007787,STORE_08,hyper,CHK_002,16,5,1,regular,card,0,20,1,0,192,0,0,0,3,161,982,3,186.2,4.52,0,109.1,53.72,medium,WATCH
TX_007788,STORE_05,retail_park,CHK_027,16,4,0,regular,card,1,2,2,0,46,0,0,0,2,200,993,4,46.8,0.06,0,32.6,11.38,low,OK
TX_007789,STORE_08,hyper,CHK_034,12,0,0,regular,card,0,15,0,0,137,0,0,0,3,189,982,1,144.1,2.72,0,81.05,38.2,medium,WATCH
TX_007790,STORE_05,retail_park,CHK_018,12,0,0,regular,card,1,1,1,0,35,0,0,0,2,200,993,2,31.5,0.01,0,20.35,4.59,low,OK
TX_007791,STORE_03,mall,CHK_031,15,6,1,new,card,0,11,0,0,130,0,1,0,1,194,994,1,131.2,20.02,0,72.19999999999999,33.3,low,OK
TX_007792,STORE_02,city,CHK_025,16,5,1,new,mobile,0,7,0,0,80,0,1,1,0,213,994,1,80.1,2.33,0,44.25,17.82,low,OK
TX_007793,STORE_05,retail_park,CHK_039,15,5,1,regular,card,0,13,3,0,154,0,0,0,2,195,993,7,125.4,36.19,0,82.5,39.0,medium,WATCH
TX_007794,STORE_07,hyper,CHK_029,20,4,0,regular,card,0,17,0,0,170,0,0,0,3,211,1063,1,178.9,3.12,0,99.65,48.49,medium,WATCH
TX_007795,STORE_06,retail_park,CHK_034,12,4,0,regular,card,1,1,0,0,25,0,0,0,2,189,1000,0,26.2,0.0,0,13.7,0.91,low,OK
TX_007796,STORE_07,hyper,CHK_033,19,5,1,regular,mobile,0,9,2,0,120,0,0,1,3,192,1063,5,118.0,1.78,0,72.4,33.41,low,OK
TX_007797,STORE_06,retail_park,CHK_029,8,1,0,regular,gift_card,1,6,1,0,75,0,0,2,2,211,1000,2,70.9,0.12,0,43.050000000000004,17.16,low,OK
TX_007798,STORE_02,city,CHK_026,15,4,0,professional,card,0,11,0,0,112,0,2,0,0,183,994,1,120.8,12.81,0,67.0,30.42,low,OK
TX_007799,STORE_02,city,CHK_035,15,6,1,new,card,0,10,2,1,184,1,1,0,0,218,994,9,174.0,92.78,1,109.0,53.67,medium,OPEN_SUPPORT
TX_007800,STORE_02,city,CHK_005,11,4,0,regular,card,0,9,0,0,78,0,0,0,0,205,994,1,90.0,0.14,0,50.4,21.23,low,OK
TX_007801,STORE_06,retail_park,CHK_014,13,3,0,regular,card,1,3,3,0,65,0,0,0,2,213,1000,6,61.3,0.14,0,44.449999999999996,17.94,low,OK
TX_007802,STORE_05,retail_park,CHK_033,12,6,1,new,card,0,15,2,0,219,1,1,0,2,192,993,5,202.7,83.23,1,118.35,58.84,high,OPEN_SUPPORT
TX_007803,STORE_06,retail_park,CHK_014,8,3,0,professional,card,1,8,0,1,144,0,2,0,2,213,1000,4,130.0,10.73,0,77.8,36.4,medium,WATCH
TX_007804,STORE_07,hyper,CHK_012,12,0,0,new,card,1,8,0,0,102,0,1,0,3,201,1063,0,97.3,0.0,0,53.449999999999996,22.92,low,OK
TX_007805,STORE_03,mall,CHK_015,10,6,1,regular,card,1,6,0,0,57,0,0,0,1,207,994,0,62.8,0.0,0,35.0,12.7,low,OK
TX_007806,STORE_08,hyper,CHK_003,11,1,0,regular,mobile,1,17,1,0,123,0,0,1,3,195,982,2,139.4,0.2,0,83.9,39.77,medium,WATCH
TX_007807,STORE_05,retail_park,CHK_025,8,3,0,regular,card,1,6,0,0,56,0,0,0,2,213,993,0,56.2,0.0,0,31.700000000000003,10.88,low,OK
TX_007808,STORE_05,retail_park,CHK_009,15,6,1,regular,card,0,4,1,0,57,0,0,0,2,211,993,3,56.2,0.16,0,34.5,12.43,low,OK
TX_007809,STORE_04,mall,CHK_037,11,5,1,regular,mobile,1,7,1,0,62,0,0,1,1,194,987,2,79.1,0.0,0,47.75,19.76,low,OK
TX_007810,STORE_04,mall,CHK_021,21,6,1,regular,card,1,6,0,1,113,0,0,0,1,203,987,4,110.8,7.3,0,67.0,30.42,low,OK
TX_007811,STORE_06,retail_park,CHK_005,16,4,0,regular,card,1,13,0,1,176,1,0,0,2,205,1000,4,166.9,86.89,1,99.25,48.27,medium,OPEN_SUPPORT
TX_007812,STORE_01,city,CHK_029,19,6,1,new,card,0,5,2,0,90,0,1,0,0,211,987,5,91.8,12.97,0,56.9,24.83,low,OK
TX_007813,STORE_07,hyper,CHK_031,9,1,0,regular,mobile,1,9,0,0,79,0,0,1,3,194,1063,0,80.9,0.0,0,45.85,18.71,low,OK
TX_007814,STORE_01,city,CHK_010,19,0,0,regular,mobile,1,11,2,0,107,0,0,1,0,204,987,4,121.3,1.28,0,75.25,34.98,low,OK
TX_007815,STORE_06,retail_park,CHK_015,19,6,1,regular,mobile,1,2,2,1,106,0,0,1,2,207,1000,8,91.8,19.33,0,63.1,28.26,low,OK
TX_007816,STORE_03,mall,CHK_002,16,4,0,new,card,1,11,2,0,143,0,1,0,1,161,994,4,131.5,4.49,0,80.35,37.81,medium,WATCH
TX_007817,STORE_01,city,CHK_029,11,3,0,regular,card,0,3,0,0,45,0,0,0,0,211,987,1,41.9,0.08,0,22.75,5.92,low,OK
TX_007818,STORE_02,city,CHK_001,17,5,1,regular,card,1,10,0,0,103,0,0,0,0,209,994,0,91.2,0.56,0,51.6,21.89,low,OK
TX_007819,STORE_02,city,CHK_024,19,4,0,regular,card,1,2,1,0,40,0,0,0,0,217,994,2,40.3,0.0,0,25.349999999999998,7.36,low,OK
TX_007820,STORE_03,mall,CHK_016,21,1,0,regular,card,1,10,1,3,230,1,0,0,1,195,994,14,220.1,94.0,1,144.05,73.07,high,OPEN_SUPPORT
TX_007821,STORE_08,hyper,CHK_005,19,0,0,new,card,0,8,1,0,128,0,1,0,3,205,982,3,120.8,5.76,0,69.2,31.64,low,OK
TX_007822,STORE_08,hyper,CHK_008,13,0,0,regular,card,1,14,0,0,136,0,0,0,3,173,982,0,125.3,0.0,0,71.05,32.66,low,OK
TX_007823,STORE_01,city,CHK_012,12,1,0,regular,card,0,4,2,0,66,0,0,0,0,201,987,5,65.2,0.31,0,43.0,17.13,low,OK
TX_007824,STORE_03,mall,CHK_029,16,2,0,regular,mobile,0,5,1,0,67,0,0,1,1,211,994,3,62.4,0.16,0,38.2,14.48,low,OK
TX_007825,STORE_05,retail_park,CHK_002,19,4,0,regular,card,0,9,0,0,94,0,0,0,2,161,993,1,106.3,0.28,0,58.55,25.74,low,OK
TX_007826,STORE_07,hyper,CHK_014,15,5,1,regular,card,1,11,0,0,111,0,0,0,3,213,1063,0,100.8,0.03,0,57.0,24.88,low,OK
TX_007827,STORE_02,city,CHK_017,19,1,0,regular,card,0,4,1,0,68,0,0,0,0,202,994,3,63.9,0.3,0,38.35,14.56,low,OK
TX_007828,STORE_06,retail_park,CHK_002,15,5,1,new,gift_card,1,16,1,0,179,0,1,2,2,161,1000,2,177.6,4.49,0,102.39999999999999,50.01,medium,WATCH
TX_007829,STORE_03,mall,CHK_027,9,4,0,new,card,0,5,0,1,119,1,1,0,1,200,994,5,108.2,91.76,1,65.1,29.37,low,OPEN_SUPPORT
TX_007830,STORE_05,retail_park,CHK_024,19,1,0,regular,card,1,9,0,0,104,0,0,0,2,217,993,0,105.9,0.01,0,58.35,25.63,low,OK
TX_007831,STORE_04,mall,CHK_016,18,5,1,regular,mobile,1,1,1,0,35,0,0,1,1,195,987,2,33.5,0.0,0,21.35,5.15,low,OK
TX_007832,STORE_01,city,CHK_022,21,4,0,new,card,0,11,1,0,129,0,1,0,0,223,987,3,128.4,26.51,0,74.8,34.74,low,OK
TX_007833,STORE_04,mall,CHK_022,15,1,0,regular,card,1,11,1,0,104,0,0,0,1,223,987,2,96.3,0.32,0,58.75,25.85,low,OK
TX_007834,STORE_05,retail_park,CHK_036,11,3,0,regular,mobile,1,7,0,0,71,0,0,1,2,205,993,0,69.4,0.0,0,38.900000000000006,14.86,low,OK
TX_007835,STORE_02,city,CHK_004,12,4,0,regular,card,0,1,0,0,29,0,0,0,0,219,994,1,28.6,0.14,0,14.9,1.58,low,OK
TX_007836,STORE_07,hyper,CHK_020,15,2,0,regular,card,1,14,0,1,160,1,0,0,3,175,1063,4,172.8,80.97,1,102.80000000000001,50.24,medium,OPEN_SUPPORT
TX_007837,STORE_08,hyper,CHK_028,13,4,0,regular,card,1,11,2,0,124,0,0,0,3,218,982,4,122.9,1.12,0,76.05,35.43,medium,WATCH
TX_007838,STORE_02,city,CHK_031,12,6,1,new,card,0,9,0,0,106,0,1,0,0,194,994,1,114.7,4.31,0,62.75,28.07,low,OK
TX_007839,STORE_07,hyper,CHK_010,16,5,1,regular,card,0,11,0,0,88,0,0,0,3,204,1063,1,97.0,1.09,0,55.1,23.83,low,OK
TX_007840,STORE_05,retail_park,CHK_001,16,5,1,regular,card,0,6,1,0,71,0,0,0,2,209,993,3,74.3,0.28,0,44.75,18.1,low,OK
TX_007841,STORE_04,mall,CHK_027,15,4,0,regular,card,0,1,1,0,31,0,0,0,1,200,987,3,33.4,0.19,0,21.3,5.12,low,OK
TX_007842,STORE_02,city,CHK_032,13,2,0,regular,card,0,8,0,0,86,0,0,0,0,205,994,1,87.8,0.09,0,48.699999999999996,20.29,low,OK
TX_007843,STORE_06,retail_park,CHK_028,16,4,0,new,card,1,11,0,0,98,0,1,0,2,218,1000,0,110.1,0.88,0,61.65,27.46,low,OK
TX_007844,STORE_07,hyper,CHK_002,18,3,0,regular,mobile,0,8,2,1,170,1,0,1,3,161,1063,9,155.4,71.84,1,98.5,47.85,medium,OPEN_SUPPORT
TX_007845,STORE_03,mall,CHK_040,19,0,0,regular,card,0,5,1,0,80,0,0,0,1,193,994,3,78.6,0.38,0,46.3,18.96,low,OK
TX_007846,STORE_01,city,CHK_019,10,2,0,new,card,0,1,1,0,39,0,1,0,0,187,987,3,39.6,2.58,0,24.400000000000002,6.84,low,OK
TX_007847,STORE_04,mall,CHK_002,16,6,1,new,card,0,12,0,0,151,0,1,0,1,161,987,1,129.6,16.29,0,72.0,33.19,low,OK
TX_007848,STORE_06,retail_park,CHK_032,13,1,0,new,card,0,8,0,0,102,0,1,0,2,205,1000,1,104.0,4.24,0,56.8,24.77,low,OK
TX_007849,STORE_08,hyper,CHK_013,21,5,1,regular,mobile,0,12,1,1,148,0,0,1,3,192,982,7,150.8,47.58,0,94.60000000000001,45.7,medium,WATCH
TX_007850,STORE_05,retail_park,CHK_019,9,0,0,regular,card,1,9,1,0,81,0,0,0,2,187,993,2,83.1,0.06,0,50.949999999999996,21.53,low,OK
TX_007851,STORE_07,hyper,CHK_026,11,1,0,regular,card,1,6,0,0,66,0,0,0,3,183,1063,0,63.7,0.0,0,35.45,12.95,low,OK
TX_007852,STORE_06,retail_park,CHK_030,17,4,0,regular,gift_card,1,12,3,0,137,0,0,2,2,197,1000,6,127.2,2.41,0,82.8,39.16,medium,WATCH
TX_007853,STORE_04,mall,CHK_001,12,3,0,regular,card,1,6,2,0,89,0,0,0,1,209,987,4,79.1,0.07,0,51.15,21.64,low,OK
TX_007854,STORE_05,retail_park,CHK_019,20,6,1,professional,card,0,6,0,0,83,0,2,0,2,187,993,1,87.2,1.41,0,47.2,19.46,low,OK
TX_007855,STORE_04,mall,CHK_016,10,4,0,regular,card,0,6,0,0,62,0,0,0,1,195,987,1,65.8,0.08,0,36.5,13.53,low,OK
TX_007856,STORE_01,city,CHK_022,20,1,0,regular,card,0,14,0,0,173,0,0,0,0,223,987,1,162.2,3.43,0,89.5,42.87,medium,WATCH
TX_007857,STORE_04,mall,CHK_028,11,2,0,new,card,0,4,1,0,72,0,1,0,1,218,987,3,67.6,3.11,0,40.199999999999996,15.58,low,OK
TX_007858,STORE_07,hyper,CHK_007,11,2,0,new,card,0,15,2,0,179,1,1,0,3,217,1063,5,171.8,89.97,1,102.9,50.29,medium,OPEN_SUPPORT
TX_007859,STORE_03,mall,CHK_020,16,5,1,professional,card,0,16,0,0,162,0,2,0,1,175,994,1,161.6,14.85,0,90.39999999999999,43.37,medium,WATCH
TX_007860,STORE_06,retail_park,CHK_032,8,3,0,regular,card,1,9,0,0,83,0,0,0,2,205,1000,0,81.7,0.2,0,46.25,18.93,low,OK
TX_007861,STORE_03,mall,CHK_038,16,2,0,professional,mobile,0,7,0,0,75,0,2,1,1,194,994,1,75.6,1.3,0,42.0,16.58,low,OK
TX_007862,STORE_06,retail_park,CHK_040,21,2,0,regular,card,1,10,0,1,134,0,0,0,2,193,1000,4,136.2,52.36,1,82.1,38.78,medium,MONITOR_QUEUE
TX_007863,STORE_01,city,CHK_039,12,4,0,professional,mobile,1,11,0,0,135,0,2,1,0,195,987,0,117.5,0.0,0,65.35,29.5,low,OK
TX_007864,STORE_03,mall,CHK_038,11,5,1,new,card,1,6,0,0,67,0,1,0,1,194,994,0,70.6,0.39,0,38.9,14.86,low,OK
TX_007865,STORE_07,hyper,CHK_035,8,2,0,regular,mobile,1,9,0,0,75,0,0,1,3,218,1063,0,81.6,0.0,0,46.199999999999996,18.9,low,OK
TX_007866,STORE_06,retail_park,CHK_029,16,0,0,regular,card,1,6,0,0,61,0,0,0,2,211,1000,0,62.8,0.16,0,35.0,12.7,low,OK
TX_007867,STORE_03,mall,CHK_012,11,3,0,professional,card,0,8,0,0,101,0,2,0,1,201,994,1,94.2,1.72,0,51.9,22.06,low,OK
TX_007868,STORE_06,retail_park,CHK_035,16,2,0,regular,mobile,0,8,0,0,64,0,0,1,2,218,1000,1,69.5,0.24,0,39.55,15.22,low,OK
TX_007869,STORE_07,hyper,CHK_024,17,2,0,new,card,1,7,2,0,85,0,1,0,3,217,1063,4,95.8,0.04,0,60.1,26.6,low,OK
TX_007870,STORE_05,retail_park,CHK_029,10,5,1,new,card,1,4,0,0,52,0,1,0,2,211,993,0,53.0,0.23,0,28.9,9.33,low,OK
TX_007871,STORE_06,retail_park,CHK_031,18,4,0,new,card,1,16,1,0,238,0,1,0,2,194,1000,2,192.6,8.05,0,109.89999999999999,54.17,medium,WATCH
TX_007872,STORE_08,hyper,CHK_004,11,1,0,regular,card,1,5,1,1,95,0,0,0,3,219,982,6,110.5,12.53,0,70.25,32.22,low,OK
TX_007873,STORE_06,retail_park,CHK_019,21,5,1,new,card,0,8,0,0,87,0,1,0,2,187,1000,1,94.8,4.15,0,52.199999999999996,22.23,low,OK
TX_007874,STORE_07,hyper,CHK_019,16,0,0,new,card,0,5,3,0,99,1,1,0,3,187,1063,7,87.5,45.15,0,58.75,25.85,low,OK
TX_007875,STORE_06,retail_park,CHK_028,17,0,0,regular,gift_card,1,18,0,0,180,0,0,2,2,218,1000,0,186.8,0.68,0,104.2,51.01,medium,WATCH
TX_007876,STORE_03,mall,CHK_007,21,2,0,regular,card,1,10,1,0,107,0,0,0,1,217,994,2,103.6,0.11,0,61.8,27.54,low,OK
TX_007877,STORE_07,hyper,CHK_012,19,0,0,new,card,1,7,3,0,134,0,1,0,3,201,1063,6,125.6,3.29,0,79.0,37.06,medium,WATCH
TX_007878,STORE_03,mall,CHK_035,20,0,0,regular,card,1,10,0,0,106,0,0,0,1,218,994,0,111.2,0.11,0,61.6,27.43,low,OK
TX_007879,STORE_04,mall,CHK_001,15,6,1,regular,card,0,5,2,1,120,0,0,0,1,209,987,9,112.9,34.65,0,75.45,35.1,medium,WATCH
TX_007880,STORE_03,mall,CHK_022,18,1,0,professional,card,1,7,1,0,97,0,2,0,1,223,994,2,94.0,0.22,0,55.2,23.89,low,OK
TX_007881,STORE_06,retail_park,CHK_017,8,6,1,new,card,0,9,0,2,194,1,1,0,2,202,1000,9,180.2,84.33,1,111.5,55.05,high,OPEN_SUPPORT
TX_007882,STORE_02,city,CHK_034,16,2,0,new,mobile,0,7,1,1,137,1,1,1,0,189,994,7,133.4,95.19,1,82.9,39.22,medium,OPEN_SUPPORT
TX_007883,STORE_05,retail_park,CHK_021,21,5,1,regular,card,1,18,0,2,231,1,0,0,2,203,993,8,261.7,87.43,1,157.65,80.6,critical,OPEN_SUPPORT
TX_007884,STORE_02,city,CHK_005,17,1,0,regular,card,1,11,1,0,100,0,0,0,0,205,994,2,97.3,0.03,0,59.25,26.13,low,OK
TX_007885,STORE_05,retail_park,CHK_026,15,4,0,regular,card,1,12,0,0,115,0,0,0,2,183,993,0,111.4,0.0,0,62.900000000000006,28.15,low,OK
TX_007886,STORE_05,retail_park,CHK_019,11,6,1,regular,card,0,15,0,0,144,0,0,0,2,187,993,1,137.2,3.77,0,77.6,36.29,medium,WATCH
TX_007887,STORE_08,hyper,CHK_021,10,5,1,regular,card,1,13,0,0,108,0,0,0,3,203,982,0,111.7,0.05,0,63.65,28.56,low,OK
TX_007888,STORE_05,retail_park,CHK_021,18,1,0,regular,card,1,4,0,1,88,0,0,0,2,203,993,4,92.4,12.15,0,56.6,24.66,low,OK
TX_007889,STORE_08,hyper,CHK_038,14,5,1,regular,card,0,2,0,1,70,0,0,0,3,194,982,5,73.3,16.55,0,45.85,18.71,low,OK
TX_007890,STORE_01,city,CHK_010,8,2,0,regular,card,0,8,0,0,89,0,0,0,0,204,987,1,81.9,0.02,0,45.75,18.65,low,OK
TX_007891,STORE_07,hyper,CHK_037,14,3,0,regular,card,1,8,2,0,103,0,0,0,3,194,1063,4,97.1,0.01,0,61.349999999999994,27.29,low,OK
TX_007892,STORE_07,hyper,CHK_009,17,2,0,regular,card,1,3,2,0,48,0,0,0,3,211,1063,4,51.4,0.01,0,35.5,12.98,low,OK
TX_007893,STORE_01,city,CHK_016,19,2,0,regular,card,1,9,1,0,123,0,0,0,0,195,987,2,108.6,0.19,0,63.699999999999996,28.59,low,OK
TX_007894,STORE_03,mall,CHK_003,20,6,1,regular,card,0,11,1,1,200,1,0,0,1,195,994,7,179.6,79.85,1,108.39999999999999,53.34,medium,OPEN_SUPPORT
TX_007895,STORE_04,mall,CHK_033,12,5,1,professional,card,1,8,0,0,79,0,2,0,1,192,987,0,84.2,0.34,0,46.9,19.29,low,OK
TX_007896,STORE_05,retail_park,CHK_004,8,6,1,new,card,1,6,0,0,80,0,1,0,2,219,993,0,74.1,0.23,0,40.65,15.83,low,OK
TX_007897,STORE_08,hyper,CHK_017,20,0,0,professional,card,1,17,1,1,229,1,2,0,3,202,982,6,244.6,95.31,1,144.5,73.32,high,OPEN_SUPPORT
TX_007898,STORE_02,city,CHK_001,20,2,0,regular,card,1,3,0,0,49,0,0,0,0,209,994,0,48.8,0.03,0,26.2,7.83,low,OK
TX_007899,STORE_04,mall,CHK_011,18,1,0,regular,card,1,13,1,0,123,0,0,0,1,179,987,2,137.6,0.2,0,80.6,37.95,medium,WATCH
TX_007900,STORE_03,mall,CHK_021,9,6,1,regular,card,0,11,0,1,177,1,0,0,1,203,994,5,142.0,60.24,1,85.6,40.71,medium,MONITOR_QUEUE
TX_007901,STORE_06,retail_park,CHK_001,8,5,1,regular,card,0,3,2,0,56,0,0,0,2,209,1000,5,56.4,0.02,0,38.0,14.36,low,OK
TX_007902,STORE_07,hyper,CHK_026,9,2,0,regular,card,1,17,3,0,140,0,0,0,3,183,1063,6,149.9,11.75,0,97.15,47.11,medium,WATCH
TX_007903,STORE_01,city,CHK_028,17,3,0,regular,card,1,8,0,1,135,0,0,0,0,218,987,4,127.1,7.23,0,76.35,35.59,medium,WATCH
TX_007904,STORE_04,mall,CHK_024,16,0,0,regular,card,1,12,0,0,111,0,0,0,1,217,987,0,103.3,0.0,0,58.849999999999994,25.91,low,OK
TX_007905,STORE_07,hyper,CHK_011,21,4,0,professional,mobile,1,14,1,0,130,0,2,1,3,179,1063,2,143.8,0.56,0,84.30000000000001,39.99,medium,WATCH
TX_007906,STORE_02,city,CHK_039,18,4,0,new,card,1,4,1,0,80,0,1,0,0,195,994,2,73.7,0.33,0,43.25,17.27,low,OK
TX_007907,STORE_06,retail_park,CHK_026,12,4,0,new,card,0,5,1,0,77,0,1,0,2,183,1000,3,75.5,4.54,0,44.75,18.1,low,OK
TX_007908,STORE_06,retail_park,CHK_037,10,0,0,regular,card,1,11,0,0,89,0,0,0,2,194,1000,0,96.1,0.2,0,54.65,23.58,low,OK
TX_007909,STORE_07,hyper,CHK_002,16,0,0,regular,mobile,0,11,2,0,124,0,0,1,3,161,1063,5,116.2,5.83,0,72.69999999999999,33.57,low,OK
TX_007910,STORE_01,city,CHK_007,19,2,0,regular,card,1,1,0,1,65,0,0,0,0,217,987,4,66.4,6.56,0,41.800000000000004,16.47,low,OK
TX_007911,STORE_05,retail_park,CHK_005,11,3,0,professional,mobile,0,11,1,0,120,0,2,1,2,205,993,3,127.5,5.64,0,74.35,34.49,low,OK
TX_007912,STORE_06,retail_park,CHK_020,18,0,0,new,card,0,13,1,0,200,1,1,0,2,175,1000,3,193.9,71.4,1,108.75,53.53,medium,OPEN_SUPPORT
TX_007913,STORE_08,hyper,CHK_016,14,1,0,regular,card,1,7,1,1,136,0,0,0,3,195,982,6,130.8,12.4,0,81.60000000000001,38.5,medium,WATCH
TX_007914,STORE_03,mall,CHK_010,17,2,0,regular,card,0,9,0,0,92,0,0,0,1,204,994,1,88.7,0.21,0,49.75,20.87,low,OK
TX_007915,STORE_04,mall,CHK_022,20,2,0,regular,card,0,5,0,0,72,0,0,0,1,223,987,1,73.5,0.21,0,39.75,15.33,low,OK
TX_007916,STORE_06,retail_park,CHK_036,10,4,0,new,card,0,13,1,0,168,1,1,0,2,205,1000,3,146.3,75.15,1,84.95,40.35,medium,OPEN_SUPPORT
TX_007917,STORE_05,retail_park,CHK_017,9,4,0,new,card,1,7,0,0,80,0,1,0,2,202,993,0,81.5,0.23,0,44.95,18.21,low,OK
TX_007918,STORE_01,city,CHK_019,21,4,0,new,card,0,10,0,0,101,0,1,0,0,187,987,1,109.1,7.43,0,60.55,26.85,low,OK
TX_007919,STORE_08,hyper,CHK_013,14,2,0,professional,mobile,1,8,1,0,100,0,2,1,3,192,982,2,91.1,0.0,0,54.349999999999994,23.42,low,OK
TX_007920,STORE_04,mall,CHK_018,21,3,0,regular,card,1,7,2,0,73,0,0,0,1,200,987,4,79.3,0.03,0,51.85,22.03,low,OK
TX_007921,STORE_02,city,CHK_027,17,6,1,regular,mobile,0,14,0,1,197,1,0,1,0,200,994,5,184.2,89.89,1,108.5,53.39,medium,OPEN_SUPPORT
TX_007922,STORE_03,mall,CHK_033,11,3,0,professional,card,1,11,0,0,91,0,2,0,1,192,994,0,105.4,0.32,0,59.300000000000004,26.16,low,OK
TX_007923,STORE_03,mall,CHK_037,13,5,1,regular,card,1,8,1,1,133,0,0,0,1,194,994,6,127.2,11.59,0,80.39999999999999,37.84,medium,WATCH
TX_007924,STORE_04,mall,CHK_016,21,3,0,professional,card,0,9,1,0,97,0,2,0,1,195,987,3,102.0,2.77,0,60.4,26.76,low,OK
TX_007925,STORE_07,hyper,CHK_037,20,1,0,regular,card,1,13,2,0,119,0,0,0,3,194,1063,4,152.4,1.84,0,92.0,44.26,medium,WATCH
TX_007926,STORE_07,hyper,CHK_005,17,3,0,new,card,0,7,0,0,84,0,1,0,3,205,1063,1,82.1,4.69,0,45.25,18.38,low,OK
TX_007927,STORE_01,city,CHK_019,10,4,0,new,card,1,7,0,0,74,0,1,0,0,187,987,0,81.0,0.0,0,44.7,18.07,low,OK
TX_007928,STORE_01,city,CHK_010,21,0,0,regular,mobile,0,5,0,0,55,0,0,1,0,204,987,1,55.6,0.16,0,30.8,10.38,low,OK
TX_007929,STORE_05,retail_park,CHK_031,8,4,0,regular,gift_card,1,13,0,0,123,0,0,2,2,194,993,0,115.1,0.0,0,65.35,29.5,low,OK
TX_007930,STORE_01,city,CHK_009,14,3,0,regular,card,1,5,1,0,70,0,0,0,0,211,987,2,64.5,0.01,0,39.25,15.06,low,OK
TX_007931,STORE_07,hyper,CHK_015,9,6,1,new,card,0,3,2,0,61,0,1,0,3,207,1063,5,61.5,7.09,0,40.55,15.78,low,OK
TX_007932,STORE_03,mall,CHK_021,8,2,0,professional,card,1,8,1,0,90,0,2,0,1,203,994,2,86.7,0.09,0,52.15,22.2,low,OK
TX_007933,STORE_06,retail_park,CHK_004,14,3,0,regular,card,1,10,0,0,98,0,0,0,2,219,1000,0,101.1,0.27,0,56.55,24.63,low,OK
TX_007934,STORE_01,city,CHK_022,11,6,1,regular,gift_card,0,9,2,1,144,0,0,2,0,223,987,9,141.6,27.62,0,92.2,44.37,medium,WATCH
TX_007935,STORE_07,hyper,CHK_023,21,0,0,regular,card,0,12,2,0,115,0,0,0,3,188,1063,5,116.6,5.35,0,73.5,34.02,low,OK
TX_007936,STORE_04,mall,CHK_015,17,4,0,new,card,0,9,1,0,98,0,1,0,1,207,987,3,112.6,4.9,0,65.7,29.7,low,OK
TX_007937,STORE_04,mall,CHK_001,11,6,1,regular,card,1,15,1,0,145,0,0,0,1,209,987,2,139.6,0.43,0,82.8,39.16,medium,WATCH
TX_007938,STORE_02,city,CHK_004,17,2,0,new,card,1,5,0,0,70,0,1,0,0,219,994,0,69.1,0.16,0,37.55,14.12,low,OK
TX_007939,STORE_02,city,CHK_011,21,1,0,regular,card,1,3,0,0,36,0,0,0,0,179,994,0,38.9,0.03,0,21.25,5.09,low,OK
TX_007940,STORE_02,city,CHK_038,15,2,0,new,mobile,0,5,1,1,97,1,1,1,0,194,994,7,111.1,93.66,1,70.55,32.38,low,OPEN_SUPPORT
TX_007941,STORE_06,retail_park,CHK_034,14,0,0,new,card,0,12,1,0,173,1,1,0,2,189,1000,3,152.4,49.78,0,87.4,41.71,medium,WATCH
TX_007942,STORE_07,hyper,CHK_031,20,6,1,new,card,1,15,1,0,190,0,1,0,3,194,1063,2,189.5,8.38,0,107.75,52.98,medium,WATCH
TX_007943,STORE_08,hyper,CHK_020,8,4,0,new,card,0,8,1,0,116,0,1,0,3,175,982,3,101.8,2.45,0,59.699999999999996,26.38,low,OK
TX_007944,STORE_07,hyper,CHK_028,13,0,0,new,card,1,7,1,1,133,0,1,0,3,218,1063,6,132.9,22.11,0,82.65,39.08,medium,WATCH
TX_007945,STORE_06,retail_park,CHK_012,12,2,0,new,card,1,2,0,0,43,0,1,0,2,201,1000,0,42.5,0.24,0,22.45,5.76,low,OK
TX_007946,STORE_05,retail_park,CHK_028,14,4,0,regular,card,1,2,0,0,38,0,0,0,2,218,993,0,32.8,0.0,0,17.599999999999998,3.07,low,OK
TX_007947,STORE_03,mall,CHK_039,14,5,1,regular,mobile,0,7,0,0,81,0,0,1,1,195,994,1,82.3,0.08,0,45.35,18.43,low,OK
TX_007948,STORE_03,mall,CHK_035,20,5,1,regular,card,0,10,0,0,102,0,0,0,1,218,994,1,116.8,0.33,0,64.4,28.98,low,OK
TX_007949,STORE_08,hyper,CHK_040,21,6,1,regular,card,0,13,0,0,114,0,0,0,3,193,982,1,109.3,2.54,0,62.449999999999996,27.9,low,OK
TX_007950,STORE_05,retail_park,CHK_031,19,3,0,regular,card,0,5,1,0,77,0,0,0,2,194,993,3,79.0,0.19,0,46.5,19.07,low,OK
TX_007951,STORE_07,hyper,CHK_030,18,1,0,new,card,1,12,0,0,132,0,1,0,3,197,1063,0,146.0,2.63,0,80.2,37.72,medium,WATCH
TX_007952,STORE_04,mall,CHK_004,11,1,0,new,card,0,15,0,0,181,1,1,0,1,219,987,1,177.3,75.7,1,97.65,47.38,medium,OPEN_SUPPORT
TX_007953,STORE_05,retail_park,CHK_030,19,1,0,regular,mobile,1,13,1,0,152,0,0,1,2,197,993,2,140.7,1.13,0,82.14999999999999,38.8,medium,WATCH
TX_007954,STORE_08,hyper,CHK_021,14,5,1,new,card,1,8,0,0,88,0,1,0,3,203,982,0,94.6,0.15,0,52.099999999999994,22.17,low,OK
TX_007955,STORE_04,mall,CHK_026,14,4,0,professional,card,1,7,1,0,92,0,2,0,1,183,987,2,88.5,0.1,0,52.45,22.36,low,OK
TX_007956,STORE_02,city,CHK_014,9,3,0,regular,mobile,1,9,1,0,92,0,0,1,0,213,994,2,84.0,0.0,0,51.4,21.78,low,OK
TX_007957,STORE_08,hyper,CHK_003,20,1,0,new,card,1,10,0,0,145,0,1,0,3,195,982,0,125.8,1.15,0,68.9,31.47,low,OK
TX_007958,STORE_03,mall,CHK_013,19,4,0,regular,card,1,5,2,0,75,0,0,0,1,192,994,4,77.9,0.06,0,49.95,20.98,low,OK
TX_007959,STORE_05,retail_park,CHK_023,9,2,0,professional,gift_card,0,3,2,0,63,0,2,2,2,188,993,5,61.9,1.51,0,40.75,15.89,low,OK
TX_007960,STORE_07,hyper,CHK_011,12,2,0,regular,card,1,2,0,0,33,0,0,0,3,179,1063,0,33.3,0.01,0,17.849999999999998,3.21,low,OK
TX_007961,STORE_04,mall,CHK_031,10,2,0,regular,mobile,0,4,0,1,106,0,0,1,1,194,987,5,101.3,13.23,0,61.05,27.12,low,OK
TX_007962,STORE_05,retail_park,CHK_020,19,3,0,regular,mobile,0,16,1,0,204,0,0,1,2,175,993,3,188.1,2.7,0,107.64999999999999,52.92,medium,WATCH
TX_007963,STORE_05,retail_park,CHK_039,18,3,0,professional,card,0,5,0,0,80,0,2,0,2,195,993,1,81.3,3.28,0,43.65,17.49,low,OK
TX_007964,STORE_05,retail_park,CHK_024,16,3,0,regular,mobile,1,5,0,0,42,0,0,1,2,217,993,0,47.0,0.04,0,26.5,8.0,low,OK
TX_007965,STORE_08,hyper,CHK_032,11,0,0,professional,card,0,14,0,0,160,0,2,0,3,205,982,1,147.7,23.74,0,82.25,38.86,medium,WATCH
TX_007966,STORE_07,hyper,CHK_004,18,3,0,professional,mobile,1,15,2,2,235,1,2,1,3,219,1063,12,234.6,96.12,1,150.3,76.53,critical,OPEN_SUPPORT
TX_007967,STORE_02,city,CHK_030,11,2,0,regular,card,0,13,0,0,135,0,0,0,0,197,994,1,122.2,3.74,0,68.9,31.47,low,OK
TX_007968,STORE_01,city,CHK_035,13,5,1,regular,card,1,6,4,0,74,0,0,0,0,218,987,8,83.9,6.92,0,61.550000000000004,27.4,low,OK
TX_007969,STORE_08,hyper,CHK_023,20,3,0,regular,gift_card,1,19,0,0,216,0,0,2,3,188,982,0,202.6,0.71,0,112.7,55.72,high,MONITOR_QUEUE
TX_007970,STORE_02,city,CHK_025,21,3,0,regular,card,0,4,0,0,42,0,0,0,0,213,994,1,44.6,0.59,0,24.7,7.0,low,OK
TX_007971,STORE_04,mall,CHK_027,14,3,0,new,card,0,7,3,0,132,1,1,0,1,200,987,7,120.9,81.15,1,76.65,35.76,medium,OPEN_SUPPORT
TX_007972,STORE_04,mall,CHK_009,11,0,0,new,card,0,13,3,0,165,1,1,0,1,211,987,7,155.6,87.44,1,97.6,47.36,medium,OPEN_SUPPORT
TX_007973,STORE_08,hyper,CHK_007,20,0,0,regular,gift_card,0,10,0,1,185,1,0,2,3,217,982,5,172.2,76.41,1,100.1,48.74,medium,OPEN_SUPPORT
TX_007974,STORE_02,city,CHK_008,21,1,0,new,card,1,13,0,0,122,0,1,0,0,173,994,0,128.0,2.32,0,71.8,33.08,low,OK
TX_007975,STORE_07,hyper,CHK_010,18,5,1,regular,card,1,15,0,0,166,0,0,0,3,204,1063,0,160.5,0.35,0,89.25,42.73,medium,WATCH
TX_007976,STORE_01,city,CHK_024,10,1,0,regular,mobile,1,13,0,0,107,0,0,1,0,217,987,0,112.5,0.4,0,64.05,28.78,low,OK
TX_007977,STORE_04,mall,CHK_040,18,6,1,new,card,0,9,1,1,183,1,1,0,1,193,987,7,174.7,93.06,1,104.75,51.31,medium,OPEN_SUPPORT
TX_007978,STORE_01,city,CHK_038,14,2,0,regular,mobile,0,11,2,0,138,0,0,1,0,194,987,5,132.2,2.32,0,80.69999999999999,38.0,medium,WATCH
TX_007979,STORE_04,mall,CHK_008,8,1,0,regular,card,1,6,0,0,53,0,0,0,1,173,987,0,55.1,0.0,0,31.15,10.57,low,OK
TX_007980,STORE_06,retail_park,CHK_018,20,2,0,regular,card,0,11,2,0,136,0,0,0,2,200,1000,5,137.8,5.67,0,83.5,39.55,medium,WATCH
TX_007981,STORE_05,retail_park,CHK_010,10,6,1,regular,mobile,1,2,0,0,27,0,0,1,2,204,993,0,29.0,0.0,0,15.7,2.02,low,OK
TX_007982,STORE_07,hyper,CHK_022,14,3,0,regular,mobile,0,14,1,0,135,0,0,1,3,223,1063,3,145.9,5.49,0,85.35000000000001,40.58,medium,WATCH
TX_007983,STORE_05,retail_park,CHK_035,15,4,0,regular,card,0,9,0,1,138,0,0,0,2,218,993,5,139.8,29.04,0,83.30000000000001,39.44,medium,WATCH
TX_007984,STORE_01,city,CHK_024,13,3,0,regular,card,1,17,1,0,167,0,0,0,0,217,987,2,160.5,0.0,0,94.45,45.61,medium,WATCH
TX_007985,STORE_04,mall,CHK_005,19,4,0,regular,card,0,5,0,0,70,0,0,0,1,205,987,1,69.9,0.18,0,37.95,14.34,low,OK
TX_007986,STORE_05,retail_park,CHK_017,9,6,1,new,card,1,6,1,1,116,0,1,0,2,202,993,6,118.3,21.48,0,74.75,34.71,low,OK
TX_007987,STORE_03,mall,CHK_007,19,5,1,regular,card,1,7,0,0,77,0,0,0,1,217,994,0,79.1,0.0,0,43.75,17.55,low,OK
TX_007988,STORE_08,hyper,CHK_039,17,4,0,regular,card,1,7,1,0,72,0,0,0,3,195,982,2,76.2,0.18,0,46.300000000000004,18.96,low,OK
TX_007989,STORE_05,retail_park,CHK_016,21,5,1,regular,mobile,1,8,1,1,110,0,0,1,2,195,993,6,113.7,9.69,0,73.64999999999999,34.1,low,OK
TX_007990,STORE_08,hyper,CHK_004,18,2,0,regular,card,1,13,0,1,184,1,0,0,3,219,982,4,185.9,84.95,1,108.75,53.53,medium,OPEN_SUPPORT
TX_007991,STORE_04,mall,CHK_037,12,0,0,new,card,0,4,1,1,105,1,1,0,1,194,987,7,108.7,92.14,1,68.75,31.39,low,OPEN_SUPPORT
TX_007992,STORE_02,city,CHK_004,19,1,0,regular,card,0,5,1,1,107,0,0,0,0,219,994,7,107.2,13.88,0,68.6,31.3,low,OK
TX_007993,STORE_01,city,CHK_003,11,3,0,regular,card,0,6,0,1,94,0,0,0,0,195,987,5,118.6,14.95,0,70.89999999999999,32.58,low,OK
TX_007994,STORE_06,retail_park,CHK_010,17,0,0,regular,gift_card,1,7,1,0,86,0,0,2,2,204,1000,2,77.8,0.01,0,47.1,19.4,low,OK
TX_007995,STORE_03,mall,CHK_016,10,5,1,regular,card,0,11,2,0,116,0,0,0,1,195,994,5,114.7,3.49,0,71.94999999999999,33.16,low,OK
TX_007996,STORE_01,city,CHK_017,21,0,0,professional,card,1,1,0,1,71,0,2,0,0,202,987,4,73.4,2.92,0,45.300000000000004,18.41,low,OK
TX_007997,STORE_03,mall,CHK_031,21,5,1,regular,card,1,8,0,1,111,0,0,0,1,194,994,4,111.5,8.29,0,68.55,31.28,low,OK
TX_007998,STORE_08,hyper,CHK_006,19,4,0,regular,card,1,10,1,0,105,0,0,0,3,223,982,2,109.1,0.54,0,64.55,29.06,low,OK
TX_007999,STORE_08,hyper,CHK_005,18,0,0,new,card,0,10,0,0,135,0,1,0,3,205,982,1,132.2,8.94,0,72.1,33.24,low,OK
TX_008000,STORE_03,mall,CHK_023,11,3,0,regular,mobile,0,10,1,0,81,0,0,1,1,188,994,3,93.4,0.0,0,56.7,24.72,low,OK
